customer_id,cashier_id,type,time,day,price,payment_type
CUST000001,4,Books Stationery,04 07,Friday,1720.99,UPI
CUST000002,6,Sports Fitness,01 00,Wednesday,7867.36,UPI
CUST000003,2,Healthcare,05 22,Sunday,4789.20,CASH
CUST000004,1,Healthcare,07 42,Wednesday,712.77,CARD
CUST000005,6,Beauty Personal Care,18 52,Thursday,1051.63,CASH
CUST000006,2,Beauty Personal Care,07 50,Friday,1230.07,UPI
CUST000007,2,Home Kitchen,04 44,Monday,4665.83,CASH
CUST000008,2,Electronics,18 59,Thursday,27177.09,UPI
CUST000009,2,Toys Games,11 26,Monday,1684.81,CASH
CUST000010,6,Electronics,20 19,Thursday,15479.73,CARD
CUST000011,3,Sports Fitness,00 09,Thursday,1179.90,CASH
CUST000012,3,Sports Fitness,08 59,Tuesday,5094.28,UPI
CUST000013,6,Sports Fitness,15 49,Friday,11803.26,CASH
CUST000014,1,Home Kitchen,05 18,Friday,7885.29,UPI
CUST000015,2,Sports Fitness,19 57,Thursday,13001.83,CASH
CUST000016,3,Home Kitchen,16 58,Wednesday,2143.22,UPI
CUST000017,6,Fashion,14 33,Sunday,3417.26,CASH
CUST000018,2,Home Kitchen,15 45,Monday,6135.38,UPI
CUST000019,6,Books Stationery,04 57,Wednesday,335.04,UPI
CUST000020,2,Home Kitchen,09 02,Saturday,5187.94,CASH
CUST000021,4,Grocery,16 40,Thursday,317.44,CASH
CUST000022,5,Books Stationery,07 08,Wednesday,1096.54,CASH
CUST000023,6,Toys Games,07 57,Friday,701.28,CARD
CUST000024,1,Toys Games,16 32,Tuesday,4506.02,CASH
CUST000025,1,Books Stationery,16 52,Tuesday,1669.18,CARD
CUST000026,1,Beauty Personal Care,15 26,Monday,1753.01,CASH
CUST000027,2,Home Kitchen,20 59,Saturday,9559.08,CARD
CUST000028,2,Books Stationery,13 50,Thursday,1883.97,CASH
CUST000029,3,Home Kitchen,23 49,Friday,5459.40,CARD
CUST000030,4,Electronics,04 05,Friday,6934.76,UPI
CUST000031,3,Grocery,09 19,Wednesday,2987.93,CASH
CUST000032,3,Fashion,13 23,Monday,3480.61,CASH
CUST000033,6,Books Stationery,12 37,Sunday,1198.77,CASH
CUST000034,5,Healthcare,21 48,Wednesday,4283.52,CASH
CUST000035,3,Food,04 12,Tuesday,167.90,CARD
CUST000036,2,Electronics,12 34,Sunday,46756.32,CASH
CUST000037,2,Food,02 24,Sunday,566.76,CASH
CUST000038,2,Books Stationery,06 05,Thursday,1066.09,UPI
CUST000039,1,Toys Games,03 18,Thursday,2463.21,CARD
CUST000040,3,Sports Fitness,03 26,Thursday,10155.71,UPI
CUST000041,5,Beauty Personal Care,00 31,Thursday,1267.35,CARD
CUST000042,3,Healthcare,09 16,Wednesday,3276.37,CARD
CUST000043,2,Beauty Personal Care,07 54,Saturday,2160.95,UPI
CUST000044,3,Food,20 32,Tuesday,230.11,UPI
CUST000045,5,Beauty Personal Care,22 50,Wednesday,2791.84,UPI
CUST000046,5,Beauty Personal Care,23 41,Monday,255.91,CARD
CUST000047,6,Sports Fitness,19 31,Tuesday,8572.73,CASH
CUST000048,4,Toys Games,06 25,Friday,1699.84,UPI
CUST000049,2,Healthcare,18 10,Thursday,2370.77,UPI
CUST000050,3,Toys Games,19 30,Monday,1694.97,CARD
CUST000051,2,Home Kitchen,00 04,Wednesday,1254.67,CASH
CUST000052,3,Toys Games,09 39,Monday,4964.71,UPI
CUST000053,3,Healthcare,06 14,Monday,3535.95,CASH
CUST000054,4,Food,12 23,Friday,135.25,UPI
CUST000055,6,Fashion,07 28,Friday,2098.85,UPI
CUST000056,4,Beauty Personal Care,14 47,Tuesday,788.05,CASH
CUST000057,1,Food,08 40,Thursday,771.55,CARD
CUST000058,5,Healthcare,06 26,Sunday,1196.32,CARD
CUST000059,2,Food,16 02,Monday,349.58,UPI
CUST000060,6,Beauty Personal Care,03 18,Tuesday,1482.70,UPI
CUST000061,4,Home Kitchen,16 55,Friday,8588.37,UPI
CUST000062,6,Sports Fitness,19 36,Saturday,8405.49,UPI
CUST000063,5,Sports Fitness,15 27,Tuesday,6216.07,CASH
CUST000064,4,Toys Games,05 39,Sunday,4238.34,UPI
CUST000065,3,Food,19 11,Thursday,355.91,CARD
CUST000066,6,Books Stationery,21 26,Tuesday,1263.43,CASH
CUST000067,6,Books Stationery,20 29,Wednesday,137.37,CASH
CUST000068,2,Beauty Personal Care,01 11,Sunday,1341.44,CASH
CUST000069,1,Home Kitchen,03 00,Sunday,9524.71,UPI
CUST000070,4,Grocery,10 41,Thursday,557.72,CARD
CUST000071,6,Beauty Personal Care,10 23,Tuesday,2024.13,CASH
CUST000072,3,Food,21 09,Sunday,609.58,CASH
CUST000073,4,Food,20 18,Tuesday,136.40,CARD
CUST000074,6,Food,22 21,Tuesday,654.96,UPI
CUST000075,6,Healthcare,20 13,Monday,3683.14,CASH
CUST000076,2,Toys Games,03 54,Thursday,2976.09,CASH
CUST000077,1,Books Stationery,21 44,Friday,196.11,CARD
CUST000078,6,Fashion,13 51,Saturday,711.70,CASH
CUST000079,2,Grocery,00 40,Wednesday,2029.42,UPI
CUST000080,5,Beauty Personal Care,16 56,Wednesday,1914.52,CARD
CUST000081,2,Grocery,22 08,Monday,183.13,CARD
CUST000082,4,Sports Fitness,00 22,Tuesday,1792.95,UPI
CUST000083,4,Beauty Personal Care,02 43,Sunday,2171.43,CARD
CUST000084,6,Home Kitchen,17 29,Wednesday,436.99,CASH
CUST000085,2,Home Kitchen,13 03,Monday,3679.11,UPI
CUST000086,4,Fashion,07 24,Tuesday,3503.45,CASH
CUST000087,5,Beauty Personal Care,10 51,Tuesday,2537.60,CARD
CUST000088,2,Home Kitchen,20 42,Tuesday,3983.82,UPI
CUST000089,1,Fashion,13 51,Sunday,4258.35,UPI
CUST000090,1,Beauty Personal Care,02 00,Friday,2043.75,CASH
CUST000091,6,Electronics,01 57,Tuesday,30734.04,UPI
CUST000092,5,Food,03 57,Saturday,472.41,CARD
CUST000093,6,Sports Fitness,08 06,Monday,7882.77,UPI
CUST000094,1,Fashion,20 56,Saturday,2438.15,CARD
CUST000095,2,Toys Games,03 25,Tuesday,3486.74,CARD
CUST000096,4,Sports Fitness,01 30,Saturday,6778.40,CASH
CUST000097,2,Sports Fitness,22 41,Tuesday,10932.04,CARD
CUST000098,3,Home Kitchen,23 27,Sunday,7728.31,CARD
CUST000099,1,Fashion,22 37,Friday,1815.60,CARD
CUST000100,3,Electronics,03 47,Sunday,42242.81,UPI
CUST000101,1,Grocery,02 21,Thursday,1886.57,UPI
CUST000102,6,Grocery,14 50,Thursday,2263.00,CASH
CUST000103,3,Books Stationery,14 36,Saturday,1497.86,UPI
CUST000104,2,Fashion,20 28,Saturday,2830.90,UPI
CUST000105,6,Books Stationery,11 23,Wednesday,239.75,UPI
CUST000106,6,Toys Games,02 41,Saturday,2376.30,CARD
CUST000107,3,Fashion,16 48,Sunday,897.82,UPI
CUST000108,3,Beauty Personal Care,07 53,Saturday,2955.92,CASH
CUST000109,6,Fashion,05 11,Monday,4696.06,CARD
CUST000110,6,Sports Fitness,05 39,Saturday,10026.61,UPI
CUST000111,1,Electronics,02 21,Friday,11382.58,CASH
CUST000112,1,Electronics,00 58,Saturday,11955.09,UPI
CUST000113,5,Grocery,18 55,Wednesday,1823.58,CASH
CUST000114,6,Healthcare,23 44,Thursday,412.65,UPI
CUST000115,1,Electronics,14 02,Thursday,6198.72,CARD
CUST000116,1,Food,22 00,Saturday,558.61,CASH
CUST000117,4,Fashion,06 11,Sunday,1120.94,CARD
CUST000118,2,Books Stationery,13 36,Saturday,487.85,UPI
CUST000119,1,Food,21 59,Wednesday,217.49,CARD
CUST000120,6,Beauty Personal Care,15 53,Sunday,1202.65,CASH
CUST000121,6,Grocery,06 41,Wednesday,1469.13,UPI
CUST000122,5,Food,20 33,Tuesday,54.38,CARD
CUST000123,2,Beauty Personal Care,19 47,Monday,792.64,CASH
CUST000124,3,Fashion,14 15,Sunday,4583.29,UPI
CUST000125,2,Healthcare,20 21,Sunday,1662.28,UPI
CUST000126,4,Electronics,03 01,Wednesday,32838.80,UPI
CUST000127,5,Books Stationery,00 41,Thursday,1274.36,CARD
CUST000128,6,Electronics,09 06,Tuesday,41876.98,UPI
CUST000129,3,Home Kitchen,16 47,Wednesday,1186.34,CASH
CUST000130,1,Electronics,03 04,Friday,19480.22,UPI
CUST000131,6,Beauty Personal Care,03 48,Sunday,552.55,CARD
CUST000132,5,Home Kitchen,17 08,Wednesday,9248.08,CARD
CUST000133,4,Home Kitchen,21 16,Wednesday,4510.18,CASH
CUST000134,3,Fashion,00 47,Friday,2144.62,CASH
CUST000135,3,Home Kitchen,21 09,Monday,1028.01,CARD
CUST000136,4,Electronics,12 19,Monday,28362.10,CASH
CUST000137,3,Books Stationery,07 40,Monday,1989.86,CARD
CUST000138,1,Fashion,02 54,Friday,1300.09,CASH
CUST000139,1,Home Kitchen,04 31,Friday,4925.88,CASH
CUST000140,4,Grocery,07 22,Sunday,2648.10,UPI
CUST000141,4,Food,05 04,Saturday,445.03,CARD
CUST000142,1,Grocery,12 11,Wednesday,2423.87,CARD
CUST000143,3,Sports Fitness,13 40,Monday,4986.51,UPI
CUST000144,4,Grocery,18 16,Sunday,572.52,UPI
CUST000145,6,Electronics,04 39,Wednesday,27268.90,CASH
CUST000146,5,Fashion,05 45,Thursday,906.12,CASH
CUST000147,5,Sports Fitness,18 14,Thursday,5996.54,UPI
CUST000148,4,Fashion,12 02,Wednesday,2303.22,UPI
CUST000149,6,Grocery,23 45,Tuesday,625.80,CASH
CUST000150,6,Beauty Personal Care,14 28,Wednesday,1440.37,UPI
CUST000151,4,Food,13 37,Thursday,273.86,CARD
CUST000152,4,Toys Games,08 09,Thursday,819.28,CASH
CUST000153,6,Beauty Personal Care,00 01,Thursday,2847.83,CASH
CUST000154,4,Home Kitchen,20 29,Sunday,4104.94,CASH
CUST000155,1,Grocery,17 00,Friday,1058.88,CARD
CUST000156,4,Grocery,11 29,Friday,251.14,CASH
CUST000157,1,Healthcare,03 12,Thursday,4197.07,CASH
CUST000158,5,Healthcare,18 41,Friday,3680.54,CASH
CUST000159,2,Sports Fitness,20 16,Wednesday,5970.81,UPI
CUST000160,3,Fashion,07 31,Saturday,3628.18,CASH
CUST000161,6,Fashion,17 48,Wednesday,4636.28,CASH
CUST000162,4,Home Kitchen,08 24,Friday,5302.34,CARD
CUST000163,2,Toys Games,20 42,Sunday,3544.82,UPI
CUST000164,6,Sports Fitness,04 22,Tuesday,6231.88,UPI
CUST000165,6,Books Stationery,16 44,Sunday,668.60,CARD
CUST000166,6,Healthcare,23 52,Monday,3905.59,CARD
CUST000167,6,Fashion,15 29,Thursday,1935.00,UPI
CUST000168,5,Fashion,08 03,Monday,2163.95,UPI
CUST000169,5,Grocery,14 00,Saturday,505.68,UPI
CUST000170,5,Home Kitchen,07 12,Tuesday,6896.03,CASH
CUST000171,4,Food,19 28,Saturday,328.64,CASH
CUST000172,1,Beauty Personal Care,10 12,Sunday,1779.99,UPI
CUST000173,2,Healthcare,23 16,Tuesday,1538.61,CASH
CUST000174,2,Toys Games,03 29,Thursday,4347.62,UPI
CUST000175,4,Home Kitchen,23 12,Sunday,7732.49,CASH
CUST000176,2,Books Stationery,23 52,Friday,900.72,UPI
CUST000177,4,Sports Fitness,16 26,Tuesday,4051.14,CARD
CUST000178,6,Fashion,12 46,Sunday,1977.67,CARD
CUST000179,6,Toys Games,06 19,Thursday,3856.67,CARD
CUST000180,5,Grocery,07 27,Monday,2215.88,CARD
CUST000181,5,Home Kitchen,15 17,Monday,1070.47,UPI
CUST000182,1,Healthcare,20 50,Friday,1891.68,CARD
CUST000183,4,Toys Games,06 59,Wednesday,563.76,CARD
CUST000184,6,Fashion,03 32,Friday,4278.64,UPI
CUST000185,2,Grocery,18 00,Saturday,2541.88,CARD
CUST000186,2,Fashion,02 31,Sunday,3823.82,CASH
CUST000187,1,Fashion,07 42,Thursday,4397.65,CASH
CUST000188,4,Home Kitchen,20 42,Wednesday,1368.66,CASH
CUST000189,2,Food,20 57,Monday,303.60,CARD
CUST000190,3,Toys Games,05 25,Sunday,4004.21,UPI
CUST000191,2,Toys Games,20 23,Friday,3236.42,UPI
CUST000192,3,Home Kitchen,23 41,Thursday,2440.51,CARD
CUST000193,5,Electronics,08 16,Tuesday,45187.47,UPI
CUST000194,4,Electronics,12 18,Sunday,39980.33,UPI
CUST000195,2,Beauty Personal Care,19 09,Friday,1535.22,UPI
CUST000196,6,Books Stationery,19 31,Friday,1965.74,UPI
CUST000197,2,Home Kitchen,03 57,Thursday,8241.50,CASH
CUST000198,4,Toys Games,02 22,Friday,3705.57,CARD
CUST000199,2,Beauty Personal Care,18 19,Thursday,2332.84,CARD
CUST000200,4,Toys Games,08 44,Wednesday,1243.41,UPI
CUST000201,4,Toys Games,23 38,Thursday,373.64,CARD
CUST000202,5,Electronics,14 48,Friday,35411.80,CARD
CUST000203,2,Books Stationery,15 37,Sunday,1847.62,CASH
CUST000204,6,Electronics,04 07,Wednesday,21302.85,CASH
CUST000205,6,Food,14 07,Friday,295.75,CARD
CUST000206,6,Electronics,15 59,Monday,37926.32,UPI
CUST000207,1,Books Stationery,08 14,Monday,594.80,CARD
CUST000208,6,Books Stationery,23 50,Monday,1683.22,UPI
CUST000209,4,Toys Games,14 34,Sunday,4959.91,CARD
CUST000210,3,Grocery,16 03,Saturday,2988.92,CASH
CUST000211,2,Beauty Personal Care,13 30,Wednesday,351.80,CASH
CUST000212,2,Beauty Personal Care,08 47,Tuesday,1321.01,CARD
CUST000213,6,Fashion,04 33,Sunday,2511.76,CASH
CUST000214,4,Grocery,13 03,Sunday,2417.91,UPI
CUST000215,4,Books Stationery,03 05,Saturday,1118.78,UPI
CUST000216,5,Healthcare,15 50,Sunday,4086.60,UPI
CUST000217,1,Beauty Personal Care,19 32,Sunday,851.05,CARD
CUST000218,2,Food,05 32,Saturday,691.52,CARD
CUST000219,4,Healthcare,14 08,Friday,4403.60,CARD
CUST000220,6,Grocery,01 44,Monday,1848.58,CASH
CUST000221,2,Toys Games,11 06,Monday,3585.38,UPI
CUST000222,4,Food,00 04,Thursday,636.81,CASH
CUST000223,6,Food,17 41,Wednesday,532.24,CARD
CUST000224,3,Healthcare,23 54,Thursday,433.62,CASH
CUST000225,1,Grocery,05 32,Saturday,1186.86,UPI
CUST000226,6,Home Kitchen,23 14,Thursday,9411.91,CARD
CUST000227,5,Healthcare,11 29,Saturday,4600.10,CASH
CUST000228,6,Books Stationery,12 28,Tuesday,250.67,UPI
CUST000229,2,Fashion,12 12,Wednesday,2318.29,UPI
CUST000230,2,Healthcare,06 41,Friday,1352.49,UPI
CUST000231,6,Beauty Personal Care,22 13,Wednesday,780.30,CARD
CUST000232,3,Electronics,17 50,Monday,23520.00,CASH
CUST000233,3,Electronics,23 14,Monday,4322.87,CARD
CUST000234,2,Food,09 19,Saturday,424.08,UPI
CUST000235,1,Toys Games,06 32,Thursday,4028.15,UPI
CUST000236,1,Beauty Personal Care,21 03,Friday,1285.93,CARD
CUST000237,6,Fashion,02 09,Saturday,4024.92,UPI
CUST000238,3,Electronics,15 37,Thursday,49107.09,CARD
CUST000239,2,Electronics,23 39,Sunday,26700.85,UPI
CUST000240,2,Grocery,06 23,Tuesday,1668.18,CARD
CUST000241,3,Fashion,06 54,Sunday,2452.56,UPI
CUST000242,1,Healthcare,14 45,Tuesday,569.64,CASH
CUST000243,2,Sports Fitness,20 11,Thursday,7394.53,CARD
CUST000244,2,Food,05 18,Wednesday,388.86,UPI
CUST000245,4,Healthcare,16 55,Thursday,4304.82,CARD
CUST000246,6,Toys Games,20 17,Saturday,4762.93,CASH
CUST000247,3,Food,01 57,Tuesday,199.67,UPI
CUST000248,1,Electronics,21 28,Monday,46282.86,UPI
CUST000249,5,Beauty Personal Care,11 26,Saturday,653.34,CARD
CUST000250,2,Home Kitchen,10 30,Wednesday,9648.17,CASH
CUST000251,1,Healthcare,06 43,Friday,2739.97,CASH
CUST000252,6,Books Stationery,16 29,Wednesday,1777.15,CASH
CUST000253,4,Home Kitchen,11 19,Wednesday,2362.00,CARD
CUST000254,4,Grocery,09 41,Saturday,2396.85,CARD
CUST000255,3,Food,03 57,Saturday,117.70,CASH
CUST000256,4,Healthcare,06 26,Sunday,2259.69,CARD
CUST000257,4,Home Kitchen,23 37,Sunday,1520.76,UPI
CUST000258,1,Beauty Personal Care,19 25,Thursday,449.27,CARD
CUST000259,3,Toys Games,09 08,Saturday,3178.28,UPI
CUST000260,5,Sports Fitness,01 55,Monday,12552.00,UPI
CUST000261,3,Grocery,06 31,Friday,2532.46,CARD
CUST000262,3,Fashion,09 16,Saturday,1837.73,CASH
CUST000263,4,Books Stationery,03 39,Sunday,776.63,UPI
CUST000264,1,Toys Games,13 44,Saturday,3092.78,UPI
CUST000265,3,Fashion,20 24,Tuesday,835.70,CASH
CUST000266,6,Books Stationery,12 39,Wednesday,1406.87,CASH
CUST000267,1,Grocery,02 48,Saturday,2752.51,CASH
CUST000268,4,Fashion,01 55,Saturday,4099.39,UPI
CUST000269,5,Beauty Personal Care,15 43,Tuesday,1737.30,CARD
CUST000270,1,Healthcare,08 07,Monday,3931.19,CASH
CUST000271,3,Books Stationery,07 05,Thursday,1101.98,CASH
CUST000272,4,Books Stationery,22 58,Saturday,1565.71,CASH
CUST000273,2,Home Kitchen,01 49,Friday,6065.35,CASH
CUST000274,3,Sports Fitness,12 17,Sunday,5663.83,UPI
CUST000275,4,Sports Fitness,04 31,Monday,12734.61,CASH
CUST000276,2,Toys Games,11 15,Wednesday,3285.09,CARD
CUST000277,6,Electronics,17 09,Monday,46245.77,CARD
CUST000278,3,Food,01 43,Sunday,327.81,CASH
CUST000279,2,Toys Games,06 34,Friday,1060.28,CASH
CUST000280,5,Food,04 04,Saturday,98.63,CASH
CUST000281,1,Toys Games,23 22,Saturday,4050.24,CASH
CUST000282,4,Fashion,03 10,Sunday,3884.85,UPI
CUST000283,2,Food,20 22,Friday,242.53,UPI
CUST000284,2,Books Stationery,08 20,Wednesday,1625.44,CARD
CUST000285,4,Healthcare,13 49,Thursday,3555.08,UPI
CUST000286,4,Food,00 04,Friday,110.00,CARD
CUST000287,5,Fashion,07 36,Tuesday,1589.04,CARD
CUST000288,2,Books Stationery,21 18,Thursday,307.90,UPI
CUST000289,3,Sports Fitness,11 33,Sunday,9916.25,CASH
CUST000290,6,Food,05 50,Saturday,397.24,CARD
CUST000291,6,Fashion,06 55,Thursday,1245.99,CASH
CUST000292,2,Healthcare,01 05,Wednesday,2914.12,CASH
CUST000293,6,Books Stationery,23 37,Thursday,797.29,CARD
CUST000294,3,Books Stationery,17 19,Wednesday,916.51,UPI
CUST000295,2,Fashion,14 37,Sunday,3137.52,UPI
CUST000296,3,Grocery,21 56,Tuesday,2207.84,CASH
CUST000297,3,Toys Games,18 10,Wednesday,2367.20,UPI
CUST000298,1,Sports Fitness,18 39,Wednesday,12323.24,CARD
CUST000299,1,Fashion,01 27,Wednesday,4523.14,UPI
CUST000300,3,Beauty Personal Care,16 03,Tuesday,958.70,CASH
CUST000301,6,Beauty Personal Care,03 50,Monday,1442.67,UPI
CUST000302,2,Food,20 48,Friday,320.80,CARD
CUST000303,6,Toys Games,22 16,Tuesday,4757.92,UPI
CUST000304,1,Toys Games,19 29,Saturday,1401.50,CASH
CUST000305,6,Sports Fitness,07 37,Tuesday,1566.88,CASH
CUST000306,3,Healthcare,01 39,Saturday,4879.90,CASH
CUST000307,1,Healthcare,19 19,Friday,3190.60,UPI
CUST000308,2,Electronics,14 12,Sunday,12150.79,CASH
CUST000309,2,Grocery,14 55,Tuesday,992.90,CASH
CUST000310,2,Sports Fitness,23 53,Friday,4118.86,CARD
CUST000311,3,Home Kitchen,15 50,Friday,3026.79,UPI
CUST000312,2,Home Kitchen,11 36,Friday,9896.01,UPI
CUST000313,6,Home Kitchen,00 42,Wednesday,2628.23,CASH
CUST000314,4,Home Kitchen,18 55,Tuesday,8079.01,CARD
CUST000315,6,Home Kitchen,23 59,Friday,3581.15,CARD
CUST000316,1,Books Stationery,17 53,Sunday,680.84,CARD
CUST000317,2,Sports Fitness,20 15,Saturday,12699.30,CARD
CUST000318,1,Books Stationery,04 19,Friday,889.54,CARD
CUST000319,3,Electronics,20 38,Wednesday,35461.11,UPI
CUST000320,6,Beauty Personal Care,22 54,Friday,1107.77,CARD
CUST000321,4,Toys Games,06 49,Tuesday,1214.71,CARD
CUST000322,5,Fashion,09 57,Saturday,3073.54,UPI
CUST000323,6,Food,04 06,Tuesday,287.24,CARD
CUST000324,6,Beauty Personal Care,03 55,Saturday,2197.25,CARD
CUST000325,2,Beauty Personal Care,15 06,Friday,2530.11,CASH
CUST000326,3,Beauty Personal Care,20 29,Wednesday,2673.46,CASH
CUST000327,1,Electronics,05 03,Tuesday,8616.95,CARD
CUST000328,1,Grocery,22 12,Tuesday,1665.53,CARD
CUST000329,1,Sports Fitness,06 09,Wednesday,7169.06,UPI
CUST000330,1,Home Kitchen,17 38,Thursday,8676.90,UPI
CUST000331,6,Toys Games,10 57,Sunday,3053.86,CASH
CUST000332,1,Books Stationery,18 00,Thursday,1462.63,CARD
CUST000333,5,Books Stationery,22 17,Monday,630.78,CASH
CUST000334,2,Home Kitchen,04 35,Sunday,5616.68,UPI
CUST000335,6,Healthcare,01 33,Saturday,3487.86,UPI
CUST000336,5,Healthcare,16 25,Monday,882.46,CARD
CUST000337,4,Home Kitchen,13 36,Tuesday,4271.47,UPI
CUST000338,5,Electronics,17 21,Saturday,47214.59,UPI
CUST000339,6,Sports Fitness,02 23,Monday,11722.82,UPI
CUST000340,6,Home Kitchen,18 41,Saturday,442.60,CASH
CUST000341,1,Toys Games,21 12,Thursday,4524.61,CASH
CUST000342,6,Healthcare,03 53,Thursday,3049.87,CARD
CUST000343,2,Fashion,19 08,Thursday,1160.20,CASH
CUST000344,5,Healthcare,14 11,Wednesday,3101.25,CASH
CUST000345,6,Home Kitchen,12 22,Wednesday,7663.04,CARD
CUST000346,6,Grocery,05 27,Wednesday,2782.73,UPI
CUST000347,6,Beauty Personal Care,04 22,Sunday,2608.43,UPI
CUST000348,5,Food,16 41,Monday,353.54,CARD
CUST000349,3,Grocery,13 58,Thursday,470.57,UPI
CUST000350,4,Home Kitchen,08 16,Wednesday,9821.45,CARD
CUST000351,1,Food,03 34,Wednesday,368.91,UPI
CUST000352,5,Food,10 04,Tuesday,440.19,CASH
CUST000353,3,Toys Games,11 35,Wednesday,2698.76,CASH
CUST000354,1,Electronics,10 15,Friday,16019.81,CASH
CUST000355,5,Books Stationery,13 15,Friday,298.69,CARD
CUST000356,4,Sports Fitness,16 39,Thursday,2563.19,UPI
CUST000357,3,Home Kitchen,23 34,Monday,9891.36,UPI
CUST000358,2,Grocery,03 46,Saturday,979.08,CARD
CUST000359,2,Food,04 57,Thursday,251.99,UPI
CUST000360,5,Books Stationery,05 11,Friday,1842.12,CASH
CUST000361,3,Fashion,07 11,Wednesday,3585.91,UPI
CUST000362,5,Home Kitchen,21 24,Thursday,7176.44,UPI
CUST000363,6,Beauty Personal Care,18 55,Monday,1533.36,CARD
CUST000364,6,Grocery,16 17,Friday,806.78,CARD
CUST000365,4,Sports Fitness,14 03,Thursday,914.95,CASH
CUST000366,4,Food,09 32,Monday,637.57,CASH
CUST000367,4,Books Stationery,12 55,Wednesday,292.78,CARD
CUST000368,3,Fashion,00 08,Monday,2561.84,CASH
CUST000369,3,Grocery,19 58,Thursday,652.57,CARD
CUST000370,2,Healthcare,03 40,Wednesday,1282.55,UPI
CUST000371,1,Home Kitchen,03 27,Wednesday,1340.11,CASH
CUST000372,5,Home Kitchen,18 10,Tuesday,7284.48,UPI
CUST000373,4,Beauty Personal Care,12 44,Thursday,1427.96,CASH
CUST000374,3,Beauty Personal Care,03 21,Thursday,1573.04,CARD
CUST000375,4,Beauty Personal Care,04 37,Saturday,2236.67,CASH
CUST000376,6,Fashion,05 41,Wednesday,1852.33,CARD
CUST000377,3,Beauty Personal Care,11 50,Thursday,2672.52,CASH
CUST000378,6,Fashion,00 49,Monday,825.59,CARD
CUST000379,1,Food,13 29,Monday,263.09,CARD
CUST000380,4,Sports Fitness,03 29,Saturday,14231.40,UPI
CUST000381,1,Home Kitchen,06 07,Sunday,2914.81,CASH
CUST000382,4,Electronics,19 07,Thursday,23828.18,UPI
CUST000383,2,Healthcare,18 18,Wednesday,166.50,CARD
CUST000384,5,Healthcare,00 43,Saturday,1081.14,CASH
CUST000385,2,Toys Games,10 55,Wednesday,1483.78,CASH
CUST000386,3,Sports Fitness,10 18,Tuesday,6985.77,UPI
CUST000387,2,Healthcare,02 31,Monday,1147.09,CASH
CUST000388,6,Beauty Personal Care,20 05,Saturday,1826.12,CARD
CUST000389,6,Fashion,15 57,Thursday,4591.26,CARD
CUST000390,2,Sports Fitness,18 36,Thursday,9706.94,UPI
CUST000391,2,Beauty Personal Care,22 06,Saturday,2144.12,CASH
CUST000392,1,Fashion,00 48,Wednesday,1935.03,CARD
CUST000393,4,Healthcare,14 53,Saturday,4987.93,CASH
CUST000394,4,Grocery,10 32,Sunday,2799.44,CARD
CUST000395,5,Food,12 57,Friday,102.34,UPI
CUST000396,3,Food,09 19,Sunday,167.68,UPI
CUST000397,3,Toys Games,03 18,Monday,2043.85,CARD
CUST000398,6,Sports Fitness,11 39,Wednesday,11930.46,UPI
CUST000399,6,Fashion,08 41,Wednesday,3172.44,UPI
CUST000400,6,Books Stationery,09 57,Friday,792.98,UPI
CUST000401,6,Grocery,06 38,Saturday,2591.67,CARD
CUST000402,3,Books Stationery,08 36,Monday,996.39,CASH
CUST000403,4,Grocery,05 20,Friday,460.76,UPI
CUST000404,3,Fashion,22 02,Sunday,2225.84,CASH
CUST000405,5,Sports Fitness,16 50,Wednesday,11472.79,CASH
CUST000406,3,Toys Games,18 08,Wednesday,2856.44,CASH
CUST000407,2,Books Stationery,11 10,Thursday,157.08,UPI
CUST000408,4,Fashion,09 06,Monday,4507.68,UPI
CUST000409,3,Electronics,10 33,Friday,26977.45,CASH
CUST000410,1,Grocery,16 18,Saturday,489.38,UPI
CUST000411,5,Beauty Personal Care,16 28,Thursday,372.01,CARD
CUST000412,4,Fashion,16 36,Tuesday,2576.69,CARD
CUST000413,2,Books Stationery,05 51,Monday,1414.47,CASH
CUST000414,2,Sports Fitness,16 54,Friday,13524.10,UPI
CUST000415,5,Sports Fitness,10 35,Friday,5296.84,UPI
CUST000416,2,Fashion,06 13,Sunday,4746.68,CARD
CUST000417,5,Home Kitchen,13 01,Wednesday,1766.84,CARD
CUST000418,2,Food,21 49,Monday,660.21,CASH
CUST000419,6,Sports Fitness,23 26,Sunday,2210.80,CARD
CUST000420,4,Sports Fitness,14 34,Thursday,4451.29,CASH
CUST000421,5,Fashion,04 11,Thursday,1751.61,CASH
CUST000422,3,Electronics,07 48,Tuesday,38113.94,UPI
CUST000423,2,Beauty Personal Care,04 16,Thursday,1736.32,CARD
CUST000424,5,Sports Fitness,09 47,Thursday,6178.13,UPI
CUST000425,5,Sports Fitness,21 23,Sunday,6975.94,UPI
CUST000426,2,Electronics,20 27,Thursday,19391.33,CARD
CUST000427,3,Books Stationery,20 38,Wednesday,1251.66,CARD
CUST000428,1,Healthcare,16 42,Wednesday,2247.79,CARD
CUST000429,4,Grocery,16 01,Sunday,554.81,CASH
CUST000430,5,Sports Fitness,14 06,Wednesday,14803.69,CASH
CUST000431,3,Home Kitchen,12 19,Wednesday,9021.12,CASH
CUST000432,1,Toys Games,17 25,Saturday,2970.15,UPI
CUST000433,3,Home Kitchen,07 03,Tuesday,3513.11,CASH
CUST000434,6,Toys Games,07 36,Thursday,4037.80,CARD
CUST000435,2,Home Kitchen,07 50,Tuesday,1089.41,CARD
CUST000436,3,Grocery,11 16,Tuesday,185.21,CARD
CUST000437,6,Home Kitchen,21 34,Sunday,7371.53,UPI
CUST000438,2,Beauty Personal Care,22 35,Friday,729.84,UPI
CUST000439,4,Sports Fitness,20 11,Thursday,11518.04,CARD
CUST000440,6,Toys Games,12 04,Tuesday,4732.65,UPI
CUST000441,2,Home Kitchen,23 12,Sunday,1148.56,CASH
CUST000442,1,Home Kitchen,17 08,Friday,6824.82,CASH
CUST000443,3,Electronics,11 25,Friday,11158.98,CASH
CUST000444,2,Food,23 23,Friday,421.78,CARD
CUST000445,2,Books Stationery,00 37,Thursday,1327.63,CASH
CUST000446,5,Sports Fitness,03 01,Saturday,10705.65,CARD
CUST000447,6,Fashion,01 06,Friday,4444.93,CASH
CUST000448,2,Books Stationery,19 55,Monday,1476.90,CARD
CUST000449,2,Books Stationery,08 15,Thursday,175.41,UPI
CUST000450,3,Books Stationery,04 24,Tuesday,312.00,CASH
CUST000451,6,Grocery,21 31,Friday,848.08,CASH
CUST000452,4,Sports Fitness,00 28,Saturday,12415.76,CASH
CUST000453,3,Sports Fitness,22 00,Tuesday,6020.50,UPI
CUST000454,4,Beauty Personal Care,19 09,Monday,403.75,CASH
CUST000455,6,Beauty Personal Care,11 05,Wednesday,1024.13,CARD
CUST000456,1,Grocery,12 47,Friday,1479.23,CARD
CUST000457,1,Sports Fitness,00 58,Wednesday,12482.62,CARD
CUST000458,2,Food,14 20,Wednesday,90.79,CARD
CUST000459,1,Sports Fitness,09 31,Saturday,9191.19,CARD
CUST000460,1,Home Kitchen,15 13,Sunday,7865.85,UPI
CUST000461,2,Fashion,04 13,Tuesday,4837.51,CARD
CUST000462,4,Sports Fitness,19 03,Monday,1628.97,UPI
CUST000463,6,Healthcare,03 11,Friday,815.25,UPI
CUST000464,6,Food,22 26,Tuesday,191.61,UPI
CUST000465,2,Books Stationery,22 12,Friday,274.43,CASH
CUST000466,6,Electronics,13 58,Saturday,22604.20,CASH
CUST000467,3,Beauty Personal Care,07 12,Friday,1209.60,CASH
CUST000468,5,Beauty Personal Care,15 27,Thursday,2147.75,CASH
CUST000469,3,Electronics,12 19,Friday,34338.81,CASH
CUST000470,5,Grocery,01 05,Monday,1788.21,CASH
CUST000471,5,Electronics,20 57,Tuesday,39448.63,CASH
CUST000472,5,Grocery,23 12,Friday,2217.47,CARD
CUST000473,3,Toys Games,14 17,Saturday,1407.79,UPI
CUST000474,6,Electronics,12 15,Wednesday,25816.40,CARD
CUST000475,5,Food,22 17,Friday,89.55,CASH
CUST000476,1,Food,15 45,Monday,395.09,CARD
CUST000477,4,Fashion,01 58,Friday,4655.92,CASH
CUST000478,5,Electronics,03 23,Saturday,4255.47,CARD
CUST000479,6,Electronics,04 19,Tuesday,42737.71,UPI
CUST000480,3,Food,18 06,Tuesday,579.78,CASH
CUST000481,3,Grocery,13 19,Saturday,226.25,CASH
CUST000482,4,Food,19 39,Thursday,279.75,UPI
CUST000483,6,Home Kitchen,15 32,Saturday,3527.24,CASH
CUST000484,3,Food,10 55,Sunday,548.42,CASH
CUST000485,6,Books Stationery,02 09,Thursday,1772.76,UPI
CUST000486,1,Toys Games,05 42,Thursday,3452.64,CARD
CUST000487,1,Food,19 53,Thursday,337.41,CASH
CUST000488,1,Electronics,17 55,Wednesday,27351.26,CASH
CUST000489,3,Books Stationery,07 00,Friday,1525.30,CARD
CUST000490,3,Grocery,02 55,Sunday,1513.45,UPI
CUST000491,6,Toys Games,16 29,Thursday,1168.87,CARD
CUST000492,1,Electronics,23 19,Tuesday,42622.11,CASH
CUST000493,2,Beauty Personal Care,12 58,Friday,2599.12,UPI
CUST000494,4,Home Kitchen,14 06,Thursday,2101.02,CARD
CUST000495,3,Books Stationery,04 17,Thursday,1733.13,UPI
CUST000496,6,Toys Games,20 24,Friday,3458.53,CARD
CUST000497,1,Healthcare,10 11,Thursday,827.62,CARD
CUST000498,4,Sports Fitness,21 37,Friday,2049.78,UPI
CUST000499,3,Toys Games,14 00,Tuesday,3415.17,UPI
CUST000500,3,Toys Games,06 31,Wednesday,4423.19,CASH
CUST000501,1,Healthcare,04 09,Thursday,3796.81,UPI
CUST000502,6,Healthcare,12 56,Sunday,2374.10,UPI
CUST000503,2,Grocery,08 50,Tuesday,448.01,CARD
CUST000504,1,Sports Fitness,20 09,Tuesday,9166.10,CASH
CUST000505,5,Books Stationery,01 14,Thursday,702.02,UPI
CUST000506,3,Home Kitchen,21 55,Saturday,5881.32,UPI
CUST000507,5,Fashion,19 05,Wednesday,4573.13,CARD
CUST000508,1,Grocery,00 02,Saturday,2491.48,CARD
CUST000509,5,Books Stationery,20 47,Thursday,1687.81,UPI
CUST000510,5,Grocery,20 49,Wednesday,1797.29,CASH
CUST000511,6,Sports Fitness,08 52,Wednesday,3292.68,CARD
CUST000512,1,Beauty Personal Care,18 52,Sunday,2686.51,UPI
CUST000513,2,Healthcare,18 39,Sunday,3996.30,UPI
CUST000514,4,Food,00 05,Monday,404.40,UPI
CUST000515,1,Healthcare,15 36,Monday,393.59,UPI
CUST000516,4,Beauty Personal Care,09 49,Tuesday,1051.82,CARD
CUST000517,2,Books Stationery,08 29,Tuesday,734.17,CARD
CUST000518,5,Food,10 10,Thursday,272.38,CARD
CUST000519,1,Toys Games,04 20,Saturday,781.41,CASH
CUST000520,1,Sports Fitness,04 53,Monday,2769.24,CARD
CUST000521,6,Sports Fitness,17 24,Monday,3572.91,CASH
CUST000522,2,Fashion,20 49,Monday,3025.81,CARD
CUST000523,2,Books Stationery,15 13,Monday,667.64,UPI
CUST000524,4,Electronics,01 27,Sunday,30411.39,CASH
CUST000525,6,Home Kitchen,17 56,Monday,8070.43,UPI
CUST000526,1,Food,17 37,Saturday,665.84,CARD
CUST000527,4,Fashion,02 38,Tuesday,3390.94,CASH
CUST000528,2,Electronics,18 11,Saturday,45613.39,CASH
CUST000529,5,Grocery,03 17,Saturday,1884.31,CASH
CUST000530,4,Books Stationery,19 34,Wednesday,697.36,CASH
CUST000531,1,Electronics,03 51,Friday,24923.18,UPI
CUST000532,1,Home Kitchen,11 42,Tuesday,6172.11,CASH
CUST000533,1,Books Stationery,19 53,Thursday,358.78,CARD
CUST000534,6,Toys Games,20 02,Tuesday,2210.67,CARD
CUST000535,6,Electronics,16 18,Saturday,42554.71,CASH
CUST000536,6,Sports Fitness,22 48,Saturday,14603.34,CASH
CUST000537,1,Home Kitchen,23 32,Thursday,9630.66,CARD
CUST000538,1,Grocery,17 13,Wednesday,632.02,CASH
CUST000539,2,Home Kitchen,17 40,Monday,3760.80,CARD
CUST000540,3,Sports Fitness,20 57,Saturday,11362.80,UPI
CUST000541,6,Electronics,22 48,Wednesday,25759.55,CARD
CUST000542,4,Fashion,09 03,Thursday,3359.41,CARD
CUST000543,5,Home Kitchen,07 49,Tuesday,517.84,UPI
CUST000544,3,Home Kitchen,00 55,Sunday,1573.59,UPI
CUST000545,2,Books Stationery,06 35,Monday,1262.58,UPI
CUST000546,3,Sports Fitness,11 57,Monday,4402.09,CASH
CUST000547,5,Electronics,15 25,Sunday,49824.74,CARD
CUST000548,2,Home Kitchen,22 47,Tuesday,2723.47,CASH
CUST000549,3,Electronics,21 47,Sunday,4305.36,CASH
CUST000550,1,Toys Games,20 47,Sunday,1077.79,CASH
CUST000551,3,Toys Games,05 40,Wednesday,4653.39,UPI
CUST000552,5,Healthcare,07 19,Friday,3457.48,UPI
CUST000553,3,Food,14 35,Monday,434.02,CARD
CUST000554,5,Books Stationery,10 47,Saturday,506.95,UPI
CUST000555,6,Fashion,04 48,Tuesday,3247.10,CASH
CUST000556,2,Electronics,19 10,Saturday,34311.97,CARD
CUST000557,4,Home Kitchen,15 16,Monday,9520.06,UPI
CUST000558,1,Fashion,02 57,Monday,1327.27,CASH
CUST000559,6,Electronics,02 50,Monday,21456.06,CASH
CUST000560,2,Beauty Personal Care,22 47,Wednesday,414.43,UPI
CUST000561,4,Sports Fitness,12 15,Friday,6247.02,CASH
CUST000562,2,Toys Games,19 17,Sunday,1108.24,CASH
CUST000563,6,Home Kitchen,19 24,Saturday,6934.09,UPI
CUST000564,2,Toys Games,04 34,Saturday,2637.15,CARD
CUST000565,4,Fashion,10 09,Sunday,2535.92,UPI
CUST000566,3,Food,16 08,Saturday,447.83,CARD
CUST000567,6,Healthcare,00 10,Tuesday,254.97,CASH
CUST000568,5,Home Kitchen,06 04,Thursday,8738.94,CASH
CUST000569,2,Electronics,15 29,Saturday,31085.55,CARD
CUST000570,1,Home Kitchen,07 40,Saturday,7178.86,CARD
CUST000571,3,Grocery,20 49,Tuesday,1125.09,CASH
CUST000572,5,Healthcare,17 27,Wednesday,4714.04,UPI
CUST000573,2,Food,02 27,Monday,338.84,CASH
CUST000574,5,Sports Fitness,11 03,Friday,605.90,CASH
CUST000575,2,Beauty Personal Care,20 27,Tuesday,1995.02,CASH
CUST000576,1,Food,23 45,Sunday,793.94,UPI
CUST000577,4,Grocery,10 23,Wednesday,792.42,UPI
CUST000578,5,Grocery,03 31,Thursday,1276.61,CARD
CUST000579,4,Books Stationery,20 20,Sunday,266.97,CARD
CUST000580,5,Grocery,20 02,Friday,1639.36,CASH
CUST000581,4,Sports Fitness,06 22,Tuesday,4206.48,CASH
CUST000582,3,Electronics,10 17,Friday,44547.92,UPI
CUST000583,2,Food,05 06,Thursday,789.53,CARD
CUST000584,4,Healthcare,17 53,Tuesday,1988.90,UPI
CUST000585,3,Books Stationery,06 21,Sunday,1664.33,UPI
CUST000586,6,Fashion,16 08,Monday,3032.90,UPI
CUST000587,3,Electronics,23 38,Friday,35889.78,CASH
CUST000588,6,Books Stationery,00 45,Wednesday,1192.88,UPI
CUST000589,1,Grocery,01 33,Wednesday,2624.78,CARD
CUST000590,4,Food,12 13,Friday,351.56,CASH
CUST000591,4,Toys Games,22 23,Tuesday,3681.77,CARD
CUST000592,6,Beauty Personal Care,00 59,Wednesday,2273.79,CARD
CUST000593,4,Fashion,18 39,Wednesday,3175.52,UPI
CUST000594,2,Healthcare,19 45,Sunday,3710.10,CARD
CUST000595,2,Home Kitchen,20 30,Saturday,9806.35,UPI
CUST000596,3,Electronics,06 07,Monday,25891.92,UPI
CUST000597,4,Toys Games,13 08,Saturday,4955.32,CARD
CUST000598,5,Beauty Personal Care,19 17,Monday,2276.74,CASH
CUST000599,6,Fashion,21 00,Saturday,2611.50,CARD
CUST000600,1,Books Stationery,11 09,Wednesday,1775.43,CASH
CUST000601,2,Healthcare,23 42,Tuesday,2334.35,UPI
CUST000602,6,Healthcare,16 00,Friday,3847.50,CARD
CUST000603,3,Fashion,00 27,Friday,1350.17,CARD
CUST000604,4,Food,05 47,Wednesday,585.89,CASH
CUST000605,1,Sports Fitness,11 02,Thursday,11706.25,CARD
CUST000606,5,Grocery,05 01,Wednesday,2540.35,UPI
CUST000607,6,Toys Games,22 28,Tuesday,2735.81,UPI
CUST000608,5,Grocery,16 06,Friday,632.69,CASH
CUST000609,3,Beauty Personal Care,18 36,Sunday,951.55,UPI
CUST000610,2,Electronics,02 54,Friday,5234.95,CASH
CUST000611,1,Electronics,10 11,Monday,47824.45,UPI
CUST000612,1,Home Kitchen,02 03,Tuesday,1656.27,UPI
CUST000613,2,Healthcare,01 29,Tuesday,2146.17,CASH
CUST000614,3,Home Kitchen,02 25,Sunday,6283.74,CARD
CUST000615,6,Beauty Personal Care,14 19,Monday,688.75,CARD
CUST000616,6,Books Stationery,09 21,Friday,1876.42,CASH
CUST000617,3,Grocery,17 38,Thursday,512.55,CASH
CUST000618,6,Electronics,05 22,Friday,34266.56,CASH
CUST000619,4,Electronics,01 57,Sunday,23730.04,CARD
CUST000620,2,Grocery,03 45,Saturday,665.02,CARD
CUST000621,3,Sports Fitness,08 05,Monday,10620.31,UPI
CUST000622,2,Food,13 38,Sunday,797.75,UPI
CUST000623,3,Beauty Personal Care,08 01,Sunday,1148.80,UPI
CUST000624,1,Sports Fitness,21 16,Thursday,6660.91,CARD
CUST000625,2,Toys Games,17 26,Saturday,1803.56,UPI
CUST000626,6,Electronics,15 49,Tuesday,24800.90,UPI
CUST000627,4,Beauty Personal Care,21 12,Wednesday,2550.88,CARD
CUST000628,1,Food,19 22,Monday,575.73,CASH
CUST000629,5,Electronics,01 52,Monday,10175.63,CARD
CUST000630,6,Fashion,10 24,Sunday,3352.64,CASH
CUST000631,6,Books Stationery,14 44,Friday,333.90,UPI
CUST000632,5,Fashion,16 25,Wednesday,1434.22,UPI
CUST000633,2,Books Stationery,13 11,Monday,382.42,CASH
CUST000634,3,Fashion,09 49,Thursday,4130.54,CASH
CUST000635,4,Fashion,00 26,Tuesday,1773.10,CARD
CUST000636,1,Electronics,05 52,Friday,34302.75,CARD
CUST000637,5,Beauty Personal Care,13 21,Tuesday,2301.94,CARD
CUST000638,2,Toys Games,01 47,Wednesday,1745.56,UPI
CUST000639,4,Home Kitchen,16 09,Thursday,7401.00,UPI
CUST000640,4,Grocery,18 48,Friday,2308.89,UPI
CUST000641,3,Books Stationery,18 37,Sunday,737.19,CARD
CUST000642,1,Grocery,01 49,Tuesday,2947.35,CARD
CUST000643,1,Fashion,21 30,Monday,569.21,CASH
CUST000644,4,Beauty Personal Care,00 08,Wednesday,2559.97,CARD
CUST000645,4,Healthcare,17 58,Thursday,3140.86,CARD
CUST000646,2,Books Stationery,23 49,Saturday,1854.04,UPI
CUST000647,6,Food,08 17,Sunday,310.98,UPI
CUST000648,5,Sports Fitness,06 24,Saturday,8825.20,UPI
CUST000649,6,Home Kitchen,05 06,Sunday,404.16,UPI
CUST000650,6,Food,06 53,Sunday,571.31,UPI
CUST000651,4,Food,13 23,Thursday,113.41,UPI
CUST000652,6,Healthcare,01 57,Monday,2785.96,CARD
CUST000653,2,Electronics,17 23,Sunday,42658.84,UPI
CUST000654,5,Food,00 17,Wednesday,136.75,CARD
CUST000655,3,Home Kitchen,13 35,Wednesday,6972.69,CASH
CUST000656,1,Toys Games,07 13,Friday,4106.98,UPI
CUST000657,3,Home Kitchen,19 15,Tuesday,7809.67,CASH
CUST000658,6,Food,12 52,Saturday,67.55,CASH
CUST000659,6,Fashion,18 04,Monday,2655.92,CARD
CUST000660,4,Healthcare,14 40,Wednesday,3169.61,CARD
CUST000661,4,Home Kitchen,04 52,Saturday,2156.25,UPI
CUST000662,2,Beauty Personal Care,07 40,Monday,1631.12,UPI
CUST000663,4,Grocery,23 17,Saturday,1749.28,CASH
CUST000664,3,Healthcare,16 20,Monday,2070.53,UPI
CUST000665,4,Home Kitchen,23 35,Monday,3948.04,CASH
CUST000666,2,Grocery,08 48,Monday,272.07,CASH
CUST000667,5,Sports Fitness,03 22,Monday,8280.49,CASH
CUST000668,5,Grocery,10 10,Sunday,2596.42,CARD
CUST000669,3,Electronics,22 20,Monday,18803.00,CARD
CUST000670,5,Healthcare,15 56,Thursday,4208.52,CARD
CUST000671,6,Beauty Personal Care,16 28,Friday,1014.75,UPI
CUST000672,1,Toys Games,04 51,Wednesday,497.02,UPI
CUST000673,2,Beauty Personal Care,18 45,Monday,422.62,UPI
CUST000674,1,Home Kitchen,14 42,Friday,2162.49,CARD
CUST000675,3,Healthcare,04 48,Saturday,2081.55,UPI
CUST000676,5,Healthcare,19 55,Friday,1700.94,CASH
CUST000677,2,Electronics,22 30,Saturday,38414.85,CARD
CUST000678,2,Fashion,04 50,Wednesday,1743.73,UPI
CUST000679,3,Beauty Personal Care,14 00,Thursday,1665.49,CARD
CUST000680,2,Home Kitchen,20 35,Saturday,1343.30,CARD
CUST000681,3,Beauty Personal Care,12 05,Tuesday,2813.55,UPI
CUST000682,3,Home Kitchen,04 48,Tuesday,5571.15,CASH
CUST000683,3,Grocery,21 34,Friday,1455.32,CARD
CUST000684,6,Electronics,12 42,Saturday,1281.36,CARD
CUST000685,1,Food,10 18,Saturday,175.64,CASH
CUST000686,3,Healthcare,15 54,Tuesday,4305.12,CARD
CUST000687,1,Fashion,10 14,Wednesday,1114.74,UPI
CUST000688,2,Food,06 54,Tuesday,172.19,CARD
CUST000689,6,Home Kitchen,20 20,Tuesday,6980.25,CARD
CUST000690,3,Healthcare,04 31,Monday,1103.89,CASH
CUST000691,1,Electronics,22 01,Sunday,12110.96,CARD
CUST000692,6,Grocery,08 43,Thursday,2637.06,CARD
CUST000693,6,Healthcare,13 58,Sunday,589.86,CARD
CUST000694,6,Toys Games,20 14,Monday,2841.85,CASH
CUST000695,1,Home Kitchen,13 06,Wednesday,5912.15,CASH
CUST000696,3,Books Stationery,00 48,Monday,642.40,CASH
CUST000697,3,Home Kitchen,06 27,Thursday,563.78,UPI
CUST000698,3,Books Stationery,06 14,Sunday,941.96,UPI
CUST000699,3,Grocery,11 32,Sunday,636.69,CARD
CUST000700,6,Fashion,10 24,Tuesday,1914.06,CARD
CUST000701,6,Electronics,18 26,Saturday,36880.63,CASH
CUST000702,4,Home Kitchen,13 08,Thursday,344.27,CASH
CUST000703,5,Books Stationery,23 20,Friday,1707.50,UPI
CUST000704,6,Fashion,15 05,Monday,3224.34,CARD
CUST000705,1,Toys Games,14 12,Tuesday,583.43,CARD
CUST000706,4,Home Kitchen,15 18,Friday,8252.05,CARD
CUST000707,2,Books Stationery,19 32,Wednesday,620.36,CASH
CUST000708,5,Food,06 51,Saturday,196.57,CARD
CUST000709,6,Sports Fitness,15 30,Tuesday,3339.38,CARD
CUST000710,2,Fashion,16 17,Saturday,3027.63,CARD
CUST000711,2,Home Kitchen,12 17,Friday,7697.30,UPI
CUST000712,3,Toys Games,05 44,Saturday,4521.23,UPI
CUST000713,3,Electronics,13 03,Saturday,5819.40,UPI
CUST000714,1,Books Stationery,03 17,Tuesday,1770.04,CARD
CUST000715,2,Electronics,17 08,Monday,32232.82,CASH
CUST000716,4,Books Stationery,01 11,Tuesday,1040.23,CASH
CUST000717,6,Toys Games,06 07,Tuesday,2554.83,CASH
CUST000718,6,Electronics,14 57,Saturday,2685.34,CASH
CUST000719,6,Beauty Personal Care,07 19,Tuesday,270.12,UPI
CUST000720,6,Healthcare,06 30,Wednesday,696.18,CASH
CUST000721,2,Grocery,13 01,Monday,2334.53,CASH
CUST000722,3,Grocery,17 00,Sunday,2571.08,CARD
CUST000723,4,Healthcare,23 55,Saturday,4359.63,CARD
CUST000724,1,Home Kitchen,00 29,Sunday,2900.78,CARD
CUST000725,1,Toys Games,23 26,Thursday,2037.65,CARD
CUST000726,3,Healthcare,18 21,Wednesday,2600.96,UPI
CUST000727,2,Beauty Personal Care,05 06,Sunday,1254.05,CASH
CUST000728,2,Toys Games,06 12,Wednesday,3245.07,CARD
CUST000729,5,Grocery,02 50,Thursday,2222.31,CASH
CUST000730,2,Sports Fitness,12 07,Friday,5857.81,CASH
CUST000731,3,Grocery,03 00,Thursday,1469.31,CARD
CUST000732,4,Toys Games,14 34,Friday,1902.64,CARD
CUST000733,2,Books Stationery,01 04,Friday,532.38,CASH
CUST000734,6,Beauty Personal Care,10 40,Wednesday,2040.16,CARD
CUST000735,6,Beauty Personal Care,02 58,Thursday,2159.60,CARD
CUST000736,5,Home Kitchen,13 49,Wednesday,9087.55,CASH
CUST000737,6,Books Stationery,02 41,Saturday,1702.40,CARD
CUST000738,4,Toys Games,19 44,Friday,308.72,UPI
CUST000739,5,Food,03 19,Monday,168.36,CASH
CUST000740,5,Books Stationery,23 02,Monday,106.90,CARD
CUST000741,3,Grocery,23 32,Saturday,1946.46,CARD
CUST000742,1,Home Kitchen,18 10,Saturday,520.37,CARD
CUST000743,6,Sports Fitness,07 11,Sunday,8943.49,UPI
CUST000744,1,Toys Games,05 53,Tuesday,3893.73,CARD
CUST000745,2,Grocery,11 14,Friday,1686.20,CARD
CUST000746,1,Beauty Personal Care,08 11,Sunday,1803.85,CASH
CUST000747,1,Electronics,05 00,Saturday,45620.10,CASH
CUST000748,4,Grocery,05 57,Thursday,2376.80,CASH
CUST000749,1,Books Stationery,12 21,Monday,836.28,UPI
CUST000750,2,Beauty Personal Care,01 49,Saturday,1575.02,CARD
CUST000751,4,Healthcare,10 48,Thursday,4405.99,CARD
CUST000752,1,Electronics,01 44,Saturday,48803.38,CARD
CUST000753,5,Fashion,04 07,Saturday,1749.10,CARD
CUST000754,1,Toys Games,19 46,Tuesday,2634.54,UPI
CUST000755,5,Home Kitchen,15 32,Tuesday,3954.30,UPI
CUST000756,4,Sports Fitness,13 02,Saturday,12457.47,CASH
CUST000757,2,Beauty Personal Care,12 26,Friday,1568.93,UPI
CUST000758,5,Toys Games,08 44,Wednesday,4755.71,UPI
CUST000759,2,Food,21 29,Thursday,152.69,CARD
CUST000760,6,Sports Fitness,01 02,Sunday,6745.23,CARD
CUST000761,1,Beauty Personal Care,00 58,Monday,2914.87,UPI
CUST000762,5,Food,08 34,Sunday,162.12,UPI
CUST000763,2,Electronics,01 56,Thursday,27514.84,CASH
CUST000764,4,Grocery,18 21,Tuesday,1380.81,UPI
CUST000765,6,Healthcare,10 34,Tuesday,1914.95,CARD
CUST000766,3,Food,19 36,Tuesday,759.19,UPI
CUST000767,3,Electronics,19 28,Tuesday,14681.92,CASH
CUST000768,5,Sports Fitness,00 52,Tuesday,10457.88,CASH
CUST000769,1,Food,20 22,Friday,464.90,CASH
CUST000770,5,Beauty Personal Care,22 12,Tuesday,2814.77,CASH
CUST000771,4,Food,22 15,Saturday,272.86,UPI
CUST000772,4,Food,10 19,Saturday,550.21,UPI
CUST000773,4,Healthcare,19 54,Thursday,1591.46,UPI
CUST000774,5,Fashion,11 01,Sunday,2097.55,UPI
CUST000775,2,Healthcare,16 02,Tuesday,3561.11,CARD
CUST000776,1,Fashion,02 36,Sunday,2267.61,CASH
CUST000777,2,Fashion,21 11,Friday,2810.14,UPI
CUST000778,5,Books Stationery,13 05,Monday,1386.76,UPI
CUST000779,6,Grocery,16 43,Saturday,1183.30,UPI
CUST000780,6,Beauty Personal Care,00 05,Saturday,637.32,CARD
CUST000781,2,Toys Games,04 16,Thursday,1618.21,UPI
CUST000782,2,Home Kitchen,16 38,Wednesday,5125.28,CARD
CUST000783,6,Home Kitchen,12 03,Sunday,5978.35,UPI
CUST000784,2,Grocery,03 54,Saturday,1485.69,CARD
CUST000785,3,Toys Games,04 20,Thursday,1282.00,CASH
CUST000786,1,Books Stationery,13 03,Monday,1408.03,CARD
CUST000787,6,Sports Fitness,23 48,Monday,13860.11,UPI
CUST000788,3,Sports Fitness,21 05,Tuesday,7011.13,UPI
CUST000789,6,Sports Fitness,20 40,Saturday,7579.10,UPI
CUST000790,6,Toys Games,03 26,Saturday,809.76,UPI
CUST000791,5,Electronics,19 22,Tuesday,30145.64,CASH
CUST000792,5,Sports Fitness,15 22,Tuesday,12297.76,CASH
CUST000793,1,Beauty Personal Care,07 09,Thursday,2573.29,CASH
CUST000794,1,Food,07 41,Friday,640.60,UPI
CUST000795,3,Home Kitchen,18 15,Friday,4826.76,UPI
CUST000796,3,Sports Fitness,22 55,Sunday,2266.34,CASH
CUST000797,3,Fashion,08 02,Monday,713.94,UPI
CUST000798,1,Electronics,04 45,Tuesday,36370.52,CASH
CUST000799,5,Fashion,22 31,Sunday,2833.33,UPI
CUST000800,5,Books Stationery,16 22,Wednesday,218.28,UPI
CUST000801,2,Grocery,21 21,Tuesday,2829.43,CASH
CUST000802,4,Toys Games,21 46,Sunday,393.70,CASH
CUST000803,4,Grocery,02 20,Monday,914.20,UPI
CUST000804,2,Books Stationery,07 53,Sunday,904.96,CASH
CUST000805,2,Healthcare,21 51,Sunday,990.62,CASH
CUST000806,4,Food,22 30,Friday,236.62,UPI
CUST000807,2,Grocery,01 45,Thursday,2077.83,CARD
CUST000808,2,Beauty Personal Care,21 58,Tuesday,2706.45,CASH
CUST000809,4,Grocery,03 38,Wednesday,1346.98,CASH
CUST000810,4,Beauty Personal Care,14 54,Tuesday,2385.38,UPI
CUST000811,6,Electronics,22 45,Wednesday,8949.53,CARD
CUST000812,5,Healthcare,22 47,Saturday,2203.76,CASH
CUST000813,6,Sports Fitness,20 02,Wednesday,12496.29,CASH
CUST000814,2,Beauty Personal Care,15 24,Saturday,2092.40,CASH
CUST000815,4,Food,20 46,Friday,331.20,CARD
CUST000816,5,Toys Games,12 07,Thursday,3167.83,UPI
CUST000817,6,Toys Games,20 19,Saturday,2370.83,UPI
CUST000818,3,Fashion,11 34,Tuesday,4084.11,UPI
CUST000819,6,Sports Fitness,00 11,Sunday,3002.65,UPI
CUST000820,3,Fashion,06 29,Tuesday,2700.39,UPI
CUST000821,6,Healthcare,19 40,Friday,3328.17,CARD
CUST000822,1,Fashion,07 33,Monday,2326.59,UPI
CUST000823,3,Grocery,15 30,Thursday,2898.71,CARD
CUST000824,2,Beauty Personal Care,11 43,Thursday,444.13,UPI
CUST000825,4,Sports Fitness,02 17,Thursday,832.97,CASH
CUST000826,4,Beauty Personal Care,11 37,Monday,303.48,CARD
CUST000827,3,Fashion,20 41,Tuesday,573.09,CASH
CUST000828,6,Fashion,00 57,Saturday,4160.55,CASH
CUST000829,3,Toys Games,14 00,Sunday,3425.42,UPI
CUST000830,2,Grocery,16 34,Wednesday,2794.37,UPI
CUST000831,5,Home Kitchen,10 38,Saturday,9785.57,CASH
CUST000832,5,Grocery,05 41,Tuesday,1780.11,UPI
CUST000833,3,Sports Fitness,15 30,Sunday,11565.11,CASH
CUST000834,5,Grocery,22 24,Wednesday,1207.40,UPI
CUST000835,1,Healthcare,02 11,Wednesday,3967.68,UPI
CUST000836,6,Home Kitchen,20 56,Tuesday,8406.45,CARD
CUST000837,4,Grocery,10 14,Tuesday,1570.46,UPI
CUST000838,6,Books Stationery,19 43,Tuesday,621.78,CARD
CUST000839,6,Fashion,11 41,Thursday,1804.33,UPI
CUST000840,3,Food,17 36,Wednesday,526.84,CASH
CUST000841,6,Fashion,18 51,Friday,1672.22,CASH
CUST000842,2,Electronics,10 39,Wednesday,32977.28,CARD
CUST000843,1,Healthcare,20 12,Friday,4141.44,CASH
CUST000844,1,Toys Games,16 11,Sunday,2411.03,CASH
CUST000845,6,Fashion,14 08,Thursday,2356.88,UPI
CUST000846,6,Books Stationery,19 34,Thursday,1375.91,CARD
CUST000847,2,Beauty Personal Care,11 30,Thursday,1000.15,CASH
CUST000848,3,Books Stationery,07 58,Sunday,1929.73,CASH
CUST000849,5,Electronics,20 54,Wednesday,16980.77,CARD
CUST000850,3,Home Kitchen,03 16,Sunday,3182.58,CASH
CUST000851,5,Books Stationery,15 49,Monday,1846.74,CASH
CUST000852,4,Toys Games,03 22,Thursday,2040.04,CASH
CUST000853,6,Toys Games,02 39,Friday,3931.37,CASH
CUST000854,5,Toys Games,15 43,Monday,574.72,CASH
CUST000855,1,Home Kitchen,09 32,Wednesday,8138.23,CARD
CUST000856,4,Toys Games,22 48,Saturday,2016.27,CASH
CUST000857,1,Food,02 52,Friday,341.60,CASH
CUST000858,3,Home Kitchen,19 21,Wednesday,2041.08,CASH
CUST000859,4,Home Kitchen,01 17,Saturday,1793.74,CARD
CUST000860,1,Electronics,15 31,Sunday,42060.74,CASH
CUST000861,5,Beauty Personal Care,18 24,Saturday,1290.86,CASH
CUST000862,3,Beauty Personal Care,11 13,Wednesday,1896.57,UPI
CUST000863,4,Home Kitchen,19 47,Monday,8550.02,CASH
CUST000864,5,Books Stationery,19 23,Wednesday,1615.27,UPI
CUST000865,2,Sports Fitness,12 07,Wednesday,6398.20,CARD
CUST000866,2,Food,06 36,Wednesday,272.69,UPI
CUST000867,5,Toys Games,22 36,Saturday,2209.41,UPI
CUST000868,1,Food,07 58,Monday,186.13,CASH
CUST000869,1,Electronics,07 45,Friday,46381.60,UPI
CUST000870,3,Food,10 12,Wednesday,301.31,CASH
CUST000871,5,Sports Fitness,20 44,Wednesday,929.28,UPI
CUST000872,5,Books Stationery,16 05,Tuesday,1713.23,CASH
CUST000873,2,Sports Fitness,14 40,Saturday,7504.80,UPI
CUST000874,3,Beauty Personal Care,14 26,Wednesday,534.71,CARD
CUST000875,4,Healthcare,20 47,Saturday,4978.09,CASH
CUST000876,5,Books Stationery,12 24,Saturday,933.58,UPI
CUST000877,6,Grocery,14 43,Sunday,1389.42,CARD
CUST000878,4,Grocery,02 41,Friday,621.90,CARD
CUST000879,1,Electronics,18 13,Wednesday,22674.46,CARD
CUST000880,3,Grocery,08 20,Thursday,265.38,UPI
CUST000881,3,Grocery,15 34,Monday,2924.15,CASH
CUST000882,1,Grocery,07 59,Thursday,1820.07,CASH
CUST000883,1,Fashion,15 29,Tuesday,3762.81,UPI
CUST000884,6,Books Stationery,23 58,Wednesday,417.82,CARD
CUST000885,6,Healthcare,03 15,Saturday,3438.82,CARD
CUST000886,4,Books Stationery,20 48,Wednesday,1152.08,CASH
CUST000887,2,Home Kitchen,20 51,Tuesday,4785.89,UPI
CUST000888,6,Toys Games,15 55,Thursday,3351.80,UPI
CUST000889,1,Books Stationery,23 57,Saturday,941.65,CARD
CUST000890,2,Sports Fitness,19 39,Monday,8977.82,CARD
CUST000891,5,Toys Games,20 28,Thursday,608.70,CASH
CUST000892,6,Home Kitchen,07 07,Tuesday,1104.74,UPI
CUST000893,5,Grocery,01 27,Monday,2328.07,CASH
CUST000894,3,Beauty Personal Care,14 17,Sunday,2611.47,UPI
CUST000895,6,Electronics,04 25,Wednesday,20909.25,UPI
CUST000896,5,Books Stationery,23 04,Sunday,308.59,CARD
CUST000897,1,Healthcare,10 48,Saturday,1722.67,CARD
CUST000898,5,Healthcare,02 23,Monday,3826.72,CASH
CUST000899,6,Food,14 45,Sunday,532.39,UPI
CUST000900,1,Books Stationery,09 07,Tuesday,1568.26,CARD
CUST000901,1,Electronics,12 27,Saturday,32110.42,CARD
CUST000902,3,Fashion,17 29,Wednesday,3629.35,UPI
CUST000903,4,Beauty Personal Care,00 10,Thursday,628.25,CASH
CUST000904,5,Fashion,07 49,Monday,823.52,CARD
CUST000905,3,Home Kitchen,00 45,Tuesday,2242.76,CARD
CUST000906,2,Sports Fitness,16 53,Monday,7291.71,CASH
CUST000907,5,Toys Games,21 50,Friday,881.58,CASH
CUST000908,6,Electronics,14 24,Wednesday,8953.52,CASH
CUST000909,2,Fashion,18 07,Monday,2759.93,CASH
CUST000910,1,Grocery,20 30,Wednesday,2224.60,CASH
CUST000911,3,Fashion,13 28,Tuesday,3328.41,CASH
CUST000912,3,Healthcare,07 34,Monday,2925.60,CARD
CUST000913,4,Toys Games,14 10,Tuesday,1252.87,UPI
CUST000914,6,Fashion,09 44,Tuesday,2629.64,UPI
CUST000915,2,Home Kitchen,04 09,Saturday,7639.08,CARD
CUST000916,1,Sports Fitness,20 32,Thursday,8345.94,CARD
CUST000917,1,Beauty Personal Care,07 26,Sunday,895.71,CARD
CUST000918,6,Food,02 41,Monday,770.78,CARD
CUST000919,5,Fashion,15 05,Sunday,1505.80,CARD
CUST000920,4,Electronics,16 53,Friday,40500.63,UPI
CUST000921,5,Electronics,03 20,Friday,36505.81,UPI
CUST000922,2,Home Kitchen,08 25,Tuesday,4138.85,CARD
CUST000923,5,Beauty Personal Care,21 06,Thursday,787.09,CASH
CUST000924,3,Books Stationery,06 03,Sunday,873.64,CASH
CUST000925,6,Fashion,23 13,Monday,3607.19,CASH
CUST000926,2,Electronics,21 15,Friday,19478.33,CASH
CUST000927,6,Fashion,13 11,Thursday,4889.64,CASH
CUST000928,2,Healthcare,23 13,Wednesday,258.43,UPI
CUST000929,5,Electronics,12 39,Saturday,25124.47,UPI
CUST000930,5,Toys Games,01 23,Monday,3762.28,UPI
CUST000931,3,Toys Games,04 30,Sunday,2564.22,CARD
CUST000932,1,Healthcare,03 20,Wednesday,3536.38,CASH
CUST000933,1,Toys Games,23 51,Sunday,4732.91,UPI
CUST000934,5,Healthcare,23 26,Sunday,3790.45,UPI
CUST000935,1,Fashion,20 08,Monday,4331.12,CARD
CUST000936,1,Grocery,18 44,Thursday,948.55,UPI
CUST000937,1,Healthcare,00 02,Monday,2405.92,UPI
CUST000938,2,Electronics,11 27,Friday,43767.13,UPI
CUST000939,3,Food,00 08,Friday,799.47,CASH
CUST000940,1,Fashion,20 34,Wednesday,647.78,CASH
CUST000941,6,Healthcare,02 15,Wednesday,734.28,UPI
CUST000942,6,Food,04 34,Tuesday,721.63,UPI
CUST000943,2,Home Kitchen,15 04,Thursday,3333.65,CARD
CUST000944,4,Books Stationery,10 52,Tuesday,1333.01,UPI
CUST000945,1,Healthcare,09 49,Wednesday,4126.59,UPI
CUST000946,6,Toys Games,01 44,Thursday,1237.77,CARD
CUST000947,3,Fashion,00 14,Tuesday,2554.85,UPI
CUST000948,4,Toys Games,05 09,Wednesday,3919.58,UPI
CUST000949,6,Fashion,07 12,Monday,2634.15,CASH
CUST000950,1,Books Stationery,18 21,Saturday,328.36,CARD
CUST000951,4,Beauty Personal Care,18 28,Monday,1279.65,UPI
CUST000952,4,Home Kitchen,03 55,Friday,9727.29,CARD
CUST000953,5,Healthcare,06 18,Monday,1438.51,CASH
CUST000954,3,Electronics,20 37,Tuesday,30672.79,CASH
CUST000955,6,Healthcare,06 11,Monday,4033.83,CARD
CUST000956,3,Electronics,06 54,Friday,44641.68,CASH
CUST000957,5,Healthcare,20 39,Friday,2186.22,UPI
CUST000958,4,Toys Games,17 10,Saturday,2741.12,CASH
CUST000959,5,Grocery,07 04,Friday,1296.87,CASH
CUST000960,3,Beauty Personal Care,02 29,Saturday,436.43,UPI
CUST000961,6,Electronics,09 14,Sunday,38225.78,CASH
CUST000962,1,Food,21 01,Monday,375.47,UPI
CUST000963,2,Fashion,02 11,Wednesday,4651.89,CASH
CUST000964,1,Toys Games,13 58,Thursday,2005.92,CASH
CUST000965,1,Home Kitchen,10 29,Tuesday,1264.31,UPI
CUST000966,2,Sports Fitness,20 06,Wednesday,12230.50,UPI
CUST000967,1,Grocery,06 23,Friday,1501.89,CARD
CUST000968,6,Fashion,12 10,Wednesday,2738.83,UPI
CUST000969,1,Home Kitchen,12 12,Wednesday,6908.05,UPI
CUST000970,4,Beauty Personal Care,06 00,Saturday,946.22,CARD
CUST000971,3,Books Stationery,03 10,Wednesday,1531.01,CARD
CUST000972,4,Home Kitchen,20 58,Thursday,3497.98,UPI
CUST000973,6,Electronics,13 02,Tuesday,35920.70,CARD
CUST000974,3,Beauty Personal Care,09 26,Sunday,316.74,CARD
CUST000975,6,Beauty Personal Care,15 31,Friday,2324.35,CASH
CUST000976,2,Beauty Personal Care,04 17,Friday,2778.12,CASH
CUST000977,5,Fashion,12 41,Monday,2140.58,UPI
CUST000978,5,Fashion,17 50,Monday,877.37,CARD
CUST000979,6,Sports Fitness,10 54,Thursday,5172.13,UPI
CUST000980,1,Toys Games,07 14,Wednesday,2520.97,CASH
CUST000981,4,Electronics,16 33,Monday,27045.64,UPI
CUST000982,3,Beauty Personal Care,17 25,Friday,1928.63,UPI
CUST000983,6,Beauty Personal Care,02 14,Sunday,1086.82,UPI
CUST000984,4,Books Stationery,16 52,Friday,1493.84,CASH
CUST000985,5,Sports Fitness,03 05,Tuesday,13813.72,CARD
CUST000986,5,Healthcare,06 22,Tuesday,1328.82,CARD
CUST000987,3,Home Kitchen,04 42,Tuesday,2761.90,UPI
CUST000988,4,Toys Games,02 19,Sunday,4994.49,UPI
CUST000989,4,Fashion,03 28,Friday,1073.87,CASH
CUST000990,3,Home Kitchen,15 04,Tuesday,4182.91,CARD
CUST000991,3,Healthcare,05 15,Monday,2717.02,UPI
CUST000992,3,Fashion,12 40,Monday,1730.93,CARD
CUST000993,5,Healthcare,17 16,Friday,1367.01,UPI
CUST000994,5,Books Stationery,00 06,Tuesday,919.80,UPI
CUST000995,2,Food,04 01,Friday,406.32,CARD
CUST000996,5,Electronics,05 21,Wednesday,48942.79,CARD
CUST000997,3,Books Stationery,02 42,Wednesday,753.53,CARD
CUST000998,3,Food,08 12,Thursday,512.78,CASH
CUST000999,3,Grocery,01 53,Tuesday,299.49,CARD
CUST001000,6,Books Stationery,03 21,Thursday,1546.59,CASH
CUST001001,2,Fashion,19 40,Monday,3157.68,CASH
CUST001002,5,Electronics,04 39,Wednesday,10478.45,CARD
CUST001003,5,Grocery,08 59,Friday,2056.69,CASH
CUST001004,6,Fashion,10 05,Wednesday,1625.87,CASH
CUST001005,6,Books Stationery,08 57,Monday,695.78,CARD
CUST001006,2,Toys Games,08 01,Sunday,2919.34,CARD
CUST001007,3,Sports Fitness,02 42,Tuesday,9488.96,CARD
CUST001008,2,Sports Fitness,18 53,Thursday,12999.03,CASH
CUST001009,6,Grocery,08 06,Wednesday,454.57,CARD
CUST001010,3,Food,22 08,Tuesday,112.67,CARD
CUST001011,3,Beauty Personal Care,18 47,Thursday,378.21,CARD
CUST001012,4,Healthcare,22 53,Sunday,809.75,CARD
CUST001013,2,Sports Fitness,05 17,Thursday,7764.99,CARD
CUST001014,3,Home Kitchen,10 57,Monday,6568.94,CARD
CUST001015,2,Beauty Personal Care,05 40,Monday,2340.20,CARD
CUST001016,1,Electronics,03 21,Friday,30277.14,UPI
CUST001017,6,Fashion,18 09,Sunday,2461.04,CASH
CUST001018,5,Grocery,17 35,Monday,1146.12,CARD
CUST001019,2,Beauty Personal Care,18 31,Tuesday,2073.72,UPI
CUST001020,1,Beauty Personal Care,16 29,Saturday,2117.14,CASH
CUST001021,2,Electronics,10 30,Monday,22366.45,CASH
CUST001022,3,Food,05 03,Saturday,733.77,UPI
CUST001023,6,Books Stationery,19 23,Friday,856.51,CASH
CUST001024,6,Beauty Personal Care,14 44,Tuesday,1258.63,UPI
CUST001025,5,Beauty Personal Care,19 17,Thursday,2244.00,CASH
CUST001026,2,Sports Fitness,20 22,Tuesday,12396.36,UPI
CUST001027,3,Fashion,13 32,Monday,2816.38,CARD
CUST001028,1,Beauty Personal Care,12 04,Sunday,2940.20,CARD
CUST001029,6,Electronics,00 29,Friday,38926.88,CARD
CUST001030,2,Grocery,11 41,Thursday,1952.50,CARD
CUST001031,3,Grocery,09 12,Thursday,2750.88,UPI
CUST001032,2,Home Kitchen,06 19,Wednesday,7357.30,CASH
CUST001033,5,Books Stationery,10 35,Friday,1585.21,CASH
CUST001034,2,Beauty Personal Care,16 42,Monday,2053.58,CASH
CUST001035,1,Toys Games,10 29,Friday,1767.75,CASH
CUST001036,1,Home Kitchen,20 32,Thursday,5752.48,CASH
CUST001037,2,Grocery,08 15,Wednesday,1219.79,UPI
CUST001038,2,Fashion,11 08,Wednesday,4168.11,CARD
CUST001039,4,Healthcare,05 56,Saturday,1733.73,CASH
CUST001040,5,Food,01 51,Friday,343.55,CASH
CUST001041,1,Books Stationery,16 21,Sunday,1861.18,CASH
CUST001042,2,Beauty Personal Care,18 09,Wednesday,1660.05,UPI
CUST001043,6,Grocery,20 14,Monday,2596.26,CASH
CUST001044,4,Fashion,10 16,Tuesday,1033.17,UPI
CUST001045,2,Healthcare,13 43,Thursday,2176.61,CASH
CUST001046,6,Electronics,04 26,Friday,48233.58,CARD
CUST001047,3,Home Kitchen,01 22,Friday,5665.16,CASH
CUST001048,6,Home Kitchen,15 11,Friday,5433.54,UPI
CUST001049,4,Beauty Personal Care,18 38,Thursday,2709.92,UPI
CUST001050,2,Food,09 47,Tuesday,765.37,CASH
CUST001051,3,Food,04 29,Tuesday,521.23,CASH
CUST001052,6,Food,20 18,Monday,515.68,CARD
CUST001053,1,Sports Fitness,06 16,Wednesday,5322.14,UPI
CUST001054,3,Home Kitchen,17 25,Sunday,3155.82,UPI
CUST001055,5,Grocery,23 35,Monday,1657.77,CARD
CUST001056,3,Grocery,20 48,Wednesday,1697.83,CARD
CUST001057,2,Grocery,18 03,Friday,2352.94,CARD
CUST001058,4,Electronics,22 35,Sunday,20354.74,CARD
CUST001059,5,Healthcare,06 46,Thursday,1765.87,UPI
CUST001060,5,Grocery,13 28,Thursday,755.75,CASH
CUST001061,3,Beauty Personal Care,09 46,Monday,2395.87,UPI
CUST001062,5,Electronics,18 53,Saturday,38795.14,CARD
CUST001063,2,Fashion,15 30,Sunday,766.76,CARD
CUST001064,3,Books Stationery,17 30,Sunday,1249.19,CARD
CUST001065,3,Sports Fitness,21 41,Wednesday,8676.46,UPI
CUST001066,6,Sports Fitness,22 48,Sunday,7848.23,UPI
CUST001067,6,Toys Games,05 43,Saturday,3016.48,UPI
CUST001068,6,Books Stationery,21 26,Friday,1992.31,UPI
CUST001069,5,Grocery,07 21,Thursday,2028.16,CASH
CUST001070,1,Grocery,07 06,Thursday,975.54,UPI
CUST001071,2,Grocery,18 45,Friday,910.79,CASH
CUST001072,4,Healthcare,17 01,Saturday,2896.31,UPI
CUST001073,2,Electronics,16 36,Friday,36918.24,CASH
CUST001074,1,Toys Games,08 15,Thursday,241.15,UPI
CUST001075,1,Grocery,18 44,Tuesday,1439.13,CARD
CUST001076,6,Sports Fitness,13 50,Sunday,3898.30,UPI
CUST001077,4,Home Kitchen,08 05,Monday,3275.63,UPI
CUST001078,4,Home Kitchen,04 42,Wednesday,9432.38,CARD
CUST001079,1,Home Kitchen,07 31,Monday,7531.32,CARD
CUST001080,3,Fashion,22 23,Thursday,1684.84,UPI
CUST001081,3,Beauty Personal Care,09 08,Thursday,765.87,CARD
CUST001082,1,Sports Fitness,05 02,Tuesday,2789.98,UPI
CUST001083,3,Fashion,14 14,Saturday,4087.78,CASH
CUST001084,3,Food,07 06,Tuesday,731.27,UPI
CUST001085,6,Toys Games,14 56,Saturday,3240.27,CARD
CUST001086,5,Toys Games,15 59,Sunday,2362.47,CASH
CUST001087,6,Fashion,07 09,Friday,3346.22,UPI
CUST001088,4,Healthcare,06 50,Thursday,2533.64,CASH
CUST001089,4,Toys Games,20 41,Friday,2690.61,CASH
CUST001090,1,Food,17 32,Sunday,734.43,CARD
CUST001091,6,Food,17 44,Tuesday,212.99,UPI
CUST001092,4,Sports Fitness,16 31,Friday,1637.79,CASH
CUST001093,3,Healthcare,08 32,Sunday,3803.73,UPI
CUST001094,3,Sports Fitness,14 20,Wednesday,14102.99,CARD
CUST001095,3,Grocery,16 43,Tuesday,2961.49,CARD
CUST001096,1,Healthcare,12 07,Monday,4663.55,CARD
CUST001097,3,Food,03 31,Saturday,379.00,CASH
CUST001098,3,Home Kitchen,03 22,Saturday,7375.55,CARD
CUST001099,3,Fashion,14 08,Monday,4147.02,CASH
CUST001100,6,Fashion,18 57,Thursday,1147.10,CARD
CUST001101,1,Grocery,03 09,Wednesday,2366.16,CASH
CUST001102,2,Fashion,22 14,Thursday,2496.23,CARD
CUST001103,3,Home Kitchen,11 31,Wednesday,9558.32,CARD
CUST001104,2,Sports Fitness,06 28,Thursday,8188.19,CASH
CUST001105,2,Food,07 30,Wednesday,602.38,UPI
CUST001106,1,Home Kitchen,18 47,Thursday,5308.99,CARD
CUST001107,1,Books Stationery,16 58,Sunday,1186.77,CARD
CUST001108,3,Toys Games,09 52,Wednesday,2086.28,CASH
CUST001109,1,Beauty Personal Care,19 01,Monday,2363.17,UPI
CUST001110,4,Electronics,18 44,Wednesday,19959.34,CARD
CUST001111,2,Sports Fitness,02 02,Tuesday,4700.84,CARD
CUST001112,1,Beauty Personal Care,02 57,Friday,2853.32,UPI
CUST001113,3,Healthcare,09 27,Tuesday,498.05,CASH
CUST001114,1,Fashion,09 21,Monday,3053.32,CASH
CUST001115,5,Electronics,17 38,Thursday,17769.88,CASH
CUST001116,1,Toys Games,03 39,Friday,3461.84,CARD
CUST001117,4,Sports Fitness,18 52,Tuesday,5693.72,CARD
CUST001118,2,Fashion,04 14,Thursday,778.35,CASH
CUST001119,2,Sports Fitness,23 07,Saturday,1561.72,CASH
CUST001120,5,Home Kitchen,05 03,Friday,3763.80,UPI
CUST001121,4,Grocery,17 31,Sunday,1318.45,UPI
CUST001122,6,Toys Games,09 59,Thursday,3274.95,CARD
CUST001123,1,Healthcare,02 00,Wednesday,2421.93,UPI
CUST001124,6,Toys Games,08 50,Monday,851.97,CARD
CUST001125,2,Home Kitchen,16 37,Wednesday,3899.53,CASH
CUST001126,4,Toys Games,04 01,Thursday,2169.34,CARD
CUST001127,3,Electronics,14 30,Sunday,40929.76,CASH
CUST001128,2,Electronics,11 26,Tuesday,7297.56,UPI
CUST001129,3,Toys Games,19 47,Tuesday,704.62,CARD
CUST001130,4,Books Stationery,23 15,Tuesday,701.01,CASH
CUST001131,4,Home Kitchen,06 42,Tuesday,2113.07,CARD
CUST001132,3,Toys Games,03 40,Friday,1123.52,CASH
CUST001133,5,Electronics,10 09,Tuesday,6242.43,UPI
CUST001134,1,Electronics,03 19,Saturday,47453.55,CARD
CUST001135,2,Grocery,18 00,Friday,1577.68,CARD
CUST001136,2,Beauty Personal Care,12 58,Saturday,1313.23,CARD
CUST001137,6,Grocery,23 19,Monday,1879.77,CARD
CUST001138,4,Electronics,11 16,Monday,44937.02,CARD
CUST001139,1,Electronics,23 16,Friday,26011.46,CARD
CUST001140,4,Beauty Personal Care,15 17,Wednesday,2379.45,CARD
CUST001141,6,Toys Games,21 44,Thursday,1613.11,CASH
CUST001142,4,Food,16 20,Saturday,139.09,UPI
CUST001143,6,Beauty Personal Care,00 49,Monday,2276.12,UPI
CUST001144,1,Beauty Personal Care,23 24,Saturday,1326.67,UPI
CUST001145,4,Grocery,08 24,Monday,1768.22,UPI
CUST001146,1,Food,09 25,Saturday,359.43,CASH
CUST001147,2,Books Stationery,13 56,Wednesday,192.65,CASH
CUST001148,4,Toys Games,23 05,Saturday,3978.49,CASH
CUST001149,4,Healthcare,02 30,Tuesday,3566.67,CASH
CUST001150,4,Sports Fitness,00 14,Saturday,1206.95,CASH
CUST001151,6,Sports Fitness,17 37,Thursday,5125.44,CARD
CUST001152,5,Electronics,17 08,Sunday,6097.52,CARD
CUST001153,2,Grocery,08 11,Monday,215.04,UPI
CUST001154,6,Beauty Personal Care,09 24,Tuesday,1265.94,UPI
CUST001155,4,Sports Fitness,00 59,Friday,4572.94,CARD
CUST001156,2,Toys Games,00 36,Sunday,2791.66,CASH
CUST001157,5,Electronics,16 21,Wednesday,39069.86,UPI
CUST001158,2,Home Kitchen,00 28,Thursday,7062.78,UPI
CUST001159,5,Fashion,18 40,Sunday,2967.71,CARD
CUST001160,3,Toys Games,16 32,Thursday,2228.47,CARD
CUST001161,1,Books Stationery,14 35,Saturday,281.08,CARD
CUST001162,2,Beauty Personal Care,14 30,Monday,1258.36,UPI
CUST001163,6,Beauty Personal Care,02 23,Saturday,1802.23,UPI
CUST001164,4,Fashion,00 16,Tuesday,3483.42,CASH
CUST001165,3,Toys Games,20 34,Friday,2821.84,UPI
CUST001166,6,Toys Games,13 35,Wednesday,3953.65,CASH
CUST001167,2,Books Stationery,20 20,Monday,106.08,CARD
CUST001168,2,Beauty Personal Care,17 43,Wednesday,2911.06,CASH
CUST001169,4,Books Stationery,18 00,Friday,930.08,CASH
CUST001170,4,Home Kitchen,01 38,Monday,2016.05,CASH
CUST001171,4,Home Kitchen,17 27,Thursday,811.93,CARD
CUST001172,3,Fashion,15 47,Saturday,1260.97,CASH
CUST001173,3,Healthcare,15 30,Tuesday,2437.99,UPI
CUST001174,6,Beauty Personal Care,08 07,Sunday,2886.56,UPI
CUST001175,6,Home Kitchen,23 23,Wednesday,7691.73,CARD
CUST001176,5,Food,15 55,Tuesday,253.40,UPI
CUST001177,6,Sports Fitness,05 48,Thursday,6611.96,UPI
CUST001178,4,Beauty Personal Care,10 44,Saturday,1254.63,CASH
CUST001179,6,Fashion,14 02,Tuesday,4762.72,CARD
CUST001180,5,Food,14 30,Wednesday,523.92,CARD
CUST001181,4,Home Kitchen,02 55,Monday,9987.93,CARD
CUST001182,2,Fashion,13 40,Wednesday,627.60,CARD
CUST001183,3,Healthcare,00 03,Friday,2120.76,UPI
CUST001184,6,Healthcare,12 19,Friday,1115.83,CASH
CUST001185,5,Food,06 19,Monday,309.67,UPI
CUST001186,3,Books Stationery,22 56,Monday,310.68,CASH
CUST001187,1,Food,04 32,Sunday,470.88,UPI
CUST001188,5,Food,00 05,Wednesday,552.78,CARD
CUST001189,4,Sports Fitness,18 39,Tuesday,12448.78,CARD
CUST001190,5,Healthcare,16 59,Friday,4986.68,UPI
CUST001191,1,Beauty Personal Care,23 05,Saturday,2299.74,CASH
CUST001192,4,Home Kitchen,10 36,Sunday,8100.45,CASH
CUST001193,2,Books Stationery,09 17,Sunday,247.97,CASH
CUST001194,6,Fashion,19 28,Sunday,4716.51,CASH
CUST001195,5,Beauty Personal Care,09 24,Tuesday,2924.05,CARD
CUST001196,6,Food,00 28,Tuesday,349.90,CARD
CUST001197,1,Home Kitchen,01 08,Friday,4820.11,CASH
CUST001198,5,Books Stationery,03 47,Wednesday,1826.07,CARD
CUST001199,1,Toys Games,15 35,Tuesday,2895.55,UPI
CUST001200,1,Toys Games,14 11,Tuesday,1023.09,CARD
CUST001201,5,Electronics,01 30,Saturday,4333.59,UPI
CUST001202,6,Books Stationery,06 56,Saturday,1464.82,CASH
CUST001203,5,Electronics,22 36,Monday,26404.95,CARD
CUST001204,2,Food,06 35,Thursday,331.32,UPI
CUST001205,2,Books Stationery,20 48,Monday,1712.16,CASH
CUST001206,2,Beauty Personal Care,00 00,Sunday,854.58,CASH
CUST001207,3,Food,00 00,Wednesday,486.99,CARD
CUST001208,5,Toys Games,05 29,Sunday,701.17,CASH
CUST001209,2,Fashion,13 43,Wednesday,1548.08,UPI
CUST001210,3,Grocery,23 25,Saturday,1350.32,CARD
CUST001211,1,Grocery,00 41,Wednesday,755.23,CARD
CUST001212,6,Healthcare,15 53,Saturday,3453.12,CASH
CUST001213,5,Sports Fitness,15 54,Friday,7797.40,CARD
CUST001214,6,Home Kitchen,20 56,Sunday,9124.41,CASH
CUST001215,1,Grocery,00 30,Monday,189.21,UPI
CUST001216,1,Grocery,05 34,Tuesday,1915.04,UPI
CUST001217,1,Fashion,10 31,Wednesday,3541.22,CASH
CUST001218,4,Books Stationery,03 15,Wednesday,1176.74,UPI
CUST001219,1,Fashion,04 46,Thursday,1672.84,CASH
CUST001220,5,Grocery,18 46,Tuesday,1713.46,CASH
CUST001221,3,Fashion,04 51,Monday,1204.39,UPI
CUST001222,5,Healthcare,17 10,Wednesday,4703.62,UPI
CUST001223,5,Electronics,10 23,Thursday,32487.11,CARD
CUST001224,1,Electronics,21 12,Friday,23746.92,CASH
CUST001225,2,Toys Games,23 55,Thursday,1132.69,CASH
CUST001226,4,Healthcare,22 54,Tuesday,1701.72,CARD
CUST001227,2,Beauty Personal Care,05 17,Wednesday,819.70,UPI
CUST001228,3,Food,16 03,Tuesday,422.53,CASH
CUST001229,3,Toys Games,12 30,Saturday,1636.35,UPI
CUST001230,4,Sports Fitness,21 05,Sunday,5890.12,CARD
CUST001231,2,Sports Fitness,07 06,Saturday,3678.03,UPI
CUST001232,6,Toys Games,11 58,Monday,3372.38,CASH
CUST001233,1,Fashion,13 36,Monday,3980.63,CASH
CUST001234,6,Fashion,13 17,Monday,4326.41,UPI
CUST001235,4,Grocery,21 19,Saturday,842.31,UPI
CUST001236,6,Grocery,04 36,Monday,1856.86,UPI
CUST001237,1,Electronics,09 26,Thursday,4824.42,UPI
CUST001238,4,Electronics,12 30,Sunday,39509.55,UPI
CUST001239,2,Food,19 51,Friday,794.05,CARD
CUST001240,4,Electronics,11 45,Friday,22656.89,UPI
CUST001241,4,Sports Fitness,11 01,Monday,11136.16,CASH
CUST001242,4,Sports Fitness,23 10,Wednesday,4374.51,UPI
CUST001243,3,Electronics,08 03,Friday,12818.54,CASH
CUST001244,6,Fashion,13 48,Monday,2368.63,CARD
CUST001245,2,Books Stationery,00 07,Sunday,477.13,CASH
CUST001246,4,Beauty Personal Care,12 55,Saturday,2177.25,CARD
CUST001247,3,Fashion,05 29,Friday,2785.71,UPI
CUST001248,6,Healthcare,05 19,Tuesday,2342.21,CARD
CUST001249,5,Healthcare,21 13,Sunday,3541.55,UPI
CUST001250,6,Beauty Personal Care,01 32,Monday,1280.98,CARD
CUST001251,5,Healthcare,17 05,Sunday,950.87,CASH
CUST001252,4,Food,08 02,Wednesday,85.43,UPI
CUST001253,3,Electronics,05 52,Thursday,23633.47,UPI
CUST001254,3,Electronics,04 24,Tuesday,44142.70,CASH
CUST001255,3,Healthcare,01 40,Monday,4754.21,CARD
CUST001256,3,Beauty Personal Care,12 50,Thursday,1326.74,UPI
CUST001257,6,Home Kitchen,16 02,Thursday,7092.17,CARD
CUST001258,2,Home Kitchen,10 25,Sunday,6644.92,CARD
CUST001259,6,Healthcare,15 53,Tuesday,3631.66,CARD
CUST001260,6,Beauty Personal Care,17 48,Sunday,2274.53,CARD
CUST001261,2,Toys Games,22 53,Sunday,1799.94,CASH
CUST001262,4,Healthcare,09 17,Sunday,3631.75,UPI
CUST001263,1,Food,16 42,Monday,780.45,UPI
CUST001264,5,Sports Fitness,07 32,Sunday,13741.66,CARD
CUST001265,3,Beauty Personal Care,23 30,Saturday,1850.33,CASH
CUST001266,2,Grocery,02 23,Saturday,1895.82,CARD
CUST001267,1,Home Kitchen,22 21,Saturday,1990.32,CASH
CUST001268,3,Fashion,11 55,Friday,4203.49,CARD
CUST001269,4,Books Stationery,19 31,Tuesday,650.61,CASH
CUST001270,6,Fashion,00 17,Wednesday,3465.66,CARD
CUST001271,2,Toys Games,11 23,Tuesday,327.15,CARD
CUST001272,3,Sports Fitness,12 50,Wednesday,4980.04,CASH
CUST001273,4,Beauty Personal Care,20 11,Thursday,2727.47,CARD
CUST001274,2,Beauty Personal Care,18 34,Wednesday,1995.17,UPI
CUST001275,4,Books Stationery,01 24,Sunday,1997.12,CARD
CUST001276,2,Toys Games,23 30,Friday,2057.87,CARD
CUST001277,1,Fashion,12 11,Friday,2469.95,CASH
CUST001278,4,Toys Games,02 54,Monday,2459.89,UPI
CUST001279,4,Food,12 51,Wednesday,724.92,CARD
CUST001280,1,Food,18 57,Friday,452.76,CASH
CUST001281,2,Healthcare,01 14,Thursday,2134.25,CASH
CUST001282,5,Healthcare,00 57,Wednesday,543.97,UPI
CUST001283,5,Beauty Personal Care,10 23,Sunday,1536.62,UPI
CUST001284,5,Beauty Personal Care,13 46,Tuesday,1265.29,CARD
CUST001285,6,Fashion,17 12,Saturday,4414.61,CASH
CUST001286,6,Home Kitchen,08 33,Thursday,1878.49,UPI
CUST001287,3,Grocery,21 16,Friday,1662.69,CARD
CUST001288,2,Toys Games,08 33,Saturday,2045.66,UPI
CUST001289,4,Fashion,21 03,Thursday,1711.67,CASH
CUST001290,4,Toys Games,01 55,Friday,1531.97,CASH
CUST001291,1,Healthcare,11 05,Friday,2933.86,CARD
CUST001292,6,Healthcare,23 44,Monday,3505.93,UPI
CUST001293,4,Grocery,16 14,Sunday,2355.40,UPI
CUST001294,2,Beauty Personal Care,01 26,Saturday,2213.55,CASH
CUST001295,4,Healthcare,11 31,Thursday,358.00,UPI
CUST001296,3,Grocery,11 53,Thursday,2999.97,CARD
CUST001297,6,Sports Fitness,18 56,Sunday,2437.85,UPI
CUST001298,1,Home Kitchen,04 07,Wednesday,8746.56,UPI
CUST001299,1,Grocery,00 46,Sunday,2296.61,UPI
CUST001300,2,Food,14 18,Saturday,431.52,CARD
CUST001301,4,Books Stationery,07 44,Saturday,622.57,UPI
CUST001302,4,Sports Fitness,04 00,Sunday,14073.23,UPI
CUST001303,6,Electronics,00 50,Saturday,22566.90,CARD
CUST001304,4,Toys Games,23 32,Monday,4267.34,UPI
CUST001305,1,Healthcare,22 10,Tuesday,495.37,CARD
CUST001306,1,Healthcare,18 55,Thursday,2058.49,CASH
CUST001307,4,Healthcare,22 43,Tuesday,3515.22,UPI
CUST001308,1,Books Stationery,13 18,Saturday,522.09,UPI
CUST001309,6,Toys Games,23 33,Saturday,1292.73,CASH
CUST001310,2,Sports Fitness,16 25,Monday,4258.24,CASH
CUST001311,4,Fashion,03 11,Friday,1903.97,UPI
CUST001312,3,Grocery,02 09,Wednesday,2497.60,CASH
CUST001313,4,Food,10 52,Wednesday,197.68,CARD
CUST001314,6,Toys Games,13 18,Wednesday,284.22,UPI
CUST001315,5,Grocery,08 11,Friday,1415.27,UPI
CUST001316,2,Home Kitchen,17 05,Tuesday,7819.54,CARD
CUST001317,6,Food,22 40,Sunday,89.19,UPI
CUST001318,3,Grocery,17 37,Wednesday,913.71,CARD
CUST001319,3,Books Stationery,12 56,Monday,1140.48,CASH
CUST001320,2,Fashion,05 06,Tuesday,2966.86,CASH
CUST001321,3,Sports Fitness,09 29,Sunday,14901.49,CARD
CUST001322,5,Sports Fitness,02 24,Thursday,6403.76,UPI
CUST001323,2,Healthcare,08 54,Thursday,1583.19,UPI
CUST001324,4,Electronics,22 33,Thursday,34930.19,UPI
CUST001325,5,Beauty Personal Care,14 11,Thursday,858.74,CARD
CUST001326,1,Books Stationery,10 14,Monday,220.87,CARD
CUST001327,1,Home Kitchen,07 56,Sunday,7054.46,CARD
CUST001328,4,Books Stationery,22 52,Thursday,1631.88,CARD
CUST001329,5,Books Stationery,05 59,Friday,1364.38,CASH
CUST001330,6,Healthcare,14 06,Friday,4435.00,CASH
CUST001331,5,Beauty Personal Care,00 05,Sunday,2429.47,CARD
CUST001332,5,Electronics,21 36,Saturday,35151.53,CASH
CUST001333,3,Electronics,19 43,Saturday,9221.39,CASH
CUST001334,6,Toys Games,06 08,Saturday,2569.26,UPI
CUST001335,2,Books Stationery,08 38,Tuesday,1272.97,CASH
CUST001336,3,Fashion,23 46,Tuesday,4336.31,CARD
CUST001337,1,Home Kitchen,04 59,Monday,1566.38,CARD
CUST001338,1,Grocery,07 43,Monday,235.89,CASH
CUST001339,2,Fashion,10 50,Tuesday,2976.24,CASH
CUST001340,2,Home Kitchen,17 52,Thursday,5287.22,CARD
CUST001341,2,Food,19 29,Wednesday,569.32,UPI
CUST001342,3,Sports Fitness,06 53,Friday,13291.62,CASH
CUST001343,5,Sports Fitness,22 53,Saturday,1695.90,CASH
CUST001344,6,Fashion,22 44,Wednesday,2762.78,UPI
CUST001345,3,Home Kitchen,01 21,Saturday,9826.87,CASH
CUST001346,4,Home Kitchen,12 04,Tuesday,693.77,CARD
CUST001347,2,Books Stationery,13 52,Tuesday,1321.74,CASH
CUST001348,4,Fashion,14 44,Saturday,2026.39,CASH
CUST001349,3,Electronics,20 26,Friday,19080.20,CARD
CUST001350,2,Toys Games,20 30,Monday,1588.75,CASH
CUST001351,2,Healthcare,00 58,Friday,3290.46,CARD
CUST001352,3,Electronics,21 04,Friday,17989.11,UPI
CUST001353,4,Beauty Personal Care,06 36,Thursday,1465.24,UPI
CUST001354,3,Sports Fitness,11 12,Sunday,9140.51,UPI
CUST001355,3,Beauty Personal Care,09 43,Sunday,1294.92,CASH
CUST001356,4,Beauty Personal Care,14 04,Thursday,848.41,CARD
CUST001357,4,Toys Games,23 43,Thursday,525.67,CASH
CUST001358,1,Fashion,12 02,Monday,1481.37,CASH
CUST001359,5,Fashion,04 04,Wednesday,4193.84,CASH
CUST001360,2,Food,17 56,Monday,70.99,CASH
CUST001361,6,Healthcare,10 52,Saturday,2222.51,UPI
CUST001362,3,Food,12 13,Thursday,196.90,UPI
CUST001363,1,Toys Games,17 16,Wednesday,203.65,UPI
CUST001364,2,Fashion,16 46,Thursday,3045.37,UPI
CUST001365,5,Toys Games,18 40,Tuesday,4242.38,CARD
CUST001366,5,Healthcare,11 58,Thursday,2719.79,UPI
CUST001367,5,Fashion,06 26,Wednesday,3135.66,CASH
CUST001368,1,Toys Games,09 35,Tuesday,2212.53,CARD
CUST001369,2,Sports Fitness,01 58,Monday,3947.51,CARD
CUST001370,6,Sports Fitness,01 57,Tuesday,4446.15,CASH
CUST001371,3,Food,12 05,Sunday,742.25,CASH
CUST001372,2,Home Kitchen,21 36,Saturday,9793.30,UPI
CUST001373,1,Fashion,20 45,Monday,3508.94,CASH
CUST001374,3,Fashion,17 43,Wednesday,3100.97,CASH
CUST001375,6,Home Kitchen,11 59,Saturday,6946.54,UPI
CUST001376,5,Toys Games,23 13,Wednesday,3909.99,CASH
CUST001377,5,Healthcare,20 03,Monday,4108.29,CASH
CUST001378,4,Fashion,07 13,Tuesday,4893.00,CASH
CUST001379,2,Books Stationery,17 21,Thursday,1350.36,UPI
CUST001380,6,Beauty Personal Care,02 42,Sunday,291.90,CASH
CUST001381,2,Books Stationery,20 26,Sunday,643.58,CARD
CUST001382,5,Sports Fitness,03 56,Tuesday,7411.18,CASH
CUST001383,6,Healthcare,13 42,Monday,4776.26,CARD
CUST001384,4,Books Stationery,11 41,Tuesday,443.18,CASH
CUST001385,2,Beauty Personal Care,13 02,Tuesday,1690.15,CASH
CUST001386,4,Healthcare,18 26,Tuesday,1211.66,CARD
CUST001387,1,Electronics,10 47,Thursday,49660.54,CARD
CUST001388,3,Healthcare,05 43,Wednesday,4534.11,CARD
CUST001389,2,Electronics,08 22,Tuesday,36260.26,CASH
CUST001390,3,Beauty Personal Care,13 33,Sunday,1978.02,CASH
CUST001391,4,Home Kitchen,10 06,Tuesday,1394.56,CARD
CUST001392,1,Fashion,08 45,Tuesday,672.14,UPI
CUST001393,6,Beauty Personal Care,07 27,Wednesday,1399.93,CARD
CUST001394,1,Food,02 21,Wednesday,622.46,CASH
CUST001395,6,Books Stationery,09 45,Thursday,931.40,UPI
CUST001396,5,Electronics,03 37,Thursday,5229.81,CARD
CUST001397,2,Food,14 50,Friday,504.28,UPI
CUST001398,6,Healthcare,23 01,Tuesday,3791.27,CARD
CUST001399,1,Toys Games,22 33,Wednesday,4264.83,CARD
CUST001400,6,Fashion,19 40,Sunday,511.50,UPI
CUST001401,5,Grocery,02 52,Saturday,929.84,CARD
CUST001402,4,Healthcare,03 28,Monday,1096.43,CASH
CUST001403,3,Books Stationery,20 14,Sunday,1811.30,CASH
CUST001404,6,Food,23 56,Sunday,622.81,UPI
CUST001405,1,Healthcare,18 42,Tuesday,4010.03,UPI
CUST001406,1,Home Kitchen,11 42,Monday,7445.78,CASH
CUST001407,4,Fashion,23 32,Saturday,2423.36,CARD
CUST001408,4,Grocery,00 41,Wednesday,710.26,CASH
CUST001409,5,Food,23 11,Sunday,239.45,CASH
CUST001410,2,Grocery,05 26,Saturday,545.48,CASH
CUST001411,4,Healthcare,16 53,Sunday,3823.28,CARD
CUST001412,4,Grocery,19 07,Thursday,1165.35,CASH
CUST001413,3,Grocery,07 17,Friday,2081.75,CARD
CUST001414,3,Sports Fitness,03 37,Friday,7378.31,CARD
CUST001415,3,Books Stationery,22 52,Wednesday,1950.15,CARD
CUST001416,4,Books Stationery,14 22,Wednesday,954.12,CASH
CUST001417,1,Healthcare,04 44,Friday,2195.70,UPI
CUST001418,6,Toys Games,16 05,Tuesday,808.65,CARD
CUST001419,3,Sports Fitness,13 32,Friday,10181.39,CARD
CUST001420,6,Food,08 48,Saturday,137.88,CARD
CUST001421,1,Books Stationery,21 12,Thursday,717.46,CARD
CUST001422,1,Beauty Personal Care,19 10,Tuesday,1791.77,CARD
CUST001423,4,Healthcare,08 38,Tuesday,3993.64,UPI
CUST001424,4,Healthcare,15 01,Sunday,2739.93,UPI
CUST001425,3,Healthcare,15 44,Wednesday,1894.75,CARD
CUST001426,3,Electronics,22 59,Thursday,3242.59,CARD
CUST001427,3,Home Kitchen,15 21,Tuesday,1168.26,CARD
CUST001428,3,Electronics,17 54,Tuesday,35342.03,UPI
CUST001429,6,Healthcare,02 20,Tuesday,4177.57,CASH
CUST001430,6,Food,10 18,Saturday,182.77,UPI
CUST001431,2,Food,11 24,Sunday,631.84,UPI
CUST001432,4,Food,02 23,Wednesday,584.32,CARD
CUST001433,5,Food,12 09,Tuesday,214.83,CASH
CUST001434,6,Sports Fitness,13 25,Saturday,2660.63,UPI
CUST001435,6,Grocery,22 01,Thursday,1178.32,UPI
CUST001436,4,Electronics,20 50,Tuesday,1286.59,CASH
CUST001437,5,Toys Games,17 07,Tuesday,1467.44,UPI
CUST001438,3,Healthcare,08 30,Sunday,4898.90,CASH
CUST001439,3,Home Kitchen,03 38,Thursday,4273.46,CASH
CUST001440,3,Healthcare,21 45,Monday,231.35,CASH
CUST001441,3,Toys Games,06 41,Friday,1844.26,CASH
CUST001442,4,Grocery,02 52,Wednesday,1859.59,UPI
CUST001443,4,Fashion,17 23,Wednesday,1951.12,UPI
CUST001444,5,Fashion,23 14,Wednesday,2064.21,UPI
CUST001445,1,Sports Fitness,09 20,Wednesday,2006.40,UPI
CUST001446,1,Grocery,00 26,Wednesday,2965.75,CARD
CUST001447,1,Home Kitchen,02 37,Wednesday,6073.36,CARD
CUST001448,2,Grocery,16 48,Wednesday,1416.12,CASH
CUST001449,3,Sports Fitness,23 10,Tuesday,1077.21,CASH
CUST001450,5,Food,19 31,Monday,685.76,CARD
CUST001451,2,Home Kitchen,17 03,Friday,8130.05,CASH
CUST001452,3,Home Kitchen,20 14,Thursday,3295.02,CASH
CUST001453,4,Electronics,20 37,Wednesday,16128.16,CARD
CUST001454,5,Toys Games,14 51,Friday,994.69,CASH
CUST001455,3,Home Kitchen,23 29,Monday,2720.97,CASH
CUST001456,3,Toys Games,19 17,Thursday,2418.81,CARD
CUST001457,3,Beauty Personal Care,04 40,Tuesday,305.10,CARD
CUST001458,5,Sports Fitness,10 53,Wednesday,3986.87,CASH
CUST001459,4,Fashion,14 01,Tuesday,3539.64,UPI
CUST001460,4,Sports Fitness,01 01,Wednesday,2256.30,CASH
CUST001461,2,Home Kitchen,03 45,Wednesday,2269.72,CASH
CUST001462,5,Food,23 41,Thursday,349.52,CASH
CUST001463,5,Electronics,16 08,Sunday,21248.51,UPI
CUST001464,6,Home Kitchen,16 56,Thursday,7759.07,CARD
CUST001465,3,Fashion,00 12,Friday,972.61,UPI
CUST001466,3,Food,07 57,Wednesday,676.39,CARD
CUST001467,4,Grocery,14 31,Thursday,2261.74,UPI
CUST001468,4,Home Kitchen,04 53,Friday,4088.04,CASH
CUST001469,6,Sports Fitness,04 38,Friday,7410.66,CASH
CUST001470,1,Sports Fitness,23 14,Monday,9167.38,UPI
CUST001471,4,Electronics,18 46,Monday,5091.34,UPI
CUST001472,4,Food,05 17,Friday,468.27,UPI
CUST001473,5,Sports Fitness,06 22,Wednesday,4358.04,UPI
CUST001474,3,Electronics,17 03,Monday,13841.66,CASH
CUST001475,4,Fashion,10 44,Sunday,4126.90,CASH
CUST001476,4,Healthcare,18 56,Thursday,4982.64,CASH
CUST001477,2,Toys Games,20 47,Tuesday,3585.71,CASH
CUST001478,4,Grocery,00 41,Saturday,2331.61,CASH
CUST001479,2,Electronics,21 08,Tuesday,14021.01,UPI
CUST001480,5,Grocery,13 40,Tuesday,2885.86,CARD
CUST001481,4,Food,19 52,Saturday,63.54,CARD
CUST001482,2,Sports Fitness,08 14,Thursday,14066.82,CARD
CUST001483,2,Sports Fitness,03 29,Thursday,12940.56,CARD
CUST001484,6,Fashion,04 21,Sunday,760.25,CASH
CUST001485,6,Grocery,02 42,Wednesday,2748.82,CARD
CUST001486,4,Toys Games,04 28,Thursday,4437.85,CASH
CUST001487,4,Sports Fitness,01 12,Sunday,725.28,UPI
CUST001488,5,Beauty Personal Care,06 03,Monday,2610.93,CASH
CUST001489,3,Toys Games,21 42,Wednesday,1497.98,CARD
CUST001490,2,Books Stationery,18 08,Monday,1528.09,CASH
CUST001491,1,Fashion,01 49,Tuesday,2923.63,CASH
CUST001492,4,Healthcare,00 46,Sunday,2042.26,CASH
CUST001493,6,Healthcare,04 15,Tuesday,871.51,UPI
CUST001494,6,Food,07 34,Wednesday,401.90,CASH
CUST001495,3,Electronics,03 38,Sunday,4280.41,CASH
CUST001496,3,Grocery,17 17,Wednesday,526.61,CARD
CUST001497,2,Fashion,19 01,Tuesday,1288.22,CARD
CUST001498,3,Food,13 36,Thursday,287.68,CARD
CUST001499,3,Grocery,00 33,Monday,2551.82,UPI
CUST001500,2,Grocery,20 49,Thursday,1460.99,UPI
CUST001501,4,Grocery,09 55,Tuesday,2477.90,UPI
CUST001502,2,Grocery,19 01,Sunday,708.27,UPI
CUST001503,3,Toys Games,13 41,Wednesday,3149.50,UPI
CUST001504,3,Sports Fitness,08 54,Tuesday,1217.47,CASH
CUST001505,6,Electronics,19 28,Saturday,22448.38,CASH
CUST001506,5,Electronics,09 32,Monday,23926.91,CASH
CUST001507,6,Grocery,06 52,Tuesday,2666.02,CARD
CUST001508,5,Food,08 49,Tuesday,424.90,UPI
CUST001509,5,Electronics,16 27,Thursday,45592.27,CASH
CUST001510,3,Fashion,19 20,Saturday,1633.91,UPI
CUST001511,5,Toys Games,22 55,Thursday,4471.34,CARD
CUST001512,2,Home Kitchen,20 46,Sunday,4310.66,CASH
CUST001513,3,Books Stationery,11 24,Friday,1733.90,UPI
CUST001514,6,Books Stationery,00 15,Saturday,1420.83,CARD
CUST001515,6,Electronics,08 28,Wednesday,28564.09,CASH
CUST001516,4,Electronics,16 16,Monday,2484.30,UPI
CUST001517,5,Home Kitchen,09 58,Sunday,5832.31,UPI
CUST001518,1,Food,03 57,Friday,206.83,CASH
CUST001519,6,Toys Games,05 38,Monday,2311.77,CARD
CUST001520,6,Sports Fitness,06 11,Saturday,2725.36,UPI
CUST001521,3,Books Stationery,19 04,Sunday,1898.26,UPI
CUST001522,4,Books Stationery,03 26,Friday,813.53,CASH
CUST001523,4,Grocery,11 39,Saturday,1054.29,CARD
CUST001524,1,Beauty Personal Care,03 07,Sunday,982.59,CARD
CUST001525,1,Books Stationery,01 02,Tuesday,507.97,CASH
CUST001526,4,Beauty Personal Care,02 20,Sunday,2919.38,UPI
CUST001527,1,Healthcare,16 58,Thursday,3709.97,CASH
CUST001528,2,Sports Fitness,13 29,Wednesday,608.59,CARD
CUST001529,6,Electronics,01 48,Wednesday,36022.08,CARD
CUST001530,5,Fashion,17 37,Thursday,2266.51,CARD
CUST001531,1,Electronics,20 26,Friday,38682.42,UPI
CUST001532,3,Beauty Personal Care,03 49,Monday,1667.29,CASH
CUST001533,4,Home Kitchen,13 59,Friday,2193.89,UPI
CUST001534,6,Healthcare,10 05,Sunday,2440.85,UPI
CUST001535,5,Food,15 28,Tuesday,226.31,CASH
CUST001536,3,Healthcare,14 48,Tuesday,646.99,CARD
CUST001537,6,Grocery,06 51,Monday,684.58,CARD
CUST001538,4,Fashion,02 45,Friday,1756.38,CASH
CUST001539,2,Grocery,09 13,Wednesday,1096.61,UPI
CUST001540,6,Books Stationery,13 07,Sunday,372.97,CASH
CUST001541,4,Sports Fitness,02 23,Monday,10391.41,CASH
CUST001542,3,Electronics,03 16,Thursday,41361.80,UPI
CUST001543,4,Grocery,04 11,Friday,1626.08,CASH
CUST001544,2,Healthcare,15 36,Monday,1975.11,UPI
CUST001545,1,Grocery,07 04,Sunday,415.14,CARD
CUST001546,2,Sports Fitness,08 51,Monday,1320.80,CARD
CUST001547,6,Electronics,01 59,Tuesday,14489.83,CASH
CUST001548,6,Toys Games,20 09,Friday,750.42,UPI
CUST001549,5,Books Stationery,13 12,Monday,1508.44,CARD
CUST001550,5,Food,05 29,Monday,636.15,CASH
CUST001551,1,Healthcare,04 28,Monday,4257.21,CASH
CUST001552,2,Healthcare,23 32,Sunday,1421.33,CASH
CUST001553,4,Books Stationery,16 00,Saturday,705.40,CASH
CUST001554,5,Beauty Personal Care,05 35,Monday,2333.92,CASH
CUST001555,6,Electronics,06 12,Thursday,18369.75,CARD
CUST001556,1,Toys Games,14 08,Sunday,3667.86,UPI
CUST001557,4,Beauty Personal Care,07 36,Tuesday,1591.29,CARD
CUST001558,1,Home Kitchen,06 03,Monday,6935.56,CARD
CUST001559,1,Books Stationery,20 13,Saturday,1325.33,UPI
CUST001560,3,Sports Fitness,12 32,Tuesday,13624.89,UPI
CUST001561,5,Fashion,11 32,Wednesday,2840.14,UPI
CUST001562,5,Books Stationery,08 32,Monday,411.00,UPI
CUST001563,1,Food,03 55,Monday,201.46,CASH
CUST001564,3,Food,04 36,Saturday,593.79,UPI
CUST001565,3,Beauty Personal Care,10 49,Sunday,2100.01,CASH
CUST001566,1,Fashion,09 51,Wednesday,3917.00,CASH
CUST001567,5,Food,08 42,Wednesday,290.17,CASH
CUST001568,2,Grocery,13 09,Tuesday,2848.10,CARD
CUST001569,2,Fashion,11 07,Friday,1206.14,UPI
CUST001570,6,Food,19 38,Saturday,517.49,UPI
CUST001571,1,Beauty Personal Care,21 37,Friday,573.25,CARD
CUST001572,4,Books Stationery,10 58,Tuesday,558.16,CASH
CUST001573,6,Sports Fitness,02 53,Tuesday,10758.68,UPI
CUST001574,3,Grocery,22 59,Friday,1274.37,CASH
CUST001575,4,Books Stationery,17 55,Tuesday,392.50,UPI
CUST001576,5,Home Kitchen,22 53,Sunday,5360.44,UPI
CUST001577,1,Beauty Personal Care,18 47,Saturday,2193.20,CASH
CUST001578,5,Beauty Personal Care,19 57,Monday,1797.99,CARD
CUST001579,6,Sports Fitness,09 00,Saturday,11849.67,CASH
CUST001580,5,Grocery,08 39,Friday,265.39,UPI
CUST001581,1,Beauty Personal Care,16 46,Friday,2894.73,CARD
CUST001582,4,Electronics,01 31,Monday,16248.19,CASH
CUST001583,3,Grocery,14 35,Tuesday,1588.99,UPI
CUST001584,3,Food,10 20,Sunday,393.05,CASH
CUST001585,6,Healthcare,13 43,Friday,846.96,CARD
CUST001586,4,Home Kitchen,11 27,Saturday,814.95,UPI
CUST001587,4,Books Stationery,06 04,Monday,1233.57,CASH
CUST001588,1,Healthcare,14 01,Wednesday,4884.86,CASH
CUST001589,5,Fashion,04 11,Wednesday,2560.06,UPI
CUST001590,3,Grocery,01 23,Sunday,2780.97,UPI
CUST001591,3,Fashion,01 31,Friday,2539.52,CARD
CUST001592,5,Food,12 34,Tuesday,340.20,UPI
CUST001593,3,Books Stationery,00 38,Tuesday,663.01,CASH
CUST001594,5,Beauty Personal Care,23 49,Wednesday,1494.47,CASH
CUST001595,1,Toys Games,09 13,Sunday,4987.18,CARD
CUST001596,4,Beauty Personal Care,07 50,Thursday,1480.12,CASH
CUST001597,2,Beauty Personal Care,21 58,Friday,1939.60,CASH
CUST001598,2,Fashion,05 08,Sunday,2398.28,UPI
CUST001599,3,Grocery,12 16,Friday,1812.74,UPI
CUST001600,1,Beauty Personal Care,10 52,Monday,2676.74,CASH
CUST001601,5,Food,07 30,Tuesday,344.81,UPI
CUST001602,3,Food,00 55,Monday,197.59,CASH
CUST001603,2,Grocery,21 32,Thursday,1868.10,CASH
CUST001604,1,Electronics,13 22,Wednesday,8314.53,CARD
CUST001605,5,Food,07 54,Wednesday,524.18,CASH
CUST001606,4,Beauty Personal Care,10 08,Monday,2548.12,CARD
CUST001607,1,Home Kitchen,20 04,Friday,3983.56,CASH
CUST001608,4,Home Kitchen,20 02,Thursday,2801.49,CASH
CUST001609,5,Fashion,05 51,Monday,3422.63,CASH
CUST001610,3,Electronics,21 41,Friday,3261.12,CASH
CUST001611,3,Grocery,12 13,Sunday,595.50,UPI
CUST001612,4,Electronics,16 45,Tuesday,31353.36,CASH
CUST001613,1,Sports Fitness,19 27,Friday,14775.71,CARD
CUST001614,1,Fashion,17 50,Sunday,702.98,UPI
CUST001615,3,Electronics,03 36,Saturday,22078.32,UPI
CUST001616,4,Electronics,09 35,Thursday,6320.47,CARD
CUST001617,3,Healthcare,12 00,Saturday,3294.50,CASH
CUST001618,1,Toys Games,18 49,Friday,1720.07,CARD
CUST001619,3,Sports Fitness,01 07,Thursday,4123.43,CARD
CUST001620,6,Toys Games,07 39,Sunday,1038.15,UPI
CUST001621,6,Home Kitchen,19 52,Saturday,2934.02,CARD
CUST001622,4,Electronics,19 40,Saturday,28963.98,CARD
CUST001623,3,Grocery,10 28,Wednesday,877.94,UPI
CUST001624,4,Fashion,20 54,Saturday,2211.07,UPI
CUST001625,5,Grocery,13 54,Monday,2722.25,UPI
CUST001626,2,Fashion,20 19,Tuesday,1255.12,UPI
CUST001627,3,Healthcare,07 48,Sunday,453.24,UPI
CUST001628,1,Books Stationery,12 42,Wednesday,1619.90,CASH
CUST001629,4,Grocery,22 31,Tuesday,1337.04,CASH
CUST001630,1,Grocery,05 11,Monday,2215.65,CARD
CUST001631,6,Home Kitchen,04 42,Thursday,1636.24,CASH
CUST001632,3,Grocery,00 32,Tuesday,2368.59,CARD
CUST001633,1,Beauty Personal Care,12 02,Monday,594.23,CARD
CUST001634,6,Books Stationery,21 57,Saturday,1826.74,UPI
CUST001635,5,Food,23 18,Saturday,550.08,UPI
CUST001636,4,Healthcare,13 58,Monday,1027.97,CASH
CUST001637,4,Sports Fitness,13 20,Wednesday,3639.76,CASH
CUST001638,6,Food,00 31,Sunday,403.72,UPI
CUST001639,6,Toys Games,07 30,Sunday,1728.99,CARD
CUST001640,2,Sports Fitness,03 22,Sunday,13697.51,UPI
CUST001641,3,Grocery,16 10,Saturday,2705.29,UPI
CUST001642,1,Healthcare,02 50,Tuesday,2107.97,CARD
CUST001643,5,Books Stationery,23 48,Sunday,1161.25,UPI
CUST001644,4,Beauty Personal Care,06 57,Tuesday,1708.01,CASH
CUST001645,3,Food,01 27,Thursday,609.00,CASH
CUST001646,4,Beauty Personal Care,19 57,Wednesday,1723.90,UPI
CUST001647,4,Electronics,21 35,Sunday,46303.35,CASH
CUST001648,4,Food,17 43,Saturday,799.20,CASH
CUST001649,5,Grocery,12 11,Sunday,1099.59,CASH
CUST001650,4,Books Stationery,19 19,Friday,288.84,CARD
CUST001651,6,Fashion,23 18,Sunday,4481.69,CASH
CUST001652,5,Sports Fitness,20 35,Friday,4799.46,UPI
CUST001653,4,Beauty Personal Care,00 33,Thursday,405.28,UPI
CUST001654,4,Home Kitchen,16 39,Sunday,468.48,CASH
CUST001655,3,Toys Games,10 05,Thursday,335.59,CARD
CUST001656,5,Electronics,09 07,Saturday,29485.07,CASH
CUST001657,4,Grocery,01 01,Saturday,132.66,CASH
CUST001658,3,Beauty Personal Care,08 28,Friday,2263.64,CARD
CUST001659,4,Electronics,02 06,Wednesday,41415.66,CASH
CUST001660,6,Books Stationery,01 08,Thursday,493.76,UPI
CUST001661,2,Home Kitchen,06 34,Sunday,1684.42,CASH
CUST001662,2,Books Stationery,15 44,Saturday,897.45,UPI
CUST001663,6,Beauty Personal Care,03 39,Thursday,1689.48,CASH
CUST001664,1,Food,13 18,Wednesday,557.42,CASH
CUST001665,5,Grocery,14 23,Saturday,2075.00,CASH
CUST001666,2,Food,19 25,Monday,350.22,UPI
CUST001667,4,Electronics,22 26,Saturday,19269.42,CARD
CUST001668,5,Healthcare,05 03,Friday,740.74,CARD
CUST001669,2,Fashion,02 24,Thursday,2936.81,UPI
CUST001670,6,Healthcare,14 15,Tuesday,1643.84,CARD
CUST001671,5,Food,04 52,Tuesday,761.22,UPI
CUST001672,4,Home Kitchen,03 19,Wednesday,9239.31,UPI
CUST001673,2,Food,04 29,Wednesday,459.10,CASH
CUST001674,2,Grocery,02 28,Sunday,2872.76,CARD
CUST001675,1,Grocery,05 20,Friday,1546.87,CASH
CUST001676,6,Electronics,07 50,Thursday,2596.09,CASH
CUST001677,5,Food,09 58,Tuesday,357.41,CASH
CUST001678,1,Sports Fitness,20 50,Thursday,3297.41,CARD
CUST001679,1,Electronics,16 14,Tuesday,27302.27,UPI
CUST001680,2,Grocery,10 54,Friday,264.34,CARD
CUST001681,3,Home Kitchen,18 35,Thursday,925.24,CASH
CUST001682,1,Beauty Personal Care,18 04,Saturday,919.85,UPI
CUST001683,6,Books Stationery,15 09,Friday,992.48,CASH
CUST001684,3,Healthcare,01 34,Wednesday,1277.02,CASH
CUST001685,1,Toys Games,12 29,Tuesday,4006.59,CARD
CUST001686,3,Books Stationery,15 42,Tuesday,789.23,CASH
CUST001687,4,Beauty Personal Care,06 23,Thursday,2912.87,UPI
CUST001688,4,Books Stationery,18 56,Tuesday,1471.82,UPI
CUST001689,2,Sports Fitness,03 33,Thursday,10174.68,CARD
CUST001690,3,Beauty Personal Care,03 33,Saturday,1225.64,UPI
CUST001691,3,Electronics,16 16,Tuesday,38897.12,CASH
CUST001692,3,Toys Games,20 42,Friday,3436.17,UPI
CUST001693,3,Home Kitchen,11 11,Wednesday,7487.93,UPI
CUST001694,3,Home Kitchen,17 44,Saturday,5595.61,UPI
CUST001695,5,Healthcare,20 32,Sunday,245.41,CASH
CUST001696,2,Electronics,15 01,Thursday,25164.47,CASH
CUST001697,6,Electronics,22 26,Monday,13929.35,CASH
CUST001698,3,Electronics,01 01,Saturday,40135.31,CARD
CUST001699,4,Electronics,17 15,Saturday,47947.22,CARD
CUST001700,4,Home Kitchen,13 46,Thursday,4781.96,UPI
CUST001701,5,Beauty Personal Care,18 21,Sunday,1216.13,CASH
CUST001702,1,Fashion,19 53,Tuesday,2464.33,CARD
CUST001703,3,Books Stationery,10 46,Thursday,1347.23,CASH
CUST001704,4,Electronics,23 09,Tuesday,9553.57,CARD
CUST001705,6,Books Stationery,04 30,Tuesday,1824.58,CASH
CUST001706,4,Beauty Personal Care,15 47,Saturday,539.57,UPI
CUST001707,1,Home Kitchen,03 27,Sunday,4031.11,UPI
CUST001708,3,Food,01 48,Sunday,80.28,UPI
CUST001709,3,Grocery,18 42,Saturday,2292.35,UPI
CUST001710,6,Food,23 11,Tuesday,487.47,CASH
CUST001711,1,Beauty Personal Care,14 34,Monday,1738.34,CARD
CUST001712,4,Food,05 17,Saturday,186.37,CASH
CUST001713,2,Books Stationery,03 47,Thursday,1336.51,CARD
CUST001714,1,Beauty Personal Care,05 10,Tuesday,2837.22,UPI
CUST001715,1,Sports Fitness,09 14,Wednesday,2194.85,CASH
CUST001716,5,Fashion,17 52,Thursday,3662.41,CARD
CUST001717,1,Beauty Personal Care,10 54,Friday,375.79,CARD
CUST001718,3,Home Kitchen,00 06,Monday,2442.78,CASH
CUST001719,3,Healthcare,13 05,Wednesday,3892.46,UPI
CUST001720,4,Beauty Personal Care,19 15,Friday,2853.87,CASH
CUST001721,4,Home Kitchen,21 47,Friday,8264.26,CARD
CUST001722,3,Home Kitchen,12 38,Friday,9621.95,UPI
CUST001723,2,Books Stationery,09 57,Tuesday,586.79,CARD
CUST001724,5,Grocery,10 09,Sunday,1201.53,CASH
CUST001725,6,Fashion,15 41,Monday,3383.77,UPI
CUST001726,5,Sports Fitness,19 58,Tuesday,13218.22,CASH
CUST001727,4,Home Kitchen,02 54,Tuesday,9514.35,UPI
CUST001728,2,Fashion,17 58,Friday,2863.56,CARD
CUST001729,5,Fashion,20 47,Friday,3228.70,CARD
CUST001730,4,Food,14 12,Sunday,582.05,CASH
CUST001731,5,Sports Fitness,23 59,Monday,5977.34,CASH
CUST001732,2,Food,07 23,Friday,147.11,UPI
CUST001733,2,Toys Games,19 12,Thursday,1694.23,CARD
CUST001734,5,Food,03 54,Sunday,334.23,UPI
CUST001735,1,Toys Games,17 51,Friday,3866.06,CASH
CUST001736,1,Healthcare,07 27,Wednesday,335.88,CASH
CUST001737,2,Beauty Personal Care,04 44,Wednesday,1910.27,UPI
CUST001738,3,Sports Fitness,14 16,Friday,11760.51,UPI
CUST001739,1,Healthcare,15 57,Tuesday,927.29,CARD
CUST001740,3,Healthcare,18 04,Friday,1058.88,CASH
CUST001741,5,Books Stationery,17 31,Sunday,1239.48,UPI
CUST001742,5,Sports Fitness,21 42,Sunday,13752.96,UPI
CUST001743,3,Electronics,11 56,Thursday,36224.52,CARD
CUST001744,4,Healthcare,01 49,Thursday,4616.80,UPI
CUST001745,5,Food,03 35,Friday,681.16,CASH
CUST001746,1,Home Kitchen,06 45,Thursday,8404.38,CASH
CUST001747,5,Toys Games,19 45,Thursday,1092.82,UPI
CUST001748,3,Sports Fitness,19 00,Saturday,6201.88,CARD
CUST001749,4,Healthcare,15 14,Thursday,2639.36,CASH
CUST001750,6,Home Kitchen,06 41,Thursday,5527.59,UPI
CUST001751,6,Beauty Personal Care,07 35,Wednesday,425.53,CASH
CUST001752,2,Healthcare,22 17,Monday,3339.99,CARD
CUST001753,4,Grocery,06 50,Wednesday,2745.99,CASH
CUST001754,5,Beauty Personal Care,14 54,Thursday,661.07,CARD
CUST001755,1,Sports Fitness,23 38,Monday,9601.67,CASH
CUST001756,5,Books Stationery,18 30,Sunday,1132.68,CARD
CUST001757,1,Grocery,23 10,Friday,304.79,CASH
CUST001758,6,Toys Games,10 47,Saturday,2454.12,UPI
CUST001759,4,Grocery,12 47,Sunday,1548.34,UPI
CUST001760,1,Toys Games,02 56,Monday,1209.89,UPI
CUST001761,3,Books Stationery,00 49,Sunday,1538.88,CASH
CUST001762,4,Toys Games,13 34,Friday,1474.59,UPI
CUST001763,2,Beauty Personal Care,19 28,Monday,2919.27,CARD
CUST001764,1,Books Stationery,03 44,Tuesday,101.42,CARD
CUST001765,6,Toys Games,04 36,Tuesday,232.21,CARD
CUST001766,6,Books Stationery,05 21,Sunday,1186.24,UPI
CUST001767,1,Healthcare,07 52,Thursday,2793.77,CARD
CUST001768,5,Beauty Personal Care,13 50,Thursday,589.28,UPI
CUST001769,4,Toys Games,02 38,Sunday,505.22,CASH
CUST001770,3,Electronics,22 27,Monday,40976.35,UPI
CUST001771,3,Books Stationery,13 59,Monday,639.43,UPI
CUST001772,5,Home Kitchen,20 38,Monday,4893.83,CASH
CUST001773,1,Healthcare,19 07,Friday,3383.43,CARD
CUST001774,4,Beauty Personal Care,19 50,Sunday,1668.69,CARD
CUST001775,6,Electronics,21 23,Wednesday,39487.16,CARD
CUST001776,2,Grocery,06 14,Friday,721.35,UPI
CUST001777,4,Fashion,07 03,Monday,4778.25,CARD
CUST001778,6,Food,14 31,Thursday,166.79,CARD
CUST001779,6,Sports Fitness,10 51,Wednesday,3227.82,CARD
CUST001780,4,Healthcare,03 35,Sunday,889.08,UPI
CUST001781,4,Beauty Personal Care,23 41,Sunday,814.17,CASH
CUST001782,1,Electronics,16 08,Tuesday,7947.25,CASH
CUST001783,4,Healthcare,14 21,Wednesday,3497.91,CARD
CUST001784,1,Toys Games,23 04,Monday,2949.98,CASH
CUST001785,6,Sports Fitness,14 31,Monday,11863.47,UPI
CUST001786,1,Grocery,03 54,Friday,1757.61,UPI
CUST001787,4,Electronics,13 28,Monday,17704.15,UPI
CUST001788,3,Home Kitchen,15 32,Wednesday,7575.33,UPI
CUST001789,6,Beauty Personal Care,01 15,Sunday,794.36,UPI
CUST001790,3,Home Kitchen,21 46,Thursday,9822.25,UPI
CUST001791,3,Home Kitchen,04 27,Friday,9292.30,CARD
CUST001792,1,Healthcare,01 36,Sunday,4278.72,CASH
CUST001793,1,Electronics,03 24,Thursday,3320.32,UPI
CUST001794,2,Grocery,09 42,Sunday,130.79,UPI
CUST001795,6,Grocery,20 52,Thursday,1174.28,UPI
CUST001796,4,Healthcare,20 48,Saturday,825.32,UPI
CUST001797,2,Food,08 13,Sunday,331.61,UPI
CUST001798,1,Toys Games,22 01,Saturday,4175.40,CARD
CUST001799,1,Grocery,22 40,Friday,1949.77,CARD
CUST001800,2,Grocery,08 50,Thursday,2050.20,CASH
CUST001801,1,Beauty Personal Care,03 19,Friday,1480.90,CASH
CUST001802,1,Toys Games,07 39,Monday,226.67,CARD
CUST001803,3,Toys Games,02 30,Monday,4406.44,CASH
CUST001804,2,Home Kitchen,05 02,Thursday,6071.29,CARD
CUST001805,3,Toys Games,08 03,Tuesday,4519.64,CASH
CUST001806,3,Home Kitchen,19 06,Friday,5821.24,CARD
CUST001807,5,Sports Fitness,13 58,Tuesday,4368.81,CASH
CUST001808,6,Electronics,07 12,Wednesday,46175.53,CARD
CUST001809,4,Fashion,13 40,Sunday,2233.67,UPI
CUST001810,3,Healthcare,02 22,Monday,2757.41,CASH
CUST001811,3,Healthcare,07 01,Wednesday,3562.42,UPI
CUST001812,4,Toys Games,10 59,Sunday,2382.73,CARD
CUST001813,4,Fashion,20 52,Wednesday,1072.70,UPI
CUST001814,1,Toys Games,00 18,Monday,1700.93,CARD
CUST001815,1,Books Stationery,03 51,Wednesday,1644.41,UPI
CUST001816,2,Beauty Personal Care,15 33,Wednesday,1054.24,CARD
CUST001817,2,Sports Fitness,12 54,Sunday,4102.14,CASH
CUST001818,2,Toys Games,11 32,Wednesday,4329.18,CARD
CUST001819,3,Sports Fitness,03 37,Wednesday,5841.80,CARD
CUST001820,2,Fashion,23 36,Wednesday,3413.69,UPI
CUST001821,3,Toys Games,21 54,Friday,3660.72,CARD
CUST001822,3,Electronics,12 20,Monday,14357.26,CARD
CUST001823,1,Healthcare,00 48,Friday,3923.29,CASH
CUST001824,3,Beauty Personal Care,01 44,Wednesday,1403.76,CARD
CUST001825,3,Electronics,11 25,Saturday,37283.18,CARD
CUST001826,2,Healthcare,14 27,Saturday,638.03,CARD
CUST001827,5,Home Kitchen,14 48,Friday,8049.62,CASH
CUST001828,6,Toys Games,11 02,Tuesday,2058.04,CARD
CUST001829,2,Books Stationery,07 50,Thursday,1040.68,UPI
CUST001830,3,Books Stationery,01 32,Thursday,1782.24,UPI
CUST001831,4,Books Stationery,16 44,Monday,308.35,CARD
CUST001832,4,Healthcare,07 21,Sunday,1843.18,CASH
CUST001833,2,Electronics,08 58,Tuesday,14242.44,UPI
CUST001834,4,Beauty Personal Care,18 12,Saturday,1860.59,CASH
CUST001835,4,Healthcare,11 10,Friday,916.81,CASH
CUST001836,3,Home Kitchen,14 40,Wednesday,9780.72,CASH
CUST001837,1,Books Stationery,08 06,Saturday,1325.26,CASH
CUST001838,3,Fashion,03 41,Wednesday,704.91,CARD
CUST001839,1,Home Kitchen,12 56,Tuesday,7153.59,CASH
CUST001840,1,Electronics,05 53,Saturday,33146.48,UPI
CUST001841,2,Toys Games,06 14,Sunday,3325.66,CARD
CUST001842,3,Sports Fitness,22 25,Saturday,12453.51,CARD
CUST001843,6,Food,07 54,Wednesday,152.57,CARD
CUST001844,3,Grocery,16 07,Sunday,1468.79,UPI
CUST001845,3,Books Stationery,20 41,Wednesday,1254.43,CARD
CUST001846,1,Food,19 21,Monday,206.02,CASH
CUST001847,4,Beauty Personal Care,18 32,Monday,2184.87,CASH
CUST001848,3,Food,09 20,Monday,270.79,UPI
CUST001849,4,Food,16 29,Saturday,281.76,UPI
CUST001850,2,Healthcare,04 15,Wednesday,4503.42,CASH
CUST001851,6,Electronics,15 13,Monday,4913.05,CARD
CUST001852,1,Beauty Personal Care,02 57,Sunday,2854.12,UPI
CUST001853,4,Food,23 57,Friday,460.86,CARD
CUST001854,4,Food,08 09,Sunday,635.00,CASH
CUST001855,4,Healthcare,16 39,Saturday,640.03,CASH
CUST001856,4,Grocery,04 56,Tuesday,647.10,CARD
CUST001857,6,Electronics,07 46,Thursday,41391.31,CASH
CUST001858,3,Electronics,08 00,Saturday,36700.42,CARD
CUST001859,6,Books Stationery,11 59,Sunday,643.29,CARD
CUST001860,6,Fashion,20 08,Thursday,3941.52,UPI
CUST001861,6,Toys Games,21 45,Monday,2614.57,CARD
CUST001862,1,Grocery,12 48,Friday,2946.39,UPI
CUST001863,6,Grocery,07 36,Wednesday,2523.67,CASH
CUST001864,6,Food,14 38,Sunday,262.20,UPI
CUST001865,2,Food,02 09,Friday,705.58,UPI
CUST001866,2,Fashion,11 34,Thursday,4966.02,CASH
CUST001867,2,Electronics,09 35,Tuesday,13913.21,UPI
CUST001868,6,Healthcare,11 24,Sunday,3098.19,CARD
CUST001869,1,Electronics,13 56,Thursday,37063.02,CASH
CUST001870,6,Sports Fitness,22 22,Friday,9067.88,CARD
CUST001871,5,Sports Fitness,04 05,Friday,4095.06,CARD
CUST001872,1,Books Stationery,04 02,Wednesday,583.48,CASH
CUST001873,6,Toys Games,15 29,Wednesday,976.67,CARD
CUST001874,1,Books Stationery,07 19,Wednesday,1243.67,UPI
CUST001875,3,Sports Fitness,16 22,Saturday,6897.35,CARD
CUST001876,6,Sports Fitness,12 03,Sunday,8058.65,UPI
CUST001877,6,Electronics,23 48,Sunday,33235.63,CARD
CUST001878,1,Grocery,11 07,Wednesday,2385.93,UPI
CUST001879,5,Healthcare,22 50,Saturday,3771.60,CASH
CUST001880,4,Books Stationery,16 19,Friday,184.56,CASH
CUST001881,6,Electronics,21 07,Friday,29227.33,CASH
CUST001882,1,Grocery,21 14,Wednesday,768.76,CARD
CUST001883,5,Electronics,19 33,Sunday,30134.46,UPI
CUST001884,6,Grocery,21 20,Wednesday,411.55,CASH
CUST001885,6,Books Stationery,00 59,Thursday,1499.25,CASH
CUST001886,2,Fashion,12 37,Monday,3249.97,CARD
CUST001887,4,Sports Fitness,06 46,Saturday,11685.47,UPI
CUST001888,5,Toys Games,14 05,Thursday,3361.98,UPI
CUST001889,6,Home Kitchen,10 41,Tuesday,7231.40,CARD
CUST001890,4,Toys Games,17 08,Saturday,4506.88,CASH
CUST001891,1,Food,12 47,Tuesday,724.40,CARD
CUST001892,6,Sports Fitness,10 24,Sunday,6458.54,UPI
CUST001893,4,Beauty Personal Care,10 53,Sunday,2932.63,UPI
CUST001894,1,Food,20 21,Thursday,633.26,CARD
CUST001895,1,Home Kitchen,16 54,Friday,8965.05,UPI
CUST001896,5,Grocery,15 21,Friday,1812.29,UPI
CUST001897,6,Electronics,21 12,Sunday,26471.05,CARD
CUST001898,3,Food,12 56,Tuesday,627.98,CASH
CUST001899,4,Healthcare,12 27,Friday,1906.89,CASH
CUST001900,3,Fashion,23 02,Tuesday,4771.96,UPI
CUST001901,4,Grocery,03 41,Saturday,1957.49,CASH
CUST001902,5,Sports Fitness,18 45,Monday,5958.90,CASH
CUST001903,3,Sports Fitness,23 34,Tuesday,5456.01,CASH
CUST001904,4,Toys Games,07 35,Monday,2666.04,CARD
CUST001905,4,Books Stationery,01 45,Sunday,251.73,CASH
CUST001906,4,Toys Games,04 04,Tuesday,536.63,CASH
CUST001907,6,Electronics,06 27,Wednesday,46521.91,CARD
CUST001908,2,Beauty Personal Care,05 52,Monday,897.57,CASH
CUST001909,2,Electronics,09 02,Saturday,14916.67,CASH
CUST001910,4,Healthcare,07 47,Wednesday,2806.96,CASH
CUST001911,5,Home Kitchen,16 07,Sunday,5441.22,UPI
CUST001912,4,Sports Fitness,06 20,Saturday,1481.76,CARD
CUST001913,6,Healthcare,19 45,Thursday,2316.60,UPI
CUST001914,2,Sports Fitness,12 48,Thursday,12415.22,CASH
CUST001915,3,Food,07 08,Saturday,696.79,CARD
CUST001916,2,Healthcare,12 04,Sunday,2595.74,CASH
CUST001917,2,Fashion,13 09,Sunday,3693.76,CARD
CUST001918,5,Sports Fitness,18 42,Sunday,12991.78,UPI
CUST001919,2,Food,00 33,Monday,740.83,UPI
CUST001920,1,Home Kitchen,08 44,Friday,3281.87,CARD
CUST001921,4,Beauty Personal Care,19 28,Tuesday,1335.08,CARD
CUST001922,4,Fashion,14 41,Sunday,3441.02,CARD
CUST001923,2,Fashion,01 08,Sunday,4708.26,CARD
CUST001924,3,Food,15 04,Friday,129.76,CASH
CUST001925,2,Fashion,04 43,Wednesday,3315.27,CASH
CUST001926,4,Food,17 40,Friday,598.53,CARD
CUST001927,2,Healthcare,15 37,Tuesday,1437.58,CARD
CUST001928,1,Books Stationery,07 06,Sunday,611.48,CASH
CUST001929,2,Food,18 41,Tuesday,694.59,CASH
CUST001930,4,Toys Games,19 24,Tuesday,4336.14,UPI
CUST001931,1,Sports Fitness,07 52,Friday,11712.76,CASH
CUST001932,4,Books Stationery,22 15,Wednesday,674.00,UPI
CUST001933,2,Food,12 10,Monday,467.76,UPI
CUST001934,1,Toys Games,06 17,Tuesday,3404.33,UPI
CUST001935,3,Healthcare,19 40,Tuesday,3029.20,CARD
CUST001936,1,Electronics,16 22,Wednesday,19951.10,CARD
CUST001937,2,Sports Fitness,23 13,Monday,2874.08,UPI
CUST001938,1,Food,16 10,Thursday,109.62,CASH
CUST001939,1,Home Kitchen,15 33,Sunday,8449.12,CARD
CUST001940,6,Electronics,10 01,Saturday,41420.58,CARD
CUST001941,1,Beauty Personal Care,04 22,Saturday,2280.33,UPI
CUST001942,2,Grocery,13 02,Saturday,1876.12,CASH
CUST001943,6,Home Kitchen,16 00,Thursday,9238.53,CASH
CUST001944,4,Home Kitchen,14 20,Wednesday,3153.24,CASH
CUST001945,1,Fashion,12 54,Tuesday,1922.78,UPI
CUST001946,2,Electronics,14 09,Saturday,49837.25,UPI
CUST001947,6,Sports Fitness,18 07,Monday,11119.98,CARD
CUST001948,4,Home Kitchen,09 17,Monday,2466.17,CARD
CUST001949,6,Toys Games,06 13,Saturday,3350.30,UPI
CUST001950,6,Grocery,18 29,Saturday,1871.54,UPI
CUST001951,3,Electronics,13 46,Friday,13181.40,CARD
CUST001952,4,Home Kitchen,18 34,Wednesday,6858.07,UPI
CUST001953,3,Electronics,20 03,Saturday,1080.82,CARD
CUST001954,1,Fashion,17 30,Thursday,2464.12,CASH
CUST001955,5,Food,12 06,Monday,553.06,UPI
CUST001956,3,Sports Fitness,11 14,Thursday,14453.92,UPI
CUST001957,5,Healthcare,14 10,Friday,4610.16,CASH
CUST001958,6,Home Kitchen,06 51,Monday,6957.61,UPI
CUST001959,3,Electronics,12 19,Wednesday,21920.45,CASH
CUST001960,5,Grocery,02 59,Tuesday,2757.98,CASH
CUST001961,5,Food,10 42,Sunday,52.70,CARD
CUST001962,5,Sports Fitness,00 44,Friday,13654.92,CASH
CUST001963,3,Healthcare,04 49,Thursday,2727.50,CASH
CUST001964,5,Sports Fitness,16 23,Monday,6413.44,CASH
CUST001965,1,Toys Games,16 36,Wednesday,4032.54,UPI
CUST001966,4,Electronics,20 56,Tuesday,4766.50,CARD
CUST001967,6,Fashion,09 50,Wednesday,1210.38,CASH
CUST001968,5,Healthcare,01 05,Tuesday,3231.62,UPI
CUST001969,3,Books Stationery,23 10,Sunday,1483.57,CASH
CUST001970,4,Books Stationery,16 22,Thursday,1143.15,UPI
CUST001971,4,Beauty Personal Care,14 30,Saturday,629.97,UPI
CUST001972,6,Electronics,02 48,Friday,27120.09,CARD
CUST001973,1,Healthcare,23 26,Saturday,880.34,UPI
CUST001974,1,Sports Fitness,05 43,Sunday,11012.00,CARD
CUST001975,2,Healthcare,22 31,Thursday,2108.46,UPI
CUST001976,1,Fashion,20 18,Saturday,4250.82,CASH
CUST001977,2,Fashion,04 57,Tuesday,1802.66,UPI
CUST001978,2,Fashion,19 48,Sunday,1467.40,CARD
CUST001979,6,Food,03 54,Wednesday,308.54,CASH
CUST001980,4,Home Kitchen,06 26,Friday,6941.69,CASH
CUST001981,5,Healthcare,19 31,Monday,389.59,CARD
CUST001982,1,Healthcare,15 12,Wednesday,4551.22,CASH
CUST001983,4,Fashion,02 14,Sunday,953.11,CARD
CUST001984,5,Healthcare,10 01,Wednesday,4431.81,CARD
CUST001985,6,Books Stationery,05 46,Friday,164.78,CASH
CUST001986,4,Toys Games,02 50,Friday,1831.73,CASH
CUST001987,4,Beauty Personal Care,15 34,Friday,2344.69,UPI
CUST001988,6,Food,16 01,Tuesday,80.82,UPI
CUST001989,4,Sports Fitness,18 28,Friday,4213.05,CARD
CUST001990,6,Healthcare,18 49,Wednesday,945.43,CASH
CUST001991,5,Beauty Personal Care,00 24,Saturday,1935.34,UPI
CUST001992,4,Healthcare,09 04,Monday,496.18,CASH
CUST001993,1,Sports Fitness,01 32,Thursday,4104.17,CASH
CUST001994,6,Toys Games,22 32,Saturday,3353.87,CARD
CUST001995,2,Beauty Personal Care,10 38,Thursday,1841.95,UPI
CUST001996,6,Home Kitchen,20 02,Wednesday,9930.60,CARD
CUST001997,5,Grocery,23 17,Monday,351.15,CASH
CUST001998,6,Grocery,01 18,Tuesday,890.64,CASH
CUST001999,6,Home Kitchen,23 12,Sunday,6932.55,CARD
CUST002000,6,Home Kitchen,05 02,Thursday,8920.26,CARD
CUST002001,6,Electronics,18 13,Saturday,8560.75,CASH
CUST002002,5,Grocery,20 37,Monday,1268.96,CASH
CUST002003,6,Toys Games,16 03,Monday,2789.50,CARD
CUST002004,6,Beauty Personal Care,19 59,Wednesday,1761.30,CARD
CUST002005,2,Books Stationery,13 39,Tuesday,441.67,CARD
CUST002006,1,Sports Fitness,03 03,Tuesday,10187.41,UPI
CUST002007,4,Books Stationery,05 51,Thursday,477.44,CASH
CUST002008,5,Books Stationery,12 15,Tuesday,1897.28,CASH
CUST002009,4,Home Kitchen,07 50,Friday,1200.63,CASH
CUST002010,1,Fashion,09 41,Wednesday,1584.74,CARD
CUST002011,1,Books Stationery,22 29,Friday,551.63,CASH
CUST002012,4,Grocery,09 03,Sunday,2665.06,UPI
CUST002013,2,Grocery,17 57,Thursday,2015.19,CASH
CUST002014,5,Home Kitchen,19 01,Tuesday,919.69,UPI
CUST002015,2,Toys Games,07 03,Wednesday,1097.95,CARD
CUST002016,2,Beauty Personal Care,09 12,Monday,949.51,UPI
CUST002017,6,Grocery,21 29,Friday,2097.91,UPI
CUST002018,3,Healthcare,12 34,Wednesday,1820.84,CASH
CUST002019,2,Toys Games,16 12,Wednesday,2660.06,CARD
CUST002020,5,Food,15 54,Sunday,212.03,CARD
CUST002021,6,Beauty Personal Care,05 26,Monday,655.64,UPI
CUST002022,5,Toys Games,13 08,Friday,1273.91,UPI
CUST002023,4,Fashion,07 44,Saturday,1676.91,UPI
CUST002024,4,Electronics,20 09,Sunday,39504.64,UPI
CUST002025,3,Sports Fitness,10 09,Friday,8090.85,CASH
CUST002026,4,Food,18 47,Thursday,767.29,CARD
CUST002027,5,Healthcare,21 31,Thursday,4611.55,CASH
CUST002028,5,Sports Fitness,16 59,Friday,5428.42,UPI
CUST002029,1,Fashion,07 58,Thursday,3444.45,CASH
CUST002030,2,Food,23 59,Thursday,97.47,CASH
CUST002031,6,Grocery,20 54,Wednesday,2523.52,CASH
CUST002032,5,Sports Fitness,18 57,Friday,13643.86,CASH
CUST002033,3,Toys Games,16 21,Friday,3665.94,UPI
CUST002034,2,Toys Games,19 12,Wednesday,1184.26,CASH
CUST002035,2,Beauty Personal Care,14 58,Tuesday,2223.30,UPI
CUST002036,2,Home Kitchen,01 47,Friday,4137.66,UPI
CUST002037,1,Healthcare,05 50,Wednesday,176.05,CARD
CUST002038,2,Electronics,00 29,Wednesday,9703.44,UPI
CUST002039,6,Grocery,21 21,Tuesday,1377.65,UPI
CUST002040,1,Beauty Personal Care,09 21,Tuesday,1002.60,CASH
CUST002041,2,Beauty Personal Care,12 59,Saturday,677.08,CASH
CUST002042,5,Toys Games,01 11,Friday,3772.32,CARD
CUST002043,5,Beauty Personal Care,12 05,Monday,883.34,CARD
CUST002044,5,Beauty Personal Care,15 44,Tuesday,2720.55,CASH
CUST002045,4,Grocery,05 15,Tuesday,884.38,CASH
CUST002046,2,Beauty Personal Care,17 21,Sunday,1292.67,CARD
CUST002047,5,Healthcare,20 48,Saturday,1611.71,CASH
CUST002048,1,Fashion,10 52,Sunday,2913.50,CASH
CUST002049,3,Grocery,22 31,Wednesday,205.60,UPI
CUST002050,2,Fashion,23 33,Tuesday,1594.87,UPI
CUST002051,5,Books Stationery,00 45,Tuesday,530.50,CARD
CUST002052,2,Healthcare,19 32,Monday,2972.29,CARD
CUST002053,5,Home Kitchen,07 37,Thursday,6040.14,CASH
CUST002054,6,Beauty Personal Care,11 44,Thursday,2642.28,UPI
CUST002055,4,Healthcare,00 31,Sunday,1341.67,UPI
CUST002056,2,Grocery,12 23,Saturday,1846.59,UPI
CUST002057,3,Electronics,13 49,Wednesday,38303.68,CARD
CUST002058,1,Home Kitchen,16 04,Saturday,4215.69,CARD
CUST002059,4,Sports Fitness,04 44,Sunday,4990.08,CARD
CUST002060,2,Healthcare,05 37,Tuesday,2686.48,CASH
CUST002061,3,Toys Games,22 37,Wednesday,4750.27,UPI
CUST002062,2,Beauty Personal Care,10 12,Monday,2086.92,CARD
CUST002063,3,Books Stationery,19 42,Sunday,813.92,CARD
CUST002064,4,Beauty Personal Care,02 54,Monday,719.31,CASH
CUST002065,4,Books Stationery,07 33,Wednesday,454.74,UPI
CUST002066,5,Sports Fitness,16 46,Wednesday,5550.02,CARD
CUST002067,2,Grocery,20 52,Tuesday,1644.80,CARD
CUST002068,1,Electronics,13 10,Friday,31498.80,CASH
CUST002069,2,Food,08 23,Wednesday,765.39,UPI
CUST002070,5,Healthcare,23 45,Thursday,2468.15,UPI
CUST002071,2,Fashion,22 45,Monday,3844.62,UPI
CUST002072,6,Beauty Personal Care,10 16,Saturday,1633.12,CARD
CUST002073,3,Fashion,00 17,Tuesday,2410.42,CARD
CUST002074,5,Sports Fitness,12 42,Thursday,13891.53,CARD
CUST002075,1,Toys Games,07 19,Sunday,4690.81,UPI
CUST002076,6,Healthcare,05 46,Monday,4481.81,UPI
CUST002077,6,Books Stationery,14 29,Wednesday,1311.76,CASH
CUST002078,6,Electronics,22 40,Sunday,34990.98,CARD
CUST002079,1,Books Stationery,12 57,Saturday,1276.70,UPI
CUST002080,2,Toys Games,23 05,Friday,4505.76,UPI
CUST002081,2,Home Kitchen,16 40,Thursday,2150.28,UPI
CUST002082,2,Healthcare,13 43,Friday,824.42,CASH
CUST002083,4,Electronics,09 41,Thursday,8362.19,CARD
CUST002084,2,Grocery,06 47,Sunday,466.02,CARD
CUST002085,6,Books Stationery,22 39,Wednesday,535.30,CASH
CUST002086,1,Healthcare,17 33,Friday,2496.96,CASH
CUST002087,1,Food,11 54,Wednesday,257.99,UPI
CUST002088,6,Beauty Personal Care,19 54,Sunday,2182.75,CARD
CUST002089,3,Sports Fitness,10 24,Saturday,2182.37,UPI
CUST002090,3,Electronics,12 34,Wednesday,34900.22,CARD
CUST002091,3,Home Kitchen,02 50,Saturday,7029.11,CARD
CUST002092,4,Healthcare,10 19,Wednesday,975.91,CASH
CUST002093,2,Books Stationery,07 30,Sunday,1626.93,CASH
CUST002094,3,Electronics,06 53,Friday,21296.32,CASH
CUST002095,2,Beauty Personal Care,21 52,Sunday,2704.09,CASH
CUST002096,4,Food,12 18,Wednesday,323.45,CARD
CUST002097,3,Books Stationery,06 38,Thursday,1603.13,UPI
CUST002098,2,Healthcare,05 45,Saturday,1905.52,UPI
CUST002099,4,Books Stationery,06 43,Monday,1040.93,UPI
CUST002100,5,Toys Games,01 46,Thursday,365.09,CASH
CUST002101,3,Books Stationery,16 37,Monday,1000.24,CASH
CUST002102,3,Beauty Personal Care,08 55,Thursday,1087.28,CARD
CUST002103,6,Fashion,09 44,Thursday,2217.44,UPI
CUST002104,2,Books Stationery,19 22,Thursday,1465.72,CASH
CUST002105,6,Food,19 57,Sunday,328.46,CARD
CUST002106,2,Healthcare,18 04,Monday,4235.86,CARD
CUST002107,1,Home Kitchen,11 35,Wednesday,4607.84,UPI
CUST002108,5,Home Kitchen,17 00,Tuesday,1668.03,UPI
CUST002109,5,Healthcare,09 35,Thursday,4117.58,CASH
CUST002110,3,Grocery,08 40,Sunday,422.84,CASH
CUST002111,2,Sports Fitness,18 07,Saturday,2266.18,UPI
CUST002112,1,Sports Fitness,11 51,Thursday,3189.06,CARD
CUST002113,6,Grocery,22 38,Wednesday,2608.13,UPI
CUST002114,4,Books Stationery,03 16,Thursday,389.82,CARD
CUST002115,1,Healthcare,00 37,Saturday,644.32,CARD
CUST002116,5,Beauty Personal Care,09 32,Tuesday,665.56,CASH
CUST002117,4,Healthcare,03 24,Wednesday,2052.87,CARD
CUST002118,4,Grocery,00 27,Friday,1703.63,UPI
CUST002119,4,Grocery,18 22,Friday,947.30,CARD
CUST002120,3,Food,19 40,Saturday,175.81,CARD
CUST002121,6,Books Stationery,06 43,Tuesday,1187.51,CASH
CUST002122,3,Home Kitchen,13 21,Sunday,1329.72,CASH
CUST002123,5,Toys Games,08 46,Thursday,1727.09,UPI
CUST002124,4,Electronics,03 35,Saturday,1989.11,CARD
CUST002125,4,Books Stationery,11 21,Friday,1613.56,UPI
CUST002126,6,Books Stationery,03 45,Friday,1890.93,CARD
CUST002127,6,Electronics,09 26,Saturday,47456.42,CARD
CUST002128,2,Electronics,11 45,Tuesday,14949.49,CARD
CUST002129,1,Toys Games,23 19,Wednesday,272.17,CARD
CUST002130,4,Electronics,09 23,Sunday,20383.38,CARD
CUST002131,2,Electronics,16 10,Saturday,40069.32,UPI
CUST002132,5,Fashion,11 35,Sunday,1881.30,CARD
CUST002133,1,Healthcare,03 41,Monday,2668.88,UPI
CUST002134,1,Electronics,12 23,Sunday,41319.19,UPI
CUST002135,5,Books Stationery,16 28,Friday,539.40,CASH
CUST002136,1,Sports Fitness,10 58,Friday,1475.89,CARD
CUST002137,1,Grocery,13 03,Monday,2740.56,CASH
CUST002138,3,Fashion,02 04,Tuesday,3131.57,UPI
CUST002139,4,Books Stationery,23 29,Sunday,1651.97,UPI
CUST002140,4,Sports Fitness,12 41,Sunday,9057.03,CASH
CUST002141,1,Home Kitchen,10 54,Saturday,4155.29,CARD
CUST002142,5,Home Kitchen,01 29,Friday,6613.20,CASH
CUST002143,3,Books Stationery,13 57,Saturday,1328.20,CARD
CUST002144,5,Beauty Personal Care,15 26,Friday,2088.15,CARD
CUST002145,5,Fashion,03 37,Friday,3680.17,CARD
CUST002146,4,Toys Games,05 56,Monday,1925.69,CARD
CUST002147,2,Food,19 56,Sunday,618.48,CASH
CUST002148,2,Beauty Personal Care,22 04,Saturday,2728.23,CASH
CUST002149,5,Food,10 26,Sunday,724.68,CARD
CUST002150,2,Home Kitchen,14 18,Saturday,5518.57,UPI
CUST002151,6,Fashion,23 37,Monday,753.12,CASH
CUST002152,5,Grocery,23 17,Wednesday,1400.41,CASH
CUST002153,1,Sports Fitness,16 07,Thursday,3516.43,CARD
CUST002154,4,Healthcare,17 39,Wednesday,3104.68,CASH
CUST002155,1,Food,07 21,Monday,770.32,CASH
CUST002156,1,Fashion,23 33,Friday,860.96,CARD
CUST002157,3,Beauty Personal Care,17 16,Friday,1036.30,UPI
CUST002158,1,Sports Fitness,02 59,Tuesday,11109.98,CARD
CUST002159,6,Healthcare,13 18,Monday,4909.87,CARD
CUST002160,1,Food,15 05,Thursday,253.14,CARD
CUST002161,2,Toys Games,16 41,Friday,394.68,CASH
CUST002162,6,Sports Fitness,23 23,Saturday,14114.48,CASH
CUST002163,1,Beauty Personal Care,14 10,Sunday,2848.82,UPI
CUST002164,6,Toys Games,12 24,Friday,2888.98,CASH
CUST002165,5,Food,01 32,Sunday,130.12,CASH
CUST002166,4,Beauty Personal Care,03 09,Sunday,2306.99,CARD
CUST002167,5,Food,06 44,Thursday,73.20,UPI
CUST002168,3,Books Stationery,16 31,Monday,575.43,CARD
CUST002169,2,Books Stationery,16 53,Sunday,991.07,CASH
CUST002170,4,Fashion,09 59,Wednesday,4265.02,CARD
CUST002171,1,Fashion,23 37,Friday,4290.61,CARD
CUST002172,1,Toys Games,22 32,Saturday,698.20,UPI
CUST002173,5,Home Kitchen,18 04,Wednesday,1265.83,CARD
CUST002174,1,Toys Games,19 49,Friday,3111.35,CARD
CUST002175,5,Electronics,08 59,Thursday,39500.90,CARD
CUST002176,2,Grocery,23 56,Sunday,2140.94,UPI
CUST002177,1,Sports Fitness,11 35,Wednesday,13061.10,UPI
CUST002178,2,Healthcare,11 33,Thursday,1301.54,CASH
CUST002179,3,Home Kitchen,21 52,Saturday,9462.32,CASH
CUST002180,6,Books Stationery,20 43,Saturday,430.23,UPI
CUST002181,5,Home Kitchen,04 35,Wednesday,4212.14,CASH
CUST002182,1,Healthcare,14 44,Monday,4789.19,UPI
CUST002183,4,Books Stationery,14 04,Thursday,1946.90,UPI
CUST002184,5,Healthcare,13 31,Monday,1144.01,CASH
CUST002185,3,Electronics,10 31,Tuesday,48540.29,CARD
CUST002186,1,Grocery,12 52,Monday,2370.24,CARD
CUST002187,5,Grocery,13 46,Saturday,1716.91,CASH
CUST002188,6,Toys Games,07 49,Tuesday,2232.31,CARD
CUST002189,1,Sports Fitness,15 36,Wednesday,11044.44,UPI
CUST002190,5,Books Stationery,17 48,Monday,1145.60,CASH
CUST002191,4,Toys Games,15 31,Thursday,3016.27,CASH
CUST002192,5,Food,06 12,Monday,750.33,CASH
CUST002193,1,Food,08 19,Tuesday,541.85,UPI
CUST002194,3,Sports Fitness,20 03,Monday,12725.82,UPI
CUST002195,4,Books Stationery,17 06,Thursday,1111.85,CARD
CUST002196,1,Healthcare,23 26,Monday,4532.40,CASH
CUST002197,3,Fashion,16 45,Thursday,2605.95,CASH
CUST002198,5,Fashion,22 59,Tuesday,1707.32,UPI
CUST002199,1,Food,11 37,Wednesday,524.37,CASH
CUST002200,5,Sports Fitness,21 24,Tuesday,2735.31,CARD
CUST002201,5,Books Stationery,02 25,Thursday,419.63,CASH
CUST002202,3,Beauty Personal Care,00 40,Sunday,598.34,CASH
CUST002203,5,Fashion,04 11,Friday,4458.15,CARD
CUST002204,6,Grocery,07 36,Sunday,1340.61,CARD
CUST002205,3,Sports Fitness,11 41,Friday,6252.50,UPI
CUST002206,3,Sports Fitness,11 56,Thursday,10146.94,CASH
CUST002207,2,Electronics,10 23,Tuesday,26715.98,CARD
CUST002208,5,Books Stationery,14 24,Wednesday,1032.29,CASH
CUST002209,1,Sports Fitness,22 39,Thursday,14892.56,UPI
CUST002210,4,Books Stationery,02 28,Saturday,306.98,UPI
CUST002211,1,Sports Fitness,16 03,Saturday,12440.55,CARD
CUST002212,5,Fashion,10 34,Wednesday,3795.90,CARD
CUST002213,3,Electronics,21 39,Sunday,13096.07,UPI
CUST002214,1,Grocery,05 02,Thursday,970.97,UPI
CUST002215,5,Beauty Personal Care,15 54,Tuesday,398.18,CASH
CUST002216,5,Beauty Personal Care,22 37,Sunday,451.12,CASH
CUST002217,1,Grocery,19 47,Sunday,2877.76,CARD
CUST002218,3,Home Kitchen,20 28,Friday,4034.89,CASH
CUST002219,4,Food,07 52,Sunday,616.32,CARD
CUST002220,3,Beauty Personal Care,12 31,Thursday,2718.21,CASH
CUST002221,5,Sports Fitness,03 29,Friday,13845.23,CARD
CUST002222,4,Toys Games,20 19,Tuesday,1647.61,UPI
CUST002223,3,Grocery,11 47,Tuesday,1064.51,CASH
CUST002224,4,Beauty Personal Care,02 22,Monday,275.21,UPI
CUST002225,3,Beauty Personal Care,23 29,Tuesday,2988.94,CARD
CUST002226,1,Home Kitchen,17 38,Sunday,4048.10,CARD
CUST002227,1,Grocery,10 29,Thursday,2406.71,UPI
CUST002228,1,Electronics,21 03,Thursday,21901.17,CASH
CUST002229,6,Home Kitchen,21 57,Wednesday,5240.29,CASH
CUST002230,5,Grocery,00 11,Friday,2753.66,UPI
CUST002231,1,Beauty Personal Care,14 36,Tuesday,1305.18,CARD
CUST002232,1,Food,08 12,Sunday,761.80,CARD
CUST002233,5,Food,06 43,Sunday,86.54,UPI
CUST002234,3,Beauty Personal Care,20 57,Thursday,1128.76,CASH
CUST002235,5,Toys Games,14 58,Thursday,2782.14,CARD
CUST002236,5,Books Stationery,12 19,Monday,730.66,UPI
CUST002237,1,Fashion,08 19,Friday,2182.84,UPI
CUST002238,6,Grocery,23 24,Tuesday,982.75,CARD
CUST002239,1,Grocery,13 44,Saturday,2474.55,CARD
CUST002240,6,Healthcare,04 09,Monday,1907.75,UPI
CUST002241,1,Sports Fitness,14 23,Thursday,811.14,CASH
CUST002242,4,Beauty Personal Care,21 37,Sunday,374.33,CARD
CUST002243,6,Fashion,20 19,Sunday,3672.44,CASH
CUST002244,3,Healthcare,09 44,Saturday,4903.10,UPI
CUST002245,5,Home Kitchen,12 57,Saturday,1180.62,CARD
CUST002246,1,Fashion,22 34,Sunday,4623.38,CARD
CUST002247,3,Sports Fitness,01 38,Sunday,4024.79,CASH
CUST002248,2,Healthcare,22 56,Tuesday,3120.46,UPI
CUST002249,3,Grocery,21 03,Thursday,2148.95,CARD
CUST002250,4,Home Kitchen,12 43,Tuesday,5485.04,CARD
CUST002251,4,Toys Games,04 21,Wednesday,2131.30,CASH
CUST002252,6,Home Kitchen,03 27,Monday,695.93,UPI
CUST002253,3,Sports Fitness,23 21,Saturday,6583.85,CASH
CUST002254,3,Grocery,17 20,Thursday,1203.49,UPI
CUST002255,2,Healthcare,09 26,Wednesday,510.71,CASH
CUST002256,4,Grocery,05 45,Friday,2344.47,CARD
CUST002257,6,Healthcare,03 55,Saturday,3091.36,CASH
CUST002258,1,Food,03 17,Saturday,294.54,CARD
CUST002259,5,Fashion,05 52,Sunday,1607.98,CARD
CUST002260,4,Books Stationery,15 21,Monday,1121.08,UPI
CUST002261,1,Sports Fitness,08 17,Monday,12350.31,UPI
CUST002262,5,Electronics,20 12,Saturday,12812.83,CASH
CUST002263,3,Books Stationery,13 55,Saturday,632.58,UPI
CUST002264,4,Healthcare,06 46,Friday,2686.92,CASH
CUST002265,3,Books Stationery,18 46,Friday,1161.82,UPI
CUST002266,3,Healthcare,16 23,Monday,1739.20,CASH
CUST002267,4,Books Stationery,03 26,Friday,1789.13,CARD
CUST002268,4,Grocery,07 32,Thursday,2995.91,CASH
CUST002269,4,Books Stationery,08 05,Saturday,286.87,CASH
CUST002270,5,Food,01 40,Monday,466.31,CASH
CUST002271,5,Toys Games,01 19,Saturday,3172.14,CARD
CUST002272,2,Healthcare,07 13,Friday,1130.74,UPI
CUST002273,3,Home Kitchen,12 21,Monday,4521.87,UPI
CUST002274,6,Fashion,15 19,Sunday,4943.16,UPI
CUST002275,2,Books Stationery,16 39,Thursday,347.00,UPI
CUST002276,5,Fashion,12 12,Friday,3121.14,CASH
CUST002277,2,Books Stationery,10 26,Tuesday,851.05,UPI
CUST002278,6,Books Stationery,03 54,Tuesday,1864.29,CARD
CUST002279,4,Books Stationery,12 51,Saturday,1546.58,CASH
CUST002280,2,Home Kitchen,06 50,Thursday,7754.95,CASH
CUST002281,1,Grocery,05 02,Friday,584.25,CASH
CUST002282,4,Home Kitchen,21 34,Thursday,967.29,UPI
CUST002283,6,Grocery,14 36,Friday,605.27,UPI
CUST002284,6,Fashion,01 24,Wednesday,4141.79,CASH
CUST002285,6,Food,20 18,Monday,532.60,UPI
CUST002286,5,Fashion,06 00,Wednesday,3708.03,CASH
CUST002287,6,Grocery,17 43,Monday,2553.52,UPI
CUST002288,6,Home Kitchen,09 07,Tuesday,7147.33,CASH
CUST002289,1,Grocery,08 49,Thursday,2198.84,CASH
CUST002290,2,Home Kitchen,05 28,Thursday,7038.50,CARD
CUST002291,4,Electronics,01 25,Tuesday,24563.16,CARD
CUST002292,1,Fashion,21 28,Friday,3548.41,CARD
CUST002293,6,Fashion,04 58,Sunday,4147.85,UPI
CUST002294,6,Home Kitchen,23 58,Monday,390.37,CASH
CUST002295,2,Grocery,22 23,Friday,1659.20,CASH
CUST002296,3,Grocery,01 39,Monday,1890.17,CASH
CUST002297,2,Fashion,14 37,Tuesday,1711.08,CARD
CUST002298,5,Grocery,21 07,Monday,1776.93,CASH
CUST002299,3,Sports Fitness,19 46,Thursday,12634.93,UPI
CUST002300,1,Fashion,10 16,Saturday,3301.25,UPI
CUST002301,4,Beauty Personal Care,13 27,Saturday,1282.93,CARD
CUST002302,4,Fashion,20 53,Wednesday,510.42,CASH
CUST002303,5,Fashion,20 03,Saturday,4638.02,UPI
CUST002304,3,Beauty Personal Care,15 02,Sunday,2614.23,CASH
CUST002305,1,Home Kitchen,00 26,Tuesday,9189.04,UPI
CUST002306,6,Healthcare,09 15,Thursday,539.80,CARD
CUST002307,3,Grocery,20 10,Saturday,897.44,CARD
CUST002308,1,Home Kitchen,11 06,Thursday,5065.00,CARD
CUST002309,3,Food,00 39,Wednesday,633.22,CASH
CUST002310,2,Home Kitchen,22 36,Wednesday,418.81,CASH
CUST002311,5,Food,19 20,Wednesday,137.57,UPI
CUST002312,1,Fashion,03 37,Wednesday,4861.67,CASH
CUST002313,2,Home Kitchen,16 16,Wednesday,9337.22,CASH
CUST002314,1,Beauty Personal Care,08 10,Sunday,691.89,CASH
CUST002315,4,Home Kitchen,08 38,Thursday,6710.09,CARD
CUST002316,1,Grocery,06 33,Tuesday,1003.49,UPI
CUST002317,2,Food,07 25,Monday,136.24,CASH
CUST002318,5,Healthcare,11 34,Monday,4619.34,CASH
CUST002319,6,Toys Games,06 22,Tuesday,4183.87,CARD
CUST002320,3,Toys Games,03 49,Wednesday,732.58,CARD
CUST002321,3,Books Stationery,19 31,Tuesday,114.04,CASH
CUST002322,1,Food,01 32,Tuesday,248.80,CARD
CUST002323,3,Books Stationery,22 11,Monday,1884.45,CARD
CUST002324,3,Beauty Personal Care,17 12,Wednesday,793.66,CASH
CUST002325,5,Food,01 05,Sunday,475.74,CARD
CUST002326,4,Grocery,10 09,Sunday,2863.41,CARD
CUST002327,1,Food,04 20,Friday,358.16,CARD
CUST002328,6,Electronics,02 46,Monday,18399.63,CASH
CUST002329,5,Electronics,09 31,Thursday,48541.47,CARD
CUST002330,2,Healthcare,08 52,Saturday,3553.35,UPI
CUST002331,6,Healthcare,22 25,Wednesday,2415.62,CARD
CUST002332,5,Fashion,19 02,Monday,3357.70,CASH
CUST002333,6,Books Stationery,02 14,Sunday,1535.82,CARD
CUST002334,1,Books Stationery,03 21,Friday,1935.14,CASH
CUST002335,4,Food,05 53,Monday,257.02,CARD
CUST002336,3,Healthcare,13 22,Wednesday,526.13,UPI
CUST002337,4,Sports Fitness,04 24,Friday,13550.64,CARD
CUST002338,6,Food,22 04,Monday,466.44,CASH
CUST002339,1,Fashion,00 51,Saturday,1213.27,CARD
CUST002340,2,Food,10 59,Sunday,71.45,UPI
CUST002341,3,Books Stationery,11 55,Monday,173.98,CARD
CUST002342,4,Sports Fitness,21 33,Saturday,7567.24,UPI
CUST002343,4,Food,15 33,Tuesday,471.73,UPI
CUST002344,4,Fashion,09 30,Monday,1781.58,CARD
CUST002345,4,Sports Fitness,13 29,Saturday,14252.96,CASH
CUST002346,1,Toys Games,02 13,Saturday,3979.69,CARD
CUST002347,3,Electronics,11 55,Monday,27923.39,CARD
CUST002348,2,Beauty Personal Care,15 19,Sunday,1523.65,CASH
CUST002349,4,Healthcare,22 31,Friday,1598.43,CARD
CUST002350,2,Electronics,11 15,Tuesday,36102.34,CASH
CUST002351,5,Sports Fitness,13 22,Wednesday,12592.06,UPI
CUST002352,5,Home Kitchen,12 15,Thursday,4363.11,UPI
CUST002353,3,Home Kitchen,07 42,Tuesday,9617.46,CARD
CUST002354,6,Beauty Personal Care,20 23,Thursday,374.32,CASH
CUST002355,6,Books Stationery,18 22,Sunday,726.08,UPI
CUST002356,4,Home Kitchen,04 53,Monday,654.49,CARD
CUST002357,2,Beauty Personal Care,10 14,Saturday,2271.40,CARD
CUST002358,1,Home Kitchen,05 21,Wednesday,3849.27,CASH
CUST002359,1,Books Stationery,03 17,Saturday,460.36,UPI
CUST002360,2,Books Stationery,17 01,Tuesday,1106.43,UPI
CUST002361,1,Healthcare,01 55,Friday,3926.94,CARD
CUST002362,2,Toys Games,08 53,Thursday,2636.44,CARD
CUST002363,6,Toys Games,22 18,Monday,1055.16,UPI
CUST002364,5,Fashion,15 48,Wednesday,2526.82,CARD
CUST002365,6,Beauty Personal Care,21 14,Friday,1325.65,UPI
CUST002366,6,Beauty Personal Care,04 17,Friday,2037.51,CASH
CUST002367,4,Grocery,13 23,Sunday,2740.84,CASH
CUST002368,4,Grocery,15 37,Sunday,2015.02,CASH
CUST002369,1,Sports Fitness,08 22,Tuesday,7829.70,UPI
CUST002370,4,Beauty Personal Care,16 52,Wednesday,2369.51,UPI
CUST002371,4,Sports Fitness,16 40,Monday,6549.51,CASH
CUST002372,4,Sports Fitness,12 42,Sunday,8497.92,UPI
CUST002373,3,Fashion,14 47,Wednesday,2449.74,UPI
CUST002374,1,Electronics,01 56,Friday,13934.32,CARD
CUST002375,4,Home Kitchen,08 00,Monday,1246.74,CASH
CUST002376,1,Home Kitchen,00 57,Thursday,3916.49,CARD
CUST002377,2,Food,19 57,Saturday,179.42,CARD
CUST002378,6,Beauty Personal Care,03 36,Thursday,1521.45,CASH
CUST002379,1,Beauty Personal Care,15 22,Sunday,1826.39,CASH
CUST002380,6,Food,12 52,Saturday,779.12,UPI
CUST002381,1,Sports Fitness,13 39,Tuesday,13334.73,UPI
CUST002382,1,Home Kitchen,23 36,Wednesday,7470.70,CASH
CUST002383,5,Healthcare,13 30,Monday,1910.59,CARD
CUST002384,2,Home Kitchen,14 43,Saturday,1058.64,UPI
CUST002385,3,Beauty Personal Care,00 10,Sunday,928.19,CARD
CUST002386,1,Toys Games,07 38,Wednesday,1716.39,CASH
CUST002387,3,Home Kitchen,22 08,Friday,8707.63,CARD
CUST002388,6,Home Kitchen,05 29,Friday,4567.40,UPI
CUST002389,5,Home Kitchen,22 44,Wednesday,8389.57,CASH
CUST002390,6,Grocery,19 55,Monday,1712.73,CASH
CUST002391,5,Toys Games,19 25,Friday,2848.10,CASH
CUST002392,1,Books Stationery,04 21,Friday,833.91,UPI
CUST002393,2,Fashion,03 43,Friday,3153.04,CARD
CUST002394,2,Healthcare,11 11,Saturday,4380.68,CASH
CUST002395,5,Food,05 29,Saturday,698.14,UPI
CUST002396,6,Healthcare,13 05,Monday,3462.64,CARD
CUST002397,4,Toys Games,03 26,Monday,1463.09,CARD
CUST002398,3,Electronics,16 33,Tuesday,45757.06,CASH
CUST002399,2,Fashion,22 46,Wednesday,3849.24,UPI
CUST002400,3,Electronics,16 16,Wednesday,17486.09,UPI
CUST002401,6,Grocery,17 53,Wednesday,547.47,CASH
CUST002402,4,Sports Fitness,08 56,Thursday,7494.20,CARD
CUST002403,4,Fashion,15 33,Saturday,3970.39,CARD
CUST002404,2,Home Kitchen,03 47,Thursday,8006.83,CARD
CUST002405,3,Toys Games,00 02,Tuesday,4523.20,CASH
CUST002406,3,Books Stationery,06 04,Thursday,1772.96,CARD
CUST002407,2,Home Kitchen,09 50,Sunday,4048.10,CASH
CUST002408,2,Food,20 01,Wednesday,679.80,UPI
CUST002409,5,Beauty Personal Care,04 42,Sunday,2867.52,CASH
CUST002410,2,Healthcare,18 41,Saturday,1679.06,UPI
CUST002411,2,Home Kitchen,21 13,Wednesday,7988.31,UPI
CUST002412,3,Sports Fitness,19 41,Wednesday,13773.66,UPI
CUST002413,4,Fashion,14 21,Sunday,3370.97,CARD
CUST002414,6,Healthcare,22 45,Friday,1972.51,CASH
CUST002415,1,Toys Games,01 08,Wednesday,1618.40,CASH
CUST002416,2,Sports Fitness,14 02,Thursday,6414.49,UPI
CUST002417,6,Fashion,10 32,Monday,551.90,CARD
CUST002418,5,Books Stationery,00 48,Wednesday,172.85,CARD
CUST002419,6,Electronics,03 30,Sunday,39082.44,UPI
CUST002420,2,Home Kitchen,19 10,Monday,5202.56,UPI
CUST002421,3,Beauty Personal Care,18 49,Sunday,442.95,UPI
CUST002422,6,Fashion,03 52,Wednesday,2764.12,UPI
CUST002423,1,Food,19 57,Monday,240.86,UPI
CUST002424,4,Healthcare,05 23,Sunday,4403.03,UPI
CUST002425,3,Home Kitchen,04 11,Friday,1201.50,UPI
CUST002426,2,Sports Fitness,07 13,Friday,7196.14,UPI
CUST002427,4,Toys Games,12 07,Tuesday,4643.91,CASH
CUST002428,1,Beauty Personal Care,14 07,Tuesday,1010.05,CARD
CUST002429,1,Home Kitchen,22 40,Friday,734.42,CARD
CUST002430,3,Toys Games,05 35,Saturday,1123.56,UPI
CUST002431,1,Healthcare,12 16,Thursday,1125.77,CASH
CUST002432,4,Books Stationery,06 53,Sunday,652.70,CARD
CUST002433,3,Food,22 11,Thursday,105.14,CASH
CUST002434,5,Fashion,01 55,Wednesday,3350.29,CARD
CUST002435,2,Healthcare,20 53,Thursday,2761.54,CASH
CUST002436,4,Home Kitchen,19 58,Friday,830.05,CARD
CUST002437,2,Healthcare,10 56,Tuesday,2995.50,CASH
CUST002438,6,Healthcare,14 57,Thursday,349.49,CASH
CUST002439,6,Books Stationery,20 20,Thursday,1836.53,CARD
CUST002440,1,Sports Fitness,06 54,Wednesday,12134.43,CARD
CUST002441,5,Healthcare,09 46,Thursday,1857.55,UPI
CUST002442,3,Home Kitchen,00 37,Saturday,4776.55,CARD
CUST002443,4,Beauty Personal Care,02 14,Tuesday,1880.28,CASH
CUST002444,5,Books Stationery,23 24,Thursday,320.25,CARD
CUST002445,1,Sports Fitness,06 37,Thursday,3838.65,CARD
CUST002446,6,Sports Fitness,12 36,Friday,12953.45,UPI
CUST002447,2,Food,18 18,Wednesday,476.85,UPI
CUST002448,6,Sports Fitness,01 21,Saturday,7551.63,CASH
CUST002449,6,Beauty Personal Care,13 33,Tuesday,504.07,CARD
CUST002450,2,Books Stationery,06 44,Wednesday,357.94,CARD
CUST002451,1,Books Stationery,19 20,Sunday,294.50,UPI
CUST002452,2,Beauty Personal Care,07 06,Thursday,342.98,CASH
CUST002453,1,Books Stationery,09 21,Friday,541.64,CARD
CUST002454,1,Food,00 40,Thursday,370.43,UPI
CUST002455,2,Electronics,14 29,Friday,5899.58,CASH
CUST002456,6,Toys Games,11 38,Saturday,4448.13,CARD
CUST002457,2,Food,19 27,Thursday,279.58,CARD
CUST002458,4,Fashion,06 25,Friday,1149.00,CASH
CUST002459,4,Food,08 48,Saturday,425.76,CASH
CUST002460,2,Sports Fitness,05 19,Tuesday,1849.11,CARD
CUST002461,4,Home Kitchen,02 18,Tuesday,1089.25,UPI
CUST002462,4,Healthcare,22 52,Thursday,1614.10,UPI
CUST002463,2,Beauty Personal Care,02 11,Wednesday,1217.43,CASH
CUST002464,6,Fashion,19 28,Monday,3079.77,UPI
CUST002465,4,Home Kitchen,20 04,Saturday,8467.13,UPI
CUST002466,4,Healthcare,00 44,Sunday,3830.15,CARD
CUST002467,4,Grocery,19 42,Saturday,1112.60,CASH
CUST002468,5,Healthcare,22 18,Friday,495.32,CARD
CUST002469,6,Grocery,19 52,Friday,1485.28,CASH
CUST002470,6,Sports Fitness,21 04,Sunday,3110.05,UPI
CUST002471,6,Toys Games,16 57,Saturday,3439.21,CASH
CUST002472,6,Toys Games,23 08,Tuesday,4948.44,UPI
CUST002473,3,Toys Games,01 07,Saturday,2874.98,CARD
CUST002474,6,Home Kitchen,10 53,Thursday,9408.15,CASH
CUST002475,5,Sports Fitness,09 27,Saturday,11603.12,UPI
CUST002476,1,Food,18 17,Saturday,139.43,CASH
CUST002477,4,Home Kitchen,10 40,Thursday,8097.04,UPI
CUST002478,5,Toys Games,03 35,Saturday,2670.72,UPI
CUST002479,1,Fashion,16 34,Thursday,3105.91,CASH
CUST002480,4,Sports Fitness,04 03,Wednesday,2162.22,UPI
CUST002481,1,Electronics,11 26,Friday,40127.88,CASH
CUST002482,2,Electronics,20 35,Saturday,10073.11,CASH
CUST002483,1,Books Stationery,05 10,Tuesday,1666.46,CASH
CUST002484,1,Healthcare,06 58,Saturday,2469.19,UPI
CUST002485,5,Beauty Personal Care,18 09,Sunday,2600.75,UPI
CUST002486,3,Electronics,00 34,Monday,40150.98,CASH
CUST002487,1,Healthcare,05 38,Monday,2096.55,CASH
CUST002488,1,Food,11 39,Thursday,325.91,CARD
CUST002489,1,Grocery,01 20,Sunday,2004.40,CASH
CUST002490,2,Fashion,00 24,Sunday,3832.31,UPI
CUST002491,5,Toys Games,01 50,Friday,585.87,CASH
CUST002492,4,Food,06 56,Friday,762.69,CASH
CUST002493,2,Books Stationery,13 33,Sunday,1866.82,CASH
CUST002494,4,Toys Games,10 30,Tuesday,1975.41,UPI
CUST002495,5,Fashion,19 01,Wednesday,2371.94,UPI
CUST002496,3,Books Stationery,08 42,Tuesday,866.06,CASH
CUST002497,5,Food,16 50,Tuesday,658.57,CARD
CUST002498,2,Toys Games,03 08,Thursday,3765.85,UPI
CUST002499,3,Fashion,13 07,Friday,2700.06,CARD
CUST002500,1,Beauty Personal Care,01 45,Wednesday,635.14,UPI
CUST002501,5,Grocery,12 54,Monday,2589.91,CASH
CUST002502,5,Healthcare,08 25,Sunday,3504.29,UPI
CUST002503,6,Grocery,10 41,Friday,1816.79,UPI
CUST002504,1,Healthcare,07 50,Saturday,3251.65,CASH
CUST002505,5,Sports Fitness,20 35,Wednesday,9627.69,CARD
CUST002506,5,Toys Games,00 40,Saturday,1204.68,CASH
CUST002507,6,Books Stationery,04 13,Monday,212.03,UPI
CUST002508,2,Home Kitchen,11 59,Tuesday,4036.21,CASH
CUST002509,6,Grocery,01 59,Sunday,647.74,UPI
CUST002510,3,Toys Games,16 12,Friday,524.49,UPI
CUST002511,3,Home Kitchen,09 55,Monday,3319.32,UPI
CUST002512,3,Electronics,13 59,Monday,20706.79,CASH
CUST002513,5,Fashion,22 21,Tuesday,4429.93,UPI
CUST002514,2,Fashion,07 30,Thursday,1384.78,CARD
CUST002515,2,Toys Games,09 12,Saturday,592.21,CARD
CUST002516,2,Healthcare,14 46,Thursday,206.49,CASH
CUST002517,5,Healthcare,20 58,Tuesday,787.12,CASH
CUST002518,2,Fashion,08 07,Thursday,770.62,CARD
CUST002519,4,Food,06 24,Saturday,301.81,CARD
CUST002520,1,Healthcare,21 29,Saturday,4793.27,CARD
CUST002521,2,Fashion,21 52,Sunday,558.99,CASH
CUST002522,1,Food,18 43,Monday,653.68,CASH
CUST002523,2,Toys Games,06 21,Sunday,373.06,CARD
CUST002524,4,Books Stationery,03 48,Wednesday,1930.51,CARD
CUST002525,5,Beauty Personal Care,16 20,Saturday,2465.24,UPI
CUST002526,6,Sports Fitness,10 51,Thursday,11406.08,CASH
CUST002527,6,Toys Games,01 33,Monday,3247.27,CARD
CUST002528,6,Electronics,22 04,Sunday,42880.40,UPI
CUST002529,2,Home Kitchen,11 39,Sunday,9194.48,UPI
CUST002530,1,Books Stationery,09 12,Tuesday,1302.07,CASH
CUST002531,1,Food,00 37,Sunday,406.35,UPI
CUST002532,4,Books Stationery,16 56,Friday,1802.17,UPI
CUST002533,1,Electronics,19 46,Friday,45457.52,CASH
CUST002534,6,Healthcare,22 23,Sunday,2222.44,CARD
CUST002535,2,Beauty Personal Care,23 04,Sunday,2051.10,UPI
CUST002536,2,Healthcare,23 54,Thursday,4130.64,CARD
CUST002537,4,Home Kitchen,17 59,Wednesday,8820.59,CASH
CUST002538,4,Books Stationery,14 48,Tuesday,989.42,CASH
CUST002539,1,Electronics,05 45,Monday,8996.55,CARD
CUST002540,5,Healthcare,16 47,Tuesday,1534.16,UPI
CUST002541,6,Beauty Personal Care,10 32,Thursday,2775.29,CARD
CUST002542,1,Healthcare,14 59,Sunday,4449.08,CARD
CUST002543,3,Sports Fitness,08 59,Saturday,2483.74,CASH
CUST002544,5,Grocery,14 47,Friday,160.51,CARD
CUST002545,2,Toys Games,07 18,Friday,679.81,CASH
CUST002546,4,Home Kitchen,16 19,Tuesday,808.07,CARD
CUST002547,3,Sports Fitness,00 23,Tuesday,8222.17,CARD
CUST002548,5,Fashion,19 53,Thursday,1639.09,CARD
CUST002549,3,Food,15 24,Wednesday,157.46,CASH
CUST002550,3,Beauty Personal Care,01 34,Friday,2779.04,CARD
CUST002551,6,Healthcare,20 31,Thursday,4527.19,CARD
CUST002552,2,Fashion,04 47,Monday,1731.41,CASH
CUST002553,6,Books Stationery,09 11,Tuesday,127.14,CASH
CUST002554,6,Food,11 09,Wednesday,640.22,UPI
CUST002555,5,Food,20 19,Sunday,395.17,CASH
CUST002556,2,Electronics,22 45,Saturday,43190.42,CARD
CUST002557,6,Grocery,07 36,Wednesday,220.85,CARD
CUST002558,3,Fashion,07 00,Friday,4750.49,CARD
CUST002559,1,Electronics,03 58,Sunday,3088.00,UPI
CUST002560,1,Fashion,05 17,Sunday,2842.11,UPI
CUST002561,4,Home Kitchen,22 33,Thursday,1579.31,CARD
CUST002562,3,Electronics,05 38,Thursday,49759.06,CARD
CUST002563,6,Fashion,03 32,Friday,4628.37,CASH
CUST002564,3,Books Stationery,12 41,Tuesday,850.74,CARD
CUST002565,1,Healthcare,00 08,Wednesday,1654.11,CASH
CUST002566,1,Fashion,20 28,Thursday,1586.80,CARD
CUST002567,3,Electronics,13 27,Friday,24482.35,CARD
CUST002568,3,Fashion,00 47,Sunday,3717.93,CARD
CUST002569,5,Beauty Personal Care,20 17,Wednesday,837.11,CARD
CUST002570,4,Home Kitchen,08 16,Tuesday,1095.34,CASH
CUST002571,1,Toys Games,17 22,Monday,3843.33,UPI
CUST002572,4,Sports Fitness,12 58,Monday,11004.43,CARD
CUST002573,4,Beauty Personal Care,09 23,Saturday,2492.99,CARD
CUST002574,2,Food,09 24,Friday,501.88,UPI
CUST002575,2,Food,02 50,Sunday,774.73,CARD
CUST002576,5,Books Stationery,18 30,Tuesday,527.27,UPI
CUST002577,5,Home Kitchen,21 28,Monday,5550.47,CASH
CUST002578,1,Fashion,13 33,Thursday,1803.34,CARD
CUST002579,4,Healthcare,19 02,Friday,2782.77,UPI
CUST002580,4,Electronics,03 24,Saturday,40946.86,UPI
CUST002581,2,Toys Games,21 51,Monday,4382.08,CARD
CUST002582,4,Sports Fitness,09 09,Saturday,12011.48,UPI
CUST002583,4,Grocery,19 26,Saturday,1002.87,CARD
CUST002584,6,Sports Fitness,13 26,Sunday,10031.77,CARD
CUST002585,5,Toys Games,15 05,Wednesday,3005.80,CASH
CUST002586,2,Fashion,16 04,Monday,3613.38,CARD
CUST002587,1,Healthcare,02 16,Sunday,4846.48,CARD
CUST002588,6,Grocery,03 57,Thursday,1096.81,CASH
CUST002589,2,Fashion,00 01,Friday,4036.84,UPI
CUST002590,1,Books Stationery,03 14,Wednesday,1863.52,CARD
CUST002591,1,Healthcare,05 04,Tuesday,3358.16,CASH
CUST002592,4,Toys Games,22 16,Thursday,2872.51,UPI
CUST002593,3,Food,16 20,Wednesday,266.97,CARD
CUST002594,3,Sports Fitness,20 26,Saturday,10389.83,CASH
CUST002595,1,Fashion,14 03,Thursday,531.15,CARD
CUST002596,1,Fashion,03 36,Monday,1142.26,CARD
CUST002597,2,Sports Fitness,17 23,Wednesday,2840.63,UPI
CUST002598,2,Healthcare,06 24,Thursday,3300.57,UPI
CUST002599,4,Sports Fitness,08 58,Thursday,5195.33,CARD
CUST002600,5,Food,01 31,Saturday,219.50,CASH
CUST002601,3,Fashion,05 00,Tuesday,4289.65,CASH
CUST002602,1,Beauty Personal Care,11 16,Tuesday,772.26,CARD
CUST002603,3,Home Kitchen,07 02,Tuesday,6866.86,UPI
CUST002604,4,Books Stationery,00 17,Thursday,628.30,CASH
CUST002605,2,Books Stationery,05 52,Friday,108.72,CASH
CUST002606,6,Home Kitchen,23 12,Friday,4439.94,CASH
CUST002607,4,Electronics,18 59,Tuesday,37072.30,UPI
CUST002608,4,Sports Fitness,11 03,Sunday,1256.41,UPI
CUST002609,4,Sports Fitness,06 34,Thursday,1206.89,CASH
CUST002610,2,Home Kitchen,00 23,Tuesday,1389.84,UPI
CUST002611,6,Electronics,16 44,Wednesday,6152.50,CARD
CUST002612,6,Healthcare,08 54,Tuesday,1553.91,CARD
CUST002613,3,Sports Fitness,10 24,Saturday,10652.18,UPI
CUST002614,3,Grocery,06 37,Monday,693.95,CASH
CUST002615,2,Electronics,23 20,Friday,37987.00,UPI
CUST002616,4,Healthcare,18 06,Saturday,1285.88,UPI
CUST002617,3,Electronics,23 31,Saturday,13991.54,UPI
CUST002618,1,Home Kitchen,19 47,Wednesday,5778.11,CARD
CUST002619,3,Beauty Personal Care,01 03,Wednesday,1128.06,CARD
CUST002620,3,Fashion,17 42,Monday,1628.27,CASH
CUST002621,2,Food,01 42,Wednesday,600.27,CARD
CUST002622,5,Healthcare,04 46,Sunday,4027.90,CASH
CUST002623,2,Sports Fitness,09 52,Sunday,8709.26,CASH
CUST002624,1,Healthcare,14 51,Saturday,2456.28,UPI
CUST002625,5,Sports Fitness,21 05,Wednesday,6401.12,CASH
CUST002626,2,Beauty Personal Care,08 03,Thursday,1050.08,CARD
CUST002627,4,Electronics,07 57,Friday,10485.78,CASH
CUST002628,5,Food,17 31,Friday,522.25,CASH
CUST002629,1,Books Stationery,19 34,Monday,1690.34,CASH
CUST002630,4,Sports Fitness,17 14,Tuesday,10823.53,CASH
CUST002631,4,Food,03 29,Thursday,80.62,CASH
CUST002632,6,Fashion,08 57,Sunday,4754.63,UPI
CUST002633,2,Sports Fitness,22 33,Saturday,5845.27,CASH
CUST002634,1,Books Stationery,04 38,Tuesday,190.08,CASH
CUST002635,5,Sports Fitness,08 52,Sunday,8235.43,CARD
CUST002636,2,Electronics,11 27,Friday,49605.78,CASH
CUST002637,6,Toys Games,19 49,Tuesday,2360.22,UPI
CUST002638,5,Healthcare,12 40,Wednesday,4131.41,CARD
CUST002639,6,Healthcare,15 59,Tuesday,3113.86,UPI
CUST002640,6,Beauty Personal Care,06 34,Sunday,2924.69,UPI
CUST002641,4,Home Kitchen,21 20,Sunday,779.59,CARD
CUST002642,6,Fashion,21 10,Friday,2790.32,UPI
CUST002643,6,Healthcare,12 19,Saturday,300.83,CARD
CUST002644,1,Beauty Personal Care,11 19,Friday,1597.28,CARD
CUST002645,3,Healthcare,03 57,Wednesday,2037.42,CARD
CUST002646,6,Grocery,09 41,Saturday,2461.67,UPI
CUST002647,1,Books Stationery,15 43,Tuesday,366.78,CARD
CUST002648,1,Food,21 24,Saturday,547.52,CARD
CUST002649,1,Fashion,13 29,Wednesday,1151.72,CASH
CUST002650,5,Food,10 27,Tuesday,572.21,CARD
CUST002651,4,Grocery,13 02,Saturday,2824.70,CARD
CUST002652,4,Fashion,05 02,Thursday,3795.31,UPI
CUST002653,3,Food,04 00,Sunday,376.90,CARD
CUST002654,5,Toys Games,21 00,Saturday,2969.54,CASH
CUST002655,6,Toys Games,21 21,Saturday,1049.61,CASH
CUST002656,2,Sports Fitness,09 57,Monday,1232.53,UPI
CUST002657,1,Food,10 19,Tuesday,337.57,UPI
CUST002658,6,Fashion,04 37,Friday,4329.13,CARD
CUST002659,6,Food,20 28,Friday,336.55,UPI
CUST002660,5,Toys Games,08 11,Tuesday,1237.94,CASH
CUST002661,5,Electronics,18 55,Monday,22844.86,UPI
CUST002662,2,Toys Games,22 51,Sunday,3030.96,CARD
CUST002663,6,Healthcare,21 20,Friday,249.60,UPI
CUST002664,3,Food,23 40,Wednesday,466.91,CARD
CUST002665,2,Food,03 24,Tuesday,259.99,UPI
CUST002666,5,Healthcare,01 19,Monday,4351.34,CASH
CUST002667,1,Healthcare,12 45,Sunday,4204.15,CARD
CUST002668,5,Home Kitchen,23 49,Saturday,4440.71,CASH
CUST002669,3,Books Stationery,18 02,Sunday,1571.34,UPI
CUST002670,6,Fashion,18 30,Thursday,1408.79,UPI
CUST002671,6,Toys Games,13 56,Saturday,1382.73,CARD
CUST002672,1,Healthcare,09 12,Tuesday,3525.50,UPI
CUST002673,4,Books Stationery,18 12,Saturday,135.63,CARD
CUST002674,3,Electronics,09 18,Saturday,19540.55,UPI
CUST002675,5,Fashion,03 35,Friday,2682.99,CARD
CUST002676,4,Toys Games,04 39,Tuesday,1321.79,CASH
CUST002677,2,Food,08 48,Thursday,144.71,UPI
CUST002678,6,Home Kitchen,20 26,Sunday,9560.73,CARD
CUST002679,3,Books Stationery,02 50,Wednesday,1941.43,CARD
CUST002680,2,Electronics,10 36,Saturday,18339.69,CASH
CUST002681,1,Toys Games,08 20,Wednesday,1764.20,UPI
CUST002682,5,Grocery,19 46,Saturday,371.07,CARD
CUST002683,1,Sports Fitness,13 58,Friday,3100.04,UPI
CUST002684,4,Food,15 13,Wednesday,759.44,CARD
CUST002685,3,Sports Fitness,19 14,Thursday,9627.15,CASH
CUST002686,5,Toys Games,06 15,Thursday,2990.50,CARD
CUST002687,5,Books Stationery,05 45,Saturday,1600.73,CASH
CUST002688,5,Food,10 12,Thursday,513.86,UPI
CUST002689,5,Sports Fitness,23 01,Monday,6086.12,CARD
CUST002690,3,Books Stationery,23 18,Monday,1202.72,CASH
CUST002691,2,Books Stationery,18 18,Sunday,780.75,UPI
CUST002692,3,Grocery,10 31,Tuesday,2398.11,UPI
CUST002693,2,Grocery,04 01,Thursday,691.29,CASH
CUST002694,2,Books Stationery,01 19,Tuesday,1378.61,CARD
CUST002695,4,Fashion,02 51,Friday,954.09,UPI
CUST002696,2,Food,19 24,Wednesday,245.94,UPI
CUST002697,4,Toys Games,17 33,Friday,3791.53,UPI
CUST002698,2,Electronics,10 16,Thursday,16121.10,CARD
CUST002699,2,Books Stationery,04 37,Saturday,477.33,CASH
CUST002700,6,Food,02 00,Sunday,409.59,CASH
CUST002701,1,Food,15 42,Saturday,260.55,CASH
CUST002702,2,Home Kitchen,11 54,Thursday,5075.98,CARD
CUST002703,5,Grocery,08 50,Tuesday,1892.70,CASH
CUST002704,6,Home Kitchen,00 24,Sunday,1894.55,CASH
CUST002705,3,Food,17 40,Thursday,329.66,CASH
CUST002706,5,Food,06 48,Tuesday,163.38,CASH
CUST002707,3,Healthcare,11 28,Friday,2103.65,CARD
CUST002708,6,Books Stationery,00 00,Monday,1639.52,UPI
CUST002709,3,Toys Games,21 36,Saturday,1555.13,CARD
CUST002710,3,Beauty Personal Care,19 27,Monday,427.77,CARD
CUST002711,4,Fashion,16 55,Monday,4264.42,CASH
CUST002712,3,Fashion,18 58,Sunday,4660.82,UPI
CUST002713,3,Grocery,23 14,Thursday,689.94,CARD
CUST002714,2,Electronics,03 52,Wednesday,26934.53,CASH
CUST002715,5,Home Kitchen,23 24,Friday,6872.84,UPI
CUST002716,5,Food,14 24,Saturday,447.78,UPI
CUST002717,1,Fashion,10 54,Tuesday,2227.37,CARD
CUST002718,6,Books Stationery,08 54,Friday,797.58,UPI
CUST002719,1,Beauty Personal Care,04 53,Tuesday,1880.93,UPI
CUST002720,5,Home Kitchen,02 12,Thursday,4961.74,CARD
CUST002721,1,Beauty Personal Care,01 51,Monday,1203.19,CARD
CUST002722,1,Electronics,01 10,Thursday,29243.88,CASH
CUST002723,2,Electronics,01 07,Monday,32275.70,CASH
CUST002724,1,Home Kitchen,01 54,Friday,9092.37,CASH
CUST002725,1,Grocery,21 14,Wednesday,2068.14,CARD
CUST002726,5,Grocery,11 17,Sunday,1709.87,CARD
CUST002727,4,Books Stationery,15 05,Monday,1687.31,UPI
CUST002728,5,Home Kitchen,10 46,Wednesday,1577.73,CASH
CUST002729,2,Beauty Personal Care,08 46,Wednesday,974.91,CARD
CUST002730,5,Toys Games,17 14,Sunday,1397.33,UPI
CUST002731,3,Toys Games,12 37,Thursday,1034.65,CARD
CUST002732,2,Toys Games,09 02,Friday,4309.04,UPI
CUST002733,1,Grocery,16 24,Friday,2405.60,UPI
CUST002734,1,Toys Games,19 43,Monday,763.63,UPI
CUST002735,3,Toys Games,07 48,Sunday,2788.21,CASH
CUST002736,1,Toys Games,23 59,Tuesday,275.13,CARD
CUST002737,4,Sports Fitness,11 11,Thursday,5689.83,CARD
CUST002738,4,Sports Fitness,14 50,Thursday,2247.35,CASH
CUST002739,2,Grocery,00 13,Monday,1893.38,CARD
CUST002740,6,Fashion,09 01,Friday,3436.13,CASH
CUST002741,5,Healthcare,22 18,Sunday,3649.97,UPI
CUST002742,6,Toys Games,15 09,Thursday,4458.04,CARD
CUST002743,4,Books Stationery,21 27,Monday,570.65,CARD
CUST002744,1,Grocery,12 15,Sunday,2162.92,CASH
CUST002745,2,Beauty Personal Care,19 08,Wednesday,2337.02,CARD
CUST002746,2,Fashion,20 08,Sunday,3199.41,UPI
CUST002747,1,Home Kitchen,02 51,Monday,3310.95,CASH
CUST002748,2,Home Kitchen,22 52,Thursday,5412.07,CARD
CUST002749,3,Sports Fitness,21 53,Thursday,8886.30,UPI
CUST002750,5,Books Stationery,15 06,Sunday,1782.39,UPI
CUST002751,5,Sports Fitness,00 49,Sunday,738.74,CASH
CUST002752,5,Fashion,03 15,Sunday,877.34,CASH
CUST002753,6,Sports Fitness,03 17,Friday,4177.42,CASH
CUST002754,2,Electronics,04 07,Thursday,21024.07,CASH
CUST002755,1,Healthcare,00 32,Sunday,1547.08,UPI
CUST002756,2,Beauty Personal Care,08 16,Thursday,1518.70,CARD
CUST002757,4,Beauty Personal Care,00 23,Monday,1459.82,CASH
CUST002758,6,Beauty Personal Care,01 39,Monday,2306.42,CARD
CUST002759,6,Food,19 29,Tuesday,718.54,UPI
CUST002760,4,Home Kitchen,10 36,Saturday,8837.39,CASH
CUST002761,5,Books Stationery,09 02,Sunday,1156.58,UPI
CUST002762,5,Home Kitchen,14 52,Monday,5629.00,UPI
CUST002763,2,Sports Fitness,07 08,Saturday,5656.98,CARD
CUST002764,2,Electronics,09 21,Monday,1826.38,CARD
CUST002765,2,Sports Fitness,14 46,Friday,7716.45,UPI
CUST002766,1,Electronics,03 29,Tuesday,18738.95,UPI
CUST002767,6,Sports Fitness,18 45,Monday,9606.30,CASH
CUST002768,1,Sports Fitness,05 08,Monday,14864.71,CARD
CUST002769,3,Healthcare,19 16,Friday,4775.99,CASH
CUST002770,5,Fashion,22 11,Sunday,3975.13,CASH
CUST002771,6,Grocery,12 39,Monday,2021.34,UPI
CUST002772,1,Books Stationery,17 50,Friday,864.46,CASH
CUST002773,4,Food,18 23,Saturday,374.86,CASH
CUST002774,4,Food,13 10,Sunday,171.05,UPI
CUST002775,1,Sports Fitness,23 47,Sunday,11942.60,CASH
CUST002776,5,Healthcare,18 51,Friday,1764.81,CASH
CUST002777,5,Books Stationery,09 28,Saturday,1293.23,UPI
CUST002778,4,Grocery,11 01,Tuesday,2755.19,UPI
CUST002779,5,Toys Games,08 01,Friday,693.34,UPI
CUST002780,1,Food,01 33,Friday,431.04,CARD
CUST002781,3,Fashion,04 11,Friday,4050.93,UPI
CUST002782,3,Grocery,15 50,Thursday,1080.94,CARD
CUST002783,3,Fashion,21 17,Tuesday,3236.56,CARD
CUST002784,5,Grocery,07 01,Friday,1955.33,CARD
CUST002785,5,Sports Fitness,21 02,Wednesday,6434.62,UPI
CUST002786,5,Beauty Personal Care,10 31,Saturday,1830.73,CASH
CUST002787,6,Beauty Personal Care,12 34,Thursday,1242.95,CARD
CUST002788,5,Home Kitchen,17 55,Sunday,9115.75,UPI
CUST002789,6,Grocery,01 13,Wednesday,1630.15,UPI
CUST002790,3,Toys Games,15 41,Saturday,2335.55,UPI
CUST002791,1,Fashion,08 38,Tuesday,2453.44,CARD
CUST002792,5,Healthcare,22 26,Sunday,266.73,CASH
CUST002793,1,Fashion,03 58,Sunday,1185.02,UPI
CUST002794,3,Sports Fitness,06 22,Thursday,8171.25,CARD
CUST002795,2,Books Stationery,18 27,Saturday,130.63,CARD
CUST002796,1,Electronics,06 29,Tuesday,45994.52,CASH
CUST002797,4,Toys Games,11 06,Wednesday,1522.25,UPI
CUST002798,1,Fashion,15 16,Thursday,4080.72,CASH
CUST002799,5,Beauty Personal Care,18 27,Tuesday,2267.99,UPI
CUST002800,1,Fashion,02 10,Thursday,3852.96,UPI
CUST002801,2,Toys Games,11 35,Monday,1838.42,CARD
CUST002802,4,Fashion,09 22,Wednesday,3691.15,UPI
CUST002803,3,Beauty Personal Care,17 22,Saturday,1684.78,CASH
CUST002804,6,Beauty Personal Care,01 45,Monday,2944.32,CARD
CUST002805,4,Electronics,03 05,Friday,33778.78,CASH
CUST002806,5,Home Kitchen,09 04,Friday,5740.06,UPI
CUST002807,4,Electronics,14 47,Wednesday,3993.03,CASH
CUST002808,1,Sports Fitness,16 51,Tuesday,861.09,CARD
CUST002809,2,Books Stationery,04 10,Friday,1740.14,UPI
CUST002810,4,Books Stationery,15 35,Saturday,1219.10,CASH
CUST002811,5,Grocery,01 14,Friday,1281.65,UPI
CUST002812,6,Electronics,02 55,Wednesday,27532.45,CASH
CUST002813,6,Fashion,18 25,Tuesday,3170.91,CASH
CUST002814,5,Sports Fitness,06 05,Friday,8070.66,CASH
CUST002815,1,Healthcare,23 58,Thursday,2875.42,CASH
CUST002816,5,Home Kitchen,09 30,Thursday,8118.37,UPI
CUST002817,1,Healthcare,05 46,Friday,976.86,UPI
CUST002818,3,Home Kitchen,12 38,Sunday,2319.38,UPI
CUST002819,2,Fashion,12 12,Wednesday,3909.82,UPI
CUST002820,2,Fashion,15 03,Monday,4257.79,CARD
CUST002821,6,Beauty Personal Care,16 29,Tuesday,427.16,UPI
CUST002822,6,Electronics,19 47,Tuesday,49835.17,CASH
CUST002823,5,Books Stationery,17 53,Tuesday,936.02,CASH
CUST002824,1,Fashion,22 06,Monday,2082.92,UPI
CUST002825,4,Food,09 16,Saturday,588.47,CASH
CUST002826,1,Healthcare,13 21,Saturday,4608.53,UPI
CUST002827,4,Books Stationery,22 52,Monday,858.54,CASH
CUST002828,6,Healthcare,14 43,Tuesday,2232.41,CARD
CUST002829,4,Food,11 12,Sunday,309.36,UPI
CUST002830,4,Beauty Personal Care,18 55,Monday,2593.42,CARD
CUST002831,3,Fashion,03 42,Tuesday,3447.39,CARD
CUST002832,1,Grocery,10 14,Monday,165.67,CARD
CUST002833,3,Beauty Personal Care,18 33,Saturday,2742.57,UPI
CUST002834,6,Food,10 38,Tuesday,596.25,CARD
CUST002835,2,Sports Fitness,04 23,Friday,12856.09,UPI
CUST002836,5,Grocery,08 03,Thursday,2658.41,CASH
CUST002837,1,Healthcare,07 26,Tuesday,4560.52,CARD
CUST002838,2,Food,19 15,Thursday,574.00,UPI
CUST002839,3,Sports Fitness,23 12,Tuesday,6116.87,CARD
CUST002840,3,Home Kitchen,00 34,Thursday,4225.63,CASH
CUST002841,2,Grocery,23 31,Friday,1579.94,CASH
CUST002842,2,Fashion,16 44,Monday,1683.68,CARD
CUST002843,6,Books Stationery,05 42,Wednesday,1286.27,UPI
CUST002844,4,Electronics,12 39,Friday,5324.26,UPI
CUST002845,5,Sports Fitness,13 27,Wednesday,14665.21,UPI
CUST002846,6,Electronics,10 19,Thursday,32818.04,CASH
CUST002847,2,Books Stationery,20 39,Sunday,1396.90,CASH
CUST002848,5,Healthcare,13 28,Thursday,1544.76,UPI
CUST002849,5,Grocery,23 46,Wednesday,662.20,UPI
CUST002850,3,Books Stationery,16 14,Saturday,778.40,UPI
CUST002851,6,Electronics,14 03,Monday,40589.38,UPI
CUST002852,6,Sports Fitness,03 11,Saturday,8751.81,CASH
CUST002853,4,Home Kitchen,07 59,Tuesday,9382.53,UPI
CUST002854,5,Healthcare,20 30,Wednesday,390.31,CARD
CUST002855,1,Food,12 18,Tuesday,642.15,CASH
CUST002856,1,Beauty Personal Care,21 56,Wednesday,1954.22,UPI
CUST002857,6,Beauty Personal Care,16 44,Sunday,2831.29,CASH
CUST002858,5,Beauty Personal Care,06 09,Wednesday,1971.12,UPI
CUST002859,4,Fashion,16 58,Friday,2865.56,CARD
CUST002860,1,Sports Fitness,23 48,Thursday,13768.16,CARD
CUST002861,1,Fashion,06 18,Tuesday,1652.41,UPI
CUST002862,6,Toys Games,14 52,Wednesday,2955.62,CARD
CUST002863,6,Food,19 52,Saturday,88.62,CARD
CUST002864,1,Beauty Personal Care,01 04,Thursday,2119.94,CASH
CUST002865,3,Home Kitchen,08 04,Sunday,1850.17,CASH
CUST002866,6,Healthcare,15 55,Saturday,2761.16,CASH
CUST002867,4,Electronics,22 43,Monday,46955.27,CASH
CUST002868,5,Electronics,00 40,Thursday,40596.52,CARD
CUST002869,2,Food,08 43,Thursday,284.26,CASH
CUST002870,1,Food,07 19,Sunday,124.31,UPI
CUST002871,6,Food,08 59,Thursday,357.12,CASH
CUST002872,5,Home Kitchen,20 39,Tuesday,4550.04,UPI
CUST002873,4,Electronics,17 21,Friday,8043.04,UPI
CUST002874,6,Toys Games,14 07,Thursday,3304.98,CASH
CUST002875,2,Sports Fitness,08 37,Saturday,2789.56,CASH
CUST002876,5,Sports Fitness,18 28,Thursday,14564.91,CARD
CUST002877,3,Food,01 13,Thursday,377.41,CARD
CUST002878,2,Healthcare,13 48,Saturday,4149.94,UPI
CUST002879,6,Beauty Personal Care,09 31,Sunday,242.77,CARD
CUST002880,1,Fashion,10 36,Thursday,675.46,CARD
CUST002881,2,Books Stationery,00 27,Friday,1094.47,CARD
CUST002882,3,Home Kitchen,17 37,Thursday,2884.12,UPI
CUST002883,5,Beauty Personal Care,21 01,Tuesday,694.99,CARD
CUST002884,3,Sports Fitness,07 44,Wednesday,2480.49,CASH
CUST002885,4,Beauty Personal Care,06 44,Thursday,518.14,UPI
CUST002886,5,Grocery,14 51,Saturday,1699.55,CARD
CUST002887,3,Grocery,20 17,Thursday,2926.33,CARD
CUST002888,4,Beauty Personal Care,04 46,Sunday,389.74,UPI
CUST002889,1,Fashion,22 52,Tuesday,4904.55,CARD
CUST002890,6,Grocery,22 01,Thursday,2272.76,CASH
CUST002891,1,Home Kitchen,03 40,Wednesday,1447.61,CARD
CUST002892,2,Home Kitchen,21 29,Sunday,2297.51,CARD
CUST002893,4,Healthcare,05 09,Thursday,1375.75,CARD
CUST002894,2,Sports Fitness,11 23,Sunday,12726.39,CARD
CUST002895,1,Home Kitchen,23 00,Friday,9815.44,UPI
CUST002896,3,Home Kitchen,11 31,Thursday,6012.33,CARD
CUST002897,4,Fashion,08 07,Tuesday,1160.87,CASH
CUST002898,4,Home Kitchen,12 46,Thursday,4990.28,CASH
CUST002899,3,Electronics,16 46,Sunday,6318.81,CASH
CUST002900,3,Books Stationery,16 12,Thursday,432.82,UPI
CUST002901,2,Healthcare,17 18,Saturday,2643.12,CARD
CUST002902,4,Food,07 04,Tuesday,528.75,CARD
CUST002903,2,Electronics,02 34,Sunday,22032.16,CARD
CUST002904,3,Sports Fitness,07 37,Saturday,9007.66,CASH
CUST002905,1,Books Stationery,15 47,Tuesday,1048.30,CASH
CUST002906,3,Toys Games,10 57,Tuesday,4728.62,CASH
CUST002907,1,Books Stationery,14 29,Sunday,1793.63,CASH
CUST002908,3,Sports Fitness,00 02,Sunday,9888.76,CASH
CUST002909,3,Grocery,07 34,Saturday,813.53,CARD
CUST002910,3,Books Stationery,20 38,Monday,1153.23,UPI
CUST002911,3,Books Stationery,00 27,Thursday,176.30,UPI
CUST002912,4,Electronics,22 38,Monday,46048.78,CARD
CUST002913,1,Toys Games,08 02,Sunday,3424.09,CASH
CUST002914,3,Fashion,01 09,Thursday,4783.13,CARD
CUST002915,2,Books Stationery,05 20,Saturday,654.15,CARD
CUST002916,6,Beauty Personal Care,21 05,Sunday,2439.44,CARD
CUST002917,1,Sports Fitness,06 47,Wednesday,5262.51,CASH
CUST002918,5,Books Stationery,06 39,Tuesday,924.76,UPI
CUST002919,2,Healthcare,08 51,Thursday,3419.29,UPI
CUST002920,2,Electronics,23 14,Saturday,29059.74,CARD
CUST002921,1,Electronics,00 41,Saturday,22403.20,CARD
CUST002922,2,Sports Fitness,02 53,Friday,6434.95,CASH
CUST002923,6,Food,00 47,Wednesday,322.73,UPI
CUST002924,6,Food,09 03,Thursday,180.30,CARD
CUST002925,3,Electronics,06 42,Sunday,10368.02,UPI
CUST002926,6,Healthcare,14 05,Thursday,1046.05,CARD
CUST002927,4,Toys Games,02 08,Wednesday,3090.09,CARD
CUST002928,2,Sports Fitness,17 09,Wednesday,13505.22,UPI
CUST002929,2,Home Kitchen,10 13,Thursday,5920.30,CASH
CUST002930,6,Fashion,01 21,Wednesday,576.72,UPI
CUST002931,2,Healthcare,20 35,Wednesday,3758.52,UPI
CUST002932,5,Food,19 32,Monday,792.31,UPI
CUST002933,6,Toys Games,12 11,Thursday,2103.17,CASH
CUST002934,2,Fashion,07 13,Sunday,4996.01,CARD
CUST002935,4,Sports Fitness,21 38,Friday,13021.08,UPI
CUST002936,6,Food,01 51,Monday,148.88,UPI
CUST002937,4,Grocery,23 00,Thursday,2612.67,CARD
CUST002938,1,Toys Games,02 47,Sunday,3782.94,CASH
CUST002939,3,Fashion,19 46,Thursday,1429.79,UPI
CUST002940,4,Beauty Personal Care,23 12,Sunday,2298.01,UPI
CUST002941,3,Sports Fitness,09 05,Friday,2243.13,CARD
CUST002942,2,Beauty Personal Care,21 49,Monday,2144.45,CARD
CUST002943,1,Books Stationery,08 23,Thursday,371.85,UPI
CUST002944,6,Beauty Personal Care,07 51,Sunday,1967.53,UPI
CUST002945,6,Sports Fitness,18 11,Saturday,12033.04,CARD
CUST002946,1,Healthcare,21 15,Thursday,4386.24,CASH
CUST002947,3,Beauty Personal Care,02 17,Sunday,1943.44,CARD
CUST002948,2,Fashion,03 37,Monday,3270.32,UPI
CUST002949,6,Healthcare,20 39,Sunday,2598.57,CASH
CUST002950,2,Fashion,17 28,Tuesday,957.03,CARD
CUST002951,5,Fashion,07 04,Saturday,3537.54,UPI
CUST002952,4,Home Kitchen,17 34,Friday,7621.75,CASH
CUST002953,4,Food,01 18,Friday,783.83,UPI
CUST002954,2,Beauty Personal Care,12 37,Sunday,1573.62,UPI
CUST002955,1,Books Stationery,03 27,Monday,141.67,UPI
CUST002956,6,Healthcare,16 29,Wednesday,4208.65,CASH
CUST002957,5,Sports Fitness,11 00,Monday,9397.05,CASH
CUST002958,2,Fashion,21 30,Wednesday,3427.42,CARD
CUST002959,3,Books Stationery,03 09,Monday,477.74,UPI
CUST002960,3,Electronics,21 13,Monday,29988.04,CASH
CUST002961,6,Food,09 08,Sunday,269.26,CASH
CUST002962,5,Fashion,17 47,Wednesday,3429.21,CASH
CUST002963,1,Fashion,15 28,Wednesday,4433.23,CARD
CUST002964,6,Books Stationery,18 36,Sunday,363.62,UPI
CUST002965,5,Home Kitchen,15 08,Thursday,4090.74,CARD
CUST002966,3,Books Stationery,21 50,Saturday,1299.69,CARD
CUST002967,4,Sports Fitness,18 05,Sunday,9914.41,CASH
CUST002968,2,Books Stationery,08 18,Friday,819.99,CASH
CUST002969,5,Sports Fitness,20 00,Saturday,2872.57,UPI
CUST002970,5,Healthcare,12 52,Wednesday,3203.69,CARD
CUST002971,6,Fashion,15 21,Saturday,1603.03,CARD
CUST002972,4,Fashion,08 54,Sunday,1340.73,UPI
CUST002973,4,Toys Games,19 33,Saturday,3454.17,CARD
CUST002974,5,Beauty Personal Care,09 14,Monday,878.62,CARD
CUST002975,6,Books Stationery,22 59,Friday,152.75,CARD
CUST002976,1,Healthcare,07 53,Tuesday,3202.07,CASH
CUST002977,3,Toys Games,14 19,Friday,251.13,UPI
CUST002978,6,Beauty Personal Care,16 23,Sunday,2212.16,CASH
CUST002979,1,Grocery,05 32,Wednesday,290.42,CASH
CUST002980,4,Food,13 04,Tuesday,162.59,CARD
CUST002981,2,Electronics,21 15,Thursday,3333.41,UPI
CUST002982,5,Fashion,22 17,Monday,1333.49,UPI
CUST002983,4,Toys Games,18 06,Friday,3074.93,CASH
CUST002984,4,Sports Fitness,23 33,Wednesday,5447.37,CARD
CUST002985,3,Food,00 00,Wednesday,323.47,CARD
CUST002986,6,Beauty Personal Care,14 07,Tuesday,2513.69,CARD
CUST002987,2,Beauty Personal Care,22 02,Saturday,2401.49,CASH
CUST002988,5,Sports Fitness,12 47,Wednesday,6538.61,CASH
CUST002989,1,Food,03 54,Thursday,191.09,UPI
CUST002990,2,Books Stationery,23 24,Monday,344.12,UPI
CUST002991,4,Food,20 30,Monday,352.09,UPI
CUST002992,4,Books Stationery,07 34,Saturday,1938.07,CARD
CUST002993,6,Healthcare,11 39,Wednesday,3934.02,UPI
CUST002994,5,Healthcare,20 56,Wednesday,4361.28,CASH
CUST002995,6,Sports Fitness,02 00,Saturday,5652.39,UPI
CUST002996,3,Sports Fitness,23 25,Saturday,5060.04,UPI
CUST002997,6,Beauty Personal Care,09 40,Tuesday,2547.20,CASH
CUST002998,3,Books Stationery,20 00,Saturday,831.88,CASH
CUST002999,2,Grocery,03 48,Saturday,585.69,UPI
CUST003000,2,Fashion,08 09,Friday,1517.77,CARD
CUST003001,2,Toys Games,10 49,Tuesday,2071.66,CASH
CUST003002,6,Fashion,11 57,Friday,4062.33,CASH
CUST003003,5,Beauty Personal Care,02 18,Monday,1740.88,UPI
CUST003004,2,Healthcare,03 45,Wednesday,4680.58,CARD
CUST003005,3,Electronics,06 13,Friday,16560.03,CASH
CUST003006,2,Food,18 33,Thursday,411.36,UPI
CUST003007,6,Fashion,18 46,Sunday,1911.34,UPI
CUST003008,5,Books Stationery,20 18,Wednesday,1434.12,CARD
CUST003009,2,Electronics,06 34,Sunday,6983.14,UPI
CUST003010,1,Home Kitchen,13 23,Monday,2228.95,UPI
CUST003011,1,Beauty Personal Care,16 19,Sunday,2445.12,CARD
CUST003012,1,Beauty Personal Care,05 52,Wednesday,637.42,CARD
CUST003013,5,Books Stationery,13 09,Saturday,1709.71,CARD
CUST003014,1,Electronics,13 42,Friday,43569.51,CASH
CUST003015,6,Home Kitchen,16 17,Wednesday,4254.73,CARD
CUST003016,1,Home Kitchen,19 00,Thursday,8960.04,UPI
CUST003017,3,Sports Fitness,00 57,Sunday,1033.97,CASH
CUST003018,5,Toys Games,05 16,Saturday,4446.74,UPI
CUST003019,5,Home Kitchen,05 18,Saturday,2092.47,CASH
CUST003020,5,Grocery,11 33,Monday,827.48,CASH
CUST003021,2,Toys Games,10 00,Tuesday,2412.02,UPI
CUST003022,3,Electronics,02 47,Saturday,46843.07,CARD
CUST003023,3,Healthcare,16 45,Thursday,4253.45,UPI
CUST003024,6,Sports Fitness,08 42,Thursday,670.32,CARD
CUST003025,6,Toys Games,11 06,Tuesday,2951.77,UPI
CUST003026,6,Home Kitchen,03 19,Thursday,4976.78,UPI
CUST003027,1,Healthcare,04 13,Tuesday,2643.28,CASH
CUST003028,3,Books Stationery,00 21,Saturday,176.15,CASH
CUST003029,3,Beauty Personal Care,09 51,Wednesday,796.63,CARD
CUST003030,2,Sports Fitness,12 50,Thursday,9385.54,CARD
CUST003031,2,Sports Fitness,10 02,Tuesday,13154.13,UPI
CUST003032,5,Toys Games,12 16,Tuesday,1911.54,UPI
CUST003033,2,Sports Fitness,23 39,Wednesday,3024.42,CASH
CUST003034,5,Books Stationery,20 58,Saturday,1637.32,UPI
CUST003035,2,Electronics,07 46,Saturday,46410.99,UPI
CUST003036,1,Sports Fitness,17 15,Tuesday,13324.27,UPI
CUST003037,1,Home Kitchen,01 53,Wednesday,1134.44,CASH
CUST003038,6,Grocery,04 28,Tuesday,399.67,UPI
CUST003039,5,Home Kitchen,16 51,Saturday,725.58,CASH
CUST003040,3,Toys Games,02 27,Wednesday,1044.56,UPI
CUST003041,1,Beauty Personal Care,18 45,Friday,1865.57,CARD
CUST003042,3,Sports Fitness,11 35,Tuesday,1619.72,CASH
CUST003043,6,Grocery,00 45,Thursday,986.87,CARD
CUST003044,6,Electronics,10 04,Saturday,1575.01,UPI
CUST003045,2,Food,22 37,Monday,443.92,CASH
CUST003046,2,Food,23 25,Sunday,555.06,CARD
CUST003047,3,Healthcare,04 12,Tuesday,883.39,UPI
CUST003048,6,Healthcare,11 16,Wednesday,1336.86,CARD
CUST003049,2,Beauty Personal Care,19 44,Saturday,330.38,UPI
CUST003050,5,Beauty Personal Care,16 54,Thursday,2409.18,CASH
CUST003051,5,Grocery,15 34,Wednesday,2943.30,CASH
CUST003052,6,Electronics,01 03,Wednesday,5516.03,CASH
CUST003053,6,Sports Fitness,00 35,Thursday,507.68,UPI
CUST003054,5,Beauty Personal Care,14 35,Monday,1770.83,UPI
CUST003055,3,Toys Games,20 42,Wednesday,3356.30,CARD
CUST003056,4,Books Stationery,12 12,Sunday,1824.78,UPI
CUST003057,3,Fashion,12 37,Monday,4719.13,UPI
CUST003058,2,Food,02 00,Wednesday,705.64,UPI
CUST003059,1,Electronics,21 26,Thursday,8748.98,CASH
CUST003060,4,Sports Fitness,16 47,Thursday,2300.55,CARD
CUST003061,4,Grocery,02 27,Monday,2063.15,UPI
CUST003062,5,Home Kitchen,13 40,Tuesday,9003.42,CASH
CUST003063,4,Books Stationery,04 36,Saturday,405.03,UPI
CUST003064,5,Books Stationery,07 57,Monday,1472.79,CASH
CUST003065,6,Books Stationery,05 07,Thursday,1612.14,UPI
CUST003066,1,Books Stationery,07 27,Wednesday,756.53,UPI
CUST003067,5,Healthcare,17 54,Saturday,682.59,CASH
CUST003068,2,Food,06 10,Monday,710.66,UPI
CUST003069,6,Beauty Personal Care,12 21,Monday,2642.68,UPI
CUST003070,5,Toys Games,22 58,Friday,3364.74,CASH
CUST003071,4,Books Stationery,18 19,Wednesday,861.96,CARD
CUST003072,5,Home Kitchen,17 04,Saturday,1942.97,CASH
CUST003073,6,Grocery,23 16,Tuesday,2146.35,CARD
CUST003074,1,Healthcare,03 00,Wednesday,1582.35,CASH
CUST003075,2,Fashion,03 46,Friday,723.21,CASH
CUST003076,1,Books Stationery,07 01,Wednesday,1636.40,CASH
CUST003077,5,Toys Games,10 36,Monday,4244.52,CARD
CUST003078,2,Books Stationery,15 34,Friday,1983.66,CARD
CUST003079,2,Toys Games,09 49,Sunday,3754.07,CARD
CUST003080,5,Home Kitchen,09 22,Saturday,9414.97,CARD
CUST003081,3,Beauty Personal Care,01 14,Monday,990.27,CARD
CUST003082,5,Food,19 31,Saturday,236.66,UPI
CUST003083,4,Beauty Personal Care,00 53,Saturday,575.19,UPI
CUST003084,2,Beauty Personal Care,22 09,Tuesday,1172.60,CARD
CUST003085,6,Beauty Personal Care,05 29,Saturday,2002.74,UPI
CUST003086,5,Beauty Personal Care,02 18,Monday,345.42,CASH
CUST003087,2,Electronics,15 34,Sunday,30927.34,CARD
CUST003088,6,Books Stationery,01 29,Wednesday,107.18,CASH
CUST003089,5,Electronics,20 26,Saturday,4389.33,CARD
CUST003090,4,Toys Games,22 44,Friday,1138.99,CASH
CUST003091,2,Toys Games,13 24,Sunday,4571.53,UPI
CUST003092,6,Fashion,15 58,Wednesday,3293.49,CASH
CUST003093,4,Sports Fitness,21 01,Monday,9600.88,CARD
CUST003094,6,Food,04 11,Sunday,549.52,UPI
CUST003095,3,Home Kitchen,20 20,Monday,7798.58,CASH
CUST003096,5,Grocery,22 15,Friday,1351.49,CASH
CUST003097,6,Fashion,18 50,Friday,2157.45,UPI
CUST003098,5,Food,15 48,Thursday,262.32,CASH
CUST003099,4,Grocery,23 55,Monday,294.04,UPI
CUST003100,2,Sports Fitness,17 52,Monday,6356.43,CARD
CUST003101,3,Electronics,16 16,Wednesday,10531.75,UPI
CUST003102,5,Home Kitchen,07 59,Wednesday,2273.21,CARD
CUST003103,5,Electronics,13 18,Sunday,13206.81,UPI
CUST003104,2,Toys Games,21 12,Wednesday,998.88,CASH
CUST003105,3,Home Kitchen,14 19,Sunday,4263.68,CARD
CUST003106,5,Beauty Personal Care,02 23,Monday,795.13,CASH
CUST003107,1,Toys Games,21 37,Sunday,4926.65,CARD
CUST003108,4,Healthcare,02 29,Wednesday,2275.44,CASH
CUST003109,6,Electronics,21 04,Sunday,25817.38,CASH
CUST003110,4,Food,04 45,Sunday,759.43,CASH
CUST003111,4,Healthcare,08 47,Saturday,1210.47,CARD
CUST003112,6,Electronics,17 47,Friday,1939.79,CARD
CUST003113,5,Home Kitchen,09 19,Thursday,8886.42,CASH
CUST003114,6,Fashion,22 26,Saturday,2761.56,CARD
CUST003115,3,Sports Fitness,00 56,Friday,6661.77,UPI
CUST003116,1,Beauty Personal Care,04 29,Tuesday,1700.74,CASH
CUST003117,3,Toys Games,04 10,Tuesday,1557.46,CASH
CUST003118,4,Beauty Personal Care,05 59,Thursday,1492.04,UPI
CUST003119,2,Home Kitchen,22 30,Wednesday,9641.00,CASH
CUST003120,1,Electronics,19 26,Monday,13235.60,CASH
CUST003121,1,Beauty Personal Care,12 30,Tuesday,1194.54,CARD
CUST003122,3,Toys Games,04 55,Saturday,1566.91,CASH
CUST003123,1,Fashion,06 52,Sunday,1420.09,UPI
CUST003124,4,Fashion,08 47,Sunday,2780.05,UPI
CUST003125,4,Grocery,08 07,Wednesday,2644.26,UPI
CUST003126,5,Home Kitchen,19 50,Friday,7383.20,CASH
CUST003127,2,Sports Fitness,05 54,Monday,12241.33,CARD
CUST003128,1,Beauty Personal Care,10 36,Thursday,241.23,UPI
CUST003129,4,Healthcare,22 12,Saturday,3378.18,UPI
CUST003130,6,Sports Fitness,10 12,Sunday,769.94,CARD
CUST003131,4,Electronics,02 34,Saturday,1212.45,CARD
CUST003132,6,Home Kitchen,01 08,Tuesday,9899.75,UPI
CUST003133,5,Electronics,10 21,Saturday,34510.13,CASH
CUST003134,4,Toys Games,14 24,Monday,815.74,CASH
CUST003135,6,Grocery,09 48,Thursday,564.95,CASH
CUST003136,5,Food,05 35,Sunday,610.42,UPI
CUST003137,1,Grocery,18 11,Wednesday,2833.76,UPI
CUST003138,4,Home Kitchen,16 37,Wednesday,5602.27,UPI
CUST003139,2,Grocery,16 28,Sunday,559.73,CASH
CUST003140,5,Home Kitchen,11 23,Tuesday,9146.99,CASH
CUST003141,5,Healthcare,04 55,Tuesday,2034.62,CASH
CUST003142,2,Home Kitchen,03 28,Sunday,5953.39,CASH
CUST003143,6,Beauty Personal Care,10 50,Thursday,1996.23,UPI
CUST003144,3,Beauty Personal Care,11 20,Wednesday,1327.10,CASH
CUST003145,1,Toys Games,07 39,Tuesday,2848.91,CARD
CUST003146,6,Beauty Personal Care,03 17,Monday,426.05,UPI
CUST003147,1,Electronics,12 10,Monday,22586.93,UPI
CUST003148,4,Books Stationery,12 02,Thursday,537.63,UPI
CUST003149,4,Home Kitchen,04 12,Monday,7126.49,UPI
CUST003150,2,Fashion,22 57,Wednesday,4797.37,CASH
CUST003151,5,Electronics,14 31,Wednesday,12275.12,CASH
CUST003152,2,Healthcare,19 17,Wednesday,1416.32,CARD
CUST003153,2,Books Stationery,23 38,Saturday,1017.67,CARD
CUST003154,5,Beauty Personal Care,10 47,Wednesday,1953.57,CARD
CUST003155,4,Beauty Personal Care,08 16,Wednesday,703.42,UPI
CUST003156,1,Food,01 50,Saturday,53.35,UPI
CUST003157,1,Healthcare,07 03,Wednesday,442.93,UPI
CUST003158,2,Fashion,23 55,Tuesday,3981.43,UPI
CUST003159,6,Sports Fitness,22 49,Monday,751.65,CARD
CUST003160,6,Toys Games,07 36,Friday,981.27,UPI
CUST003161,1,Beauty Personal Care,13 16,Thursday,2368.28,CASH
CUST003162,2,Electronics,12 09,Saturday,43721.07,CASH
CUST003163,5,Food,07 11,Monday,313.51,UPI
CUST003164,6,Food,00 12,Friday,162.06,CARD
CUST003165,1,Home Kitchen,18 48,Friday,2797.51,CASH
CUST003166,3,Healthcare,19 50,Sunday,1813.05,UPI
CUST003167,5,Electronics,10 47,Monday,24385.89,CASH
CUST003168,3,Home Kitchen,00 16,Tuesday,2365.96,CARD
CUST003169,5,Beauty Personal Care,12 31,Saturday,927.25,CARD
CUST003170,5,Healthcare,12 04,Tuesday,4298.04,CARD
CUST003171,6,Healthcare,11 41,Saturday,1399.66,CARD
CUST003172,3,Toys Games,03 04,Tuesday,1092.68,CARD
CUST003173,4,Beauty Personal Care,07 45,Thursday,1768.22,CARD
CUST003174,5,Toys Games,17 36,Monday,218.89,CASH
CUST003175,4,Toys Games,02 25,Wednesday,1453.50,CARD
CUST003176,5,Beauty Personal Care,12 23,Friday,2456.42,CASH
CUST003177,2,Home Kitchen,22 38,Friday,9910.03,CASH
CUST003178,1,Electronics,11 35,Wednesday,11274.84,CARD
CUST003179,3,Toys Games,21 37,Thursday,716.69,UPI
CUST003180,3,Food,11 02,Saturday,760.64,UPI
CUST003181,5,Healthcare,17 56,Tuesday,4992.48,CASH
CUST003182,1,Healthcare,08 52,Wednesday,2866.81,UPI
CUST003183,6,Beauty Personal Care,14 33,Saturday,240.13,CARD
CUST003184,3,Toys Games,06 03,Friday,725.62,CARD
CUST003185,3,Fashion,08 43,Friday,2518.75,CARD
CUST003186,2,Fashion,06 31,Sunday,1601.64,CARD
CUST003187,1,Grocery,07 32,Monday,2835.28,CARD
CUST003188,4,Beauty Personal Care,15 12,Thursday,2838.63,CARD
CUST003189,4,Electronics,20 36,Wednesday,1872.61,CARD
CUST003190,4,Healthcare,21 01,Saturday,4643.15,CARD
CUST003191,1,Sports Fitness,15 30,Sunday,1027.53,CARD
CUST003192,4,Healthcare,20 40,Sunday,1679.14,UPI
CUST003193,4,Grocery,12 38,Saturday,130.96,CARD
CUST003194,4,Electronics,01 30,Tuesday,27520.49,UPI
CUST003195,6,Beauty Personal Care,18 33,Sunday,715.38,CASH
CUST003196,4,Electronics,16 57,Monday,15850.10,CASH
CUST003197,6,Toys Games,21 45,Tuesday,2255.39,UPI
CUST003198,6,Home Kitchen,18 43,Tuesday,9078.83,UPI
CUST003199,6,Toys Games,09 30,Friday,3245.68,CASH
CUST003200,3,Books Stationery,11 17,Thursday,295.53,CARD
CUST003201,1,Electronics,04 18,Tuesday,46573.54,CASH
CUST003202,5,Sports Fitness,06 35,Wednesday,6857.30,UPI
CUST003203,4,Electronics,18 35,Wednesday,15020.62,CASH
CUST003204,4,Grocery,09 25,Friday,263.17,UPI
CUST003205,2,Beauty Personal Care,22 41,Thursday,888.15,CARD
CUST003206,4,Healthcare,11 29,Tuesday,1704.48,UPI
CUST003207,4,Food,18 17,Thursday,508.28,UPI
CUST003208,3,Toys Games,09 49,Friday,2940.61,CASH
CUST003209,4,Food,23 59,Sunday,363.42,CASH
CUST003210,5,Beauty Personal Care,00 10,Monday,1090.27,UPI
CUST003211,5,Books Stationery,00 35,Wednesday,1618.60,UPI
CUST003212,2,Beauty Personal Care,19 12,Tuesday,2640.75,UPI
CUST003213,6,Fashion,04 20,Thursday,1190.44,UPI
CUST003214,5,Electronics,03 48,Saturday,26004.94,CARD
CUST003215,5,Healthcare,19 26,Thursday,1170.26,CARD
CUST003216,5,Food,07 25,Friday,644.18,CASH
CUST003217,3,Books Stationery,19 38,Tuesday,901.99,UPI
CUST003218,3,Toys Games,10 09,Friday,3783.75,CARD
CUST003219,6,Healthcare,21 08,Monday,4181.39,CARD
CUST003220,6,Grocery,16 21,Friday,387.09,CARD
CUST003221,5,Home Kitchen,06 06,Saturday,1736.64,CARD
CUST003222,6,Beauty Personal Care,15 18,Friday,1188.30,UPI
CUST003223,2,Home Kitchen,22 51,Monday,4949.46,CASH
CUST003224,5,Toys Games,19 58,Monday,1671.68,UPI
CUST003225,1,Beauty Personal Care,18 24,Sunday,1894.15,CASH
CUST003226,5,Healthcare,10 31,Sunday,2918.29,CARD
CUST003227,3,Books Stationery,02 32,Monday,585.09,CARD
CUST003228,3,Electronics,19 20,Thursday,9961.19,CASH
CUST003229,5,Toys Games,03 36,Thursday,1672.32,UPI
CUST003230,1,Food,08 05,Thursday,70.06,CASH
CUST003231,4,Fashion,03 29,Saturday,4828.82,CASH
CUST003232,6,Sports Fitness,12 29,Wednesday,4855.67,CASH
CUST003233,6,Food,04 04,Sunday,391.15,UPI
CUST003234,5,Grocery,03 39,Monday,1579.43,UPI
CUST003235,5,Sports Fitness,10 05,Sunday,6186.18,CASH
CUST003236,4,Grocery,12 56,Monday,1398.42,CARD
CUST003237,6,Home Kitchen,01 03,Monday,3983.95,CASH
CUST003238,4,Books Stationery,08 06,Friday,759.45,UPI
CUST003239,5,Books Stationery,22 00,Monday,1329.24,CASH
CUST003240,3,Healthcare,10 01,Saturday,1350.12,UPI
CUST003241,3,Beauty Personal Care,10 12,Thursday,2190.34,UPI
CUST003242,1,Electronics,20 03,Monday,22790.13,CASH
CUST003243,4,Healthcare,16 45,Wednesday,3409.94,CARD
CUST003244,2,Sports Fitness,14 17,Saturday,6249.49,UPI
CUST003245,5,Books Stationery,14 21,Thursday,218.52,CARD
CUST003246,2,Electronics,13 29,Tuesday,48957.45,CARD
CUST003247,5,Electronics,04 16,Saturday,6715.29,CASH
CUST003248,5,Toys Games,06 18,Tuesday,1453.30,UPI
CUST003249,6,Toys Games,06 47,Monday,4544.70,UPI
CUST003250,2,Books Stationery,08 29,Sunday,473.27,UPI
CUST003251,1,Electronics,20 44,Tuesday,12475.09,UPI
CUST003252,6,Beauty Personal Care,04 45,Saturday,597.64,CARD
CUST003253,2,Home Kitchen,02 54,Monday,9041.44,UPI
CUST003254,4,Home Kitchen,06 31,Sunday,9217.33,CASH
CUST003255,6,Healthcare,04 16,Tuesday,2749.81,CARD
CUST003256,4,Electronics,04 09,Wednesday,23308.96,UPI
CUST003257,6,Grocery,18 09,Wednesday,1644.72,UPI
CUST003258,3,Electronics,16 28,Saturday,12477.06,UPI
CUST003259,6,Sports Fitness,08 22,Tuesday,11189.32,UPI
CUST003260,1,Books Stationery,09 50,Wednesday,1331.24,UPI
CUST003261,1,Beauty Personal Care,17 48,Thursday,1992.62,CARD
CUST003262,4,Food,15 17,Friday,281.73,CARD
CUST003263,4,Home Kitchen,04 19,Tuesday,1690.39,CARD
CUST003264,5,Healthcare,09 48,Tuesday,3264.64,CASH
CUST003265,3,Home Kitchen,20 13,Thursday,4008.22,CARD
CUST003266,2,Toys Games,05 57,Sunday,2750.66,CASH
CUST003267,2,Food,07 16,Friday,283.96,CASH
CUST003268,1,Healthcare,01 18,Monday,3536.81,UPI
CUST003269,4,Sports Fitness,14 40,Sunday,8611.02,CASH
CUST003270,4,Beauty Personal Care,11 18,Friday,2303.40,CARD
CUST003271,3,Toys Games,12 44,Friday,3087.77,UPI
CUST003272,4,Grocery,07 21,Tuesday,1903.58,CASH
CUST003273,6,Toys Games,10 18,Friday,4170.17,CARD
CUST003274,4,Healthcare,10 03,Saturday,3787.08,CARD
CUST003275,6,Sports Fitness,09 59,Monday,3894.79,UPI
CUST003276,2,Sports Fitness,05 26,Wednesday,2668.51,UPI
CUST003277,5,Sports Fitness,14 25,Wednesday,7613.95,UPI
CUST003278,3,Grocery,10 24,Monday,1294.72,CASH
CUST003279,2,Food,08 28,Sunday,728.60,UPI
CUST003280,2,Sports Fitness,15 40,Friday,14655.42,CASH
CUST003281,3,Beauty Personal Care,00 59,Wednesday,572.76,UPI
CUST003282,3,Healthcare,17 26,Sunday,3986.45,CARD
CUST003283,3,Fashion,18 49,Sunday,4502.20,CARD
CUST003284,3,Grocery,21 03,Thursday,1636.01,CASH
CUST003285,6,Toys Games,02 55,Thursday,3841.42,CARD
CUST003286,1,Electronics,16 13,Thursday,45428.59,CARD
CUST003287,1,Beauty Personal Care,02 34,Thursday,1253.59,UPI
CUST003288,6,Food,11 09,Friday,129.70,CARD
CUST003289,4,Books Stationery,19 30,Monday,291.44,CASH
CUST003290,6,Toys Games,06 08,Tuesday,1856.44,CARD
CUST003291,4,Books Stationery,01 43,Saturday,926.47,CASH
CUST003292,3,Sports Fitness,20 59,Saturday,2425.09,UPI
CUST003293,4,Home Kitchen,09 01,Friday,4253.74,CARD
CUST003294,6,Toys Games,07 15,Sunday,2551.07,UPI
CUST003295,2,Food,03 04,Saturday,635.59,CARD
CUST003296,3,Healthcare,23 07,Tuesday,2975.10,CASH
CUST003297,6,Home Kitchen,04 02,Saturday,882.24,UPI
CUST003298,2,Home Kitchen,07 28,Monday,1932.15,CASH
CUST003299,4,Food,01 02,Saturday,109.41,CASH
CUST003300,1,Healthcare,00 23,Tuesday,1338.68,UPI
CUST003301,3,Food,09 08,Monday,366.38,UPI
CUST003302,3,Beauty Personal Care,22 15,Friday,557.70,UPI
CUST003303,4,Home Kitchen,20 32,Friday,3864.31,CARD
CUST003304,3,Home Kitchen,20 54,Friday,2694.46,CARD
CUST003305,5,Fashion,05 32,Wednesday,2680.29,CASH
CUST003306,3,Toys Games,05 50,Sunday,2475.59,CASH
CUST003307,5,Fashion,23 29,Wednesday,998.76,UPI
CUST003308,6,Toys Games,03 09,Thursday,1792.91,CARD
CUST003309,1,Fashion,04 11,Thursday,1319.67,UPI
CUST003310,2,Beauty Personal Care,02 59,Thursday,2627.80,CASH
CUST003311,5,Beauty Personal Care,21 04,Friday,984.52,CARD
CUST003312,3,Beauty Personal Care,06 59,Wednesday,1925.57,CASH
CUST003313,4,Sports Fitness,14 55,Saturday,13598.31,CASH
CUST003314,3,Home Kitchen,18 38,Friday,6531.46,UPI
CUST003315,4,Fashion,08 08,Saturday,3529.19,CASH
CUST003316,2,Books Stationery,07 07,Sunday,1061.06,CARD
CUST003317,6,Home Kitchen,20 38,Monday,2763.67,UPI
CUST003318,1,Toys Games,22 14,Monday,373.63,UPI
CUST003319,6,Sports Fitness,21 17,Wednesday,5129.49,CASH
CUST003320,2,Electronics,15 43,Sunday,34997.88,UPI
CUST003321,3,Toys Games,05 15,Thursday,1124.66,CARD
CUST003322,4,Electronics,20 02,Monday,46387.63,CASH
CUST003323,6,Books Stationery,16 44,Wednesday,1541.00,CASH
CUST003324,6,Grocery,13 37,Saturday,299.02,UPI
CUST003325,6,Toys Games,05 33,Monday,2547.96,CARD
CUST003326,4,Food,09 49,Saturday,628.69,CASH
CUST003327,4,Grocery,03 41,Monday,1620.03,CASH
CUST003328,1,Toys Games,18 33,Thursday,3988.28,UPI
CUST003329,1,Healthcare,04 15,Sunday,3187.86,UPI
CUST003330,4,Food,08 08,Sunday,394.76,CARD
CUST003331,3,Toys Games,23 04,Saturday,4185.24,UPI
CUST003332,5,Beauty Personal Care,08 36,Thursday,2788.99,CASH
CUST003333,1,Healthcare,19 15,Friday,844.88,UPI
CUST003334,2,Toys Games,05 08,Tuesday,1460.83,CARD
CUST003335,4,Healthcare,02 53,Sunday,3211.97,CARD
CUST003336,6,Healthcare,12 08,Monday,3165.50,CARD
CUST003337,1,Books Stationery,02 59,Tuesday,1348.09,CASH
CUST003338,6,Toys Games,19 18,Friday,4226.38,CARD
CUST003339,2,Sports Fitness,14 01,Friday,6745.40,UPI
CUST003340,4,Food,18 17,Monday,323.65,CASH
CUST003341,6,Beauty Personal Care,05 52,Friday,808.99,CARD
CUST003342,4,Toys Games,07 13,Monday,2257.31,CARD
CUST003343,6,Books Stationery,18 24,Wednesday,787.50,CASH
CUST003344,4,Fashion,04 26,Friday,4684.39,CARD
CUST003345,5,Food,02 18,Thursday,393.81,CARD
CUST003346,5,Fashion,15 34,Tuesday,989.53,UPI
CUST003347,4,Fashion,19 13,Sunday,3542.65,CARD
CUST003348,3,Food,12 57,Monday,646.72,CARD
CUST003349,6,Food,04 14,Tuesday,593.40,UPI
CUST003350,3,Food,13 25,Tuesday,294.45,UPI
CUST003351,5,Beauty Personal Care,12 00,Thursday,2802.07,UPI
CUST003352,4,Electronics,21 33,Wednesday,29848.98,CARD
CUST003353,1,Home Kitchen,13 42,Thursday,2334.17,UPI
CUST003354,6,Electronics,12 30,Thursday,33351.15,CASH
CUST003355,6,Grocery,13 30,Wednesday,349.61,CASH
CUST003356,3,Healthcare,09 08,Thursday,2239.26,UPI
CUST003357,5,Healthcare,10 43,Tuesday,3113.89,CASH
CUST003358,5,Healthcare,11 06,Tuesday,3331.19,CASH
CUST003359,3,Food,14 32,Wednesday,614.79,UPI
CUST003360,1,Food,17 45,Friday,478.40,UPI
CUST003361,2,Sports Fitness,01 50,Friday,2590.44,CARD
CUST003362,5,Home Kitchen,10 38,Tuesday,5309.21,CASH
CUST003363,1,Healthcare,22 59,Tuesday,1730.16,CASH
CUST003364,2,Fashion,00 23,Wednesday,2179.98,UPI
CUST003365,2,Sports Fitness,20 56,Saturday,11716.61,CARD
CUST003366,1,Healthcare,23 14,Tuesday,4557.11,CASH
CUST003367,3,Home Kitchen,12 54,Friday,6300.88,CARD
CUST003368,6,Beauty Personal Care,10 47,Saturday,352.06,UPI
CUST003369,6,Fashion,14 43,Sunday,678.33,CARD
CUST003370,1,Grocery,01 37,Thursday,2602.61,UPI
CUST003371,2,Healthcare,13 27,Thursday,489.59,UPI
CUST003372,3,Food,00 28,Tuesday,195.24,CARD
CUST003373,2,Grocery,22 25,Wednesday,1907.24,CARD
CUST003374,6,Electronics,18 33,Friday,38385.98,UPI
CUST003375,4,Sports Fitness,16 16,Thursday,12592.29,CARD
CUST003376,4,Fashion,23 37,Friday,1606.98,CARD
CUST003377,6,Books Stationery,04 00,Wednesday,1405.15,CARD
CUST003378,6,Home Kitchen,00 05,Wednesday,7689.53,CARD
CUST003379,4,Beauty Personal Care,21 17,Sunday,2699.17,CARD
CUST003380,3,Beauty Personal Care,20 54,Thursday,344.79,CASH
CUST003381,4,Electronics,23 32,Saturday,13917.25,CASH
CUST003382,3,Toys Games,21 29,Sunday,2555.39,CASH
CUST003383,3,Fashion,20 56,Friday,4919.31,CARD
CUST003384,5,Books Stationery,03 17,Tuesday,1052.20,CASH
CUST003385,5,Healthcare,06 06,Saturday,1825.12,UPI
CUST003386,3,Food,11 54,Saturday,758.73,UPI
CUST003387,1,Sports Fitness,07 50,Monday,5793.15,CASH
CUST003388,3,Toys Games,14 44,Monday,2794.35,CASH
CUST003389,5,Fashion,02 58,Saturday,1398.93,CARD
CUST003390,4,Fashion,02 44,Tuesday,4485.50,UPI
CUST003391,3,Fashion,01 23,Wednesday,872.34,CASH
CUST003392,2,Healthcare,04 09,Thursday,4286.53,UPI
CUST003393,2,Fashion,07 47,Friday,4308.93,CARD
CUST003394,3,Home Kitchen,09 25,Friday,3675.33,CASH
CUST003395,3,Home Kitchen,12 28,Thursday,5344.20,UPI
CUST003396,5,Sports Fitness,13 08,Tuesday,13452.87,CARD
CUST003397,2,Electronics,00 45,Monday,28735.19,UPI
CUST003398,3,Home Kitchen,20 04,Friday,812.72,UPI
CUST003399,2,Electronics,12 39,Wednesday,10846.63,CASH
CUST003400,2,Grocery,21 13,Tuesday,1961.71,CASH
CUST003401,5,Grocery,22 25,Friday,312.05,UPI
CUST003402,5,Toys Games,17 11,Monday,1304.85,UPI
CUST003403,4,Books Stationery,08 21,Tuesday,1475.05,UPI
CUST003404,2,Toys Games,08 24,Wednesday,220.98,CARD
CUST003405,3,Sports Fitness,19 25,Tuesday,11553.79,CASH
CUST003406,2,Books Stationery,06 08,Saturday,1956.26,UPI
CUST003407,1,Fashion,10 39,Wednesday,2796.16,CASH
CUST003408,3,Food,02 17,Saturday,210.12,CARD
CUST003409,1,Toys Games,10 20,Monday,4631.90,CARD
CUST003410,2,Food,16 07,Wednesday,708.55,CASH
CUST003411,4,Healthcare,21 06,Friday,3576.94,CARD
CUST003412,2,Fashion,08 24,Tuesday,1633.97,UPI
CUST003413,5,Grocery,07 12,Thursday,113.06,UPI
CUST003414,5,Beauty Personal Care,17 16,Sunday,349.55,CARD
CUST003415,6,Electronics,02 10,Tuesday,45707.80,CASH
CUST003416,6,Healthcare,08 23,Wednesday,2936.61,CARD
CUST003417,2,Food,23 33,Saturday,704.04,CASH
CUST003418,3,Toys Games,03 44,Sunday,3711.53,CASH
CUST003419,5,Sports Fitness,06 12,Thursday,2119.39,CARD
CUST003420,1,Grocery,15 44,Sunday,2360.92,UPI
CUST003421,1,Electronics,04 49,Monday,41431.73,UPI
CUST003422,3,Grocery,20 25,Friday,1137.68,CARD
CUST003423,3,Electronics,06 27,Friday,36124.78,CARD
CUST003424,6,Grocery,14 29,Saturday,363.05,CASH
CUST003425,6,Toys Games,20 19,Thursday,3851.43,CASH
CUST003426,3,Healthcare,18 21,Monday,273.80,CARD
CUST003427,6,Grocery,12 16,Friday,1536.26,CARD
CUST003428,3,Sports Fitness,23 59,Thursday,13468.08,CASH
CUST003429,1,Beauty Personal Care,13 00,Monday,2798.95,CASH
CUST003430,6,Healthcare,03 23,Sunday,1487.89,CARD
CUST003431,1,Beauty Personal Care,00 31,Friday,2141.99,CASH
CUST003432,6,Beauty Personal Care,00 17,Monday,217.22,CASH
CUST003433,3,Books Stationery,09 34,Sunday,1889.02,CARD
CUST003434,6,Healthcare,15 09,Thursday,2165.31,CASH
CUST003435,2,Healthcare,19 27,Monday,919.27,CARD
CUST003436,6,Books Stationery,17 48,Friday,1974.34,UPI
CUST003437,6,Grocery,06 29,Thursday,809.29,CASH
CUST003438,3,Toys Games,18 00,Sunday,3965.11,UPI
CUST003439,6,Food,22 36,Friday,624.66,CASH
CUST003440,3,Food,20 52,Wednesday,380.69,CASH
CUST003441,1,Home Kitchen,12 32,Friday,1726.78,UPI
CUST003442,5,Sports Fitness,17 40,Tuesday,1549.47,CARD
CUST003443,1,Beauty Personal Care,00 31,Tuesday,361.24,CARD
CUST003444,6,Books Stationery,08 26,Wednesday,388.41,CASH
CUST003445,5,Food,20 13,Tuesday,421.20,CARD
CUST003446,1,Toys Games,10 50,Friday,4386.57,CARD
CUST003447,2,Electronics,04 58,Tuesday,45208.02,UPI
CUST003448,3,Toys Games,10 43,Thursday,1244.18,CARD
CUST003449,1,Grocery,10 03,Tuesday,935.05,UPI
CUST003450,4,Food,03 27,Monday,592.66,CARD
CUST003451,6,Fashion,19 14,Friday,2565.45,CARD
CUST003452,5,Beauty Personal Care,12 17,Tuesday,2710.87,UPI
CUST003453,2,Toys Games,03 59,Sunday,451.01,CASH
CUST003454,2,Beauty Personal Care,14 55,Wednesday,291.12,CARD
CUST003455,1,Sports Fitness,20 10,Thursday,14284.23,CARD
CUST003456,5,Books Stationery,17 25,Monday,517.78,UPI
CUST003457,1,Toys Games,07 16,Friday,1171.63,CARD
CUST003458,4,Healthcare,20 52,Thursday,3566.58,CARD
CUST003459,2,Fashion,20 51,Sunday,1609.73,UPI
CUST003460,2,Beauty Personal Care,22 19,Monday,2678.28,UPI
CUST003461,3,Grocery,00 29,Thursday,2437.43,CASH
CUST003462,5,Fashion,09 30,Tuesday,1688.07,CARD
CUST003463,4,Healthcare,06 56,Tuesday,1929.31,CARD
CUST003464,2,Fashion,16 14,Saturday,4617.95,UPI
CUST003465,3,Electronics,22 45,Wednesday,49888.56,UPI
CUST003466,3,Sports Fitness,04 57,Sunday,875.97,CASH
CUST003467,4,Toys Games,23 53,Wednesday,1428.44,UPI
CUST003468,1,Sports Fitness,00 38,Tuesday,11058.45,CARD
CUST003469,2,Food,10 47,Thursday,70.27,CARD
CUST003470,2,Toys Games,12 27,Wednesday,3483.94,CASH
CUST003471,6,Grocery,07 34,Saturday,2395.73,UPI
CUST003472,3,Home Kitchen,05 57,Thursday,2607.94,CARD
CUST003473,3,Healthcare,13 00,Saturday,1185.15,CASH
CUST003474,3,Healthcare,01 51,Monday,2416.61,UPI
CUST003475,1,Sports Fitness,05 51,Friday,4282.44,UPI
CUST003476,5,Electronics,00 43,Monday,34625.59,CASH
CUST003477,4,Beauty Personal Care,15 05,Monday,947.37,CARD
CUST003478,2,Sports Fitness,08 46,Sunday,7857.09,CASH
CUST003479,6,Grocery,21 28,Thursday,2886.96,UPI
CUST003480,5,Healthcare,16 01,Monday,3009.82,CARD
CUST003481,6,Beauty Personal Care,18 07,Wednesday,1366.55,CASH
CUST003482,4,Fashion,19 05,Monday,1223.00,UPI
CUST003483,5,Electronics,03 46,Monday,44539.81,CASH
CUST003484,1,Healthcare,18 38,Sunday,4240.85,CASH
CUST003485,4,Books Stationery,19 31,Monday,283.99,CARD
CUST003486,4,Healthcare,19 04,Tuesday,1863.62,UPI
CUST003487,4,Grocery,00 00,Monday,1605.01,CARD
CUST003488,6,Healthcare,15 05,Thursday,3423.24,CARD
CUST003489,2,Electronics,06 45,Tuesday,21065.66,CASH
CUST003490,1,Sports Fitness,05 45,Monday,13953.82,CASH
CUST003491,5,Healthcare,14 22,Friday,918.47,CASH
CUST003492,6,Food,03 07,Tuesday,754.94,UPI
CUST003493,1,Fashion,11 14,Thursday,2336.07,CASH
CUST003494,2,Beauty Personal Care,09 11,Monday,1273.06,CASH
CUST003495,6,Sports Fitness,19 15,Tuesday,14627.98,CARD
CUST003496,3,Toys Games,17 55,Thursday,2054.06,CARD
CUST003497,4,Home Kitchen,15 49,Wednesday,6412.40,UPI
CUST003498,1,Electronics,18 27,Friday,2859.41,CASH
CUST003499,2,Food,06 33,Sunday,506.70,CARD
CUST003500,3,Electronics,11 21,Wednesday,12853.37,UPI
CUST003501,5,Beauty Personal Care,21 10,Monday,686.64,UPI
CUST003502,2,Food,07 51,Monday,108.06,UPI
CUST003503,6,Home Kitchen,02 57,Thursday,2258.48,CARD
CUST003504,1,Healthcare,01 57,Friday,1105.37,UPI
CUST003505,4,Home Kitchen,11 09,Wednesday,9101.78,UPI
CUST003506,5,Toys Games,12 35,Monday,3726.95,CARD
CUST003507,6,Beauty Personal Care,06 33,Wednesday,2069.54,UPI
CUST003508,6,Electronics,02 58,Wednesday,1238.77,UPI
CUST003509,1,Food,21 07,Thursday,705.67,UPI
CUST003510,3,Grocery,11 49,Sunday,360.36,UPI
CUST003511,5,Toys Games,05 33,Tuesday,2324.55,CASH
CUST003512,3,Toys Games,00 26,Friday,4583.28,UPI
CUST003513,4,Toys Games,02 06,Monday,1307.30,CASH
CUST003514,2,Home Kitchen,03 15,Tuesday,4272.90,CARD
CUST003515,1,Fashion,03 46,Sunday,2517.85,CARD
CUST003516,3,Grocery,16 19,Sunday,1826.26,CASH
CUST003517,3,Grocery,14 22,Tuesday,1002.01,UPI
CUST003518,5,Grocery,16 34,Sunday,1822.59,CARD
CUST003519,2,Home Kitchen,22 32,Wednesday,5309.66,CASH
CUST003520,2,Books Stationery,22 25,Monday,1082.02,CARD
CUST003521,4,Grocery,02 18,Monday,985.90,CASH
CUST003522,6,Beauty Personal Care,21 05,Wednesday,2469.67,CASH
CUST003523,5,Toys Games,08 35,Wednesday,4534.67,CASH
CUST003524,1,Healthcare,00 41,Sunday,4501.46,CASH
CUST003525,1,Grocery,14 44,Thursday,1900.06,UPI
CUST003526,1,Home Kitchen,21 17,Saturday,1129.97,CASH
CUST003527,6,Food,15 31,Sunday,227.75,CARD
CUST003528,6,Sports Fitness,20 14,Friday,5651.76,UPI
CUST003529,4,Electronics,14 14,Tuesday,21945.61,CASH
CUST003530,5,Healthcare,04 15,Friday,1445.17,CASH
CUST003531,1,Electronics,02 12,Saturday,40879.93,UPI
CUST003532,3,Beauty Personal Care,06 52,Thursday,878.01,CARD
CUST003533,2,Home Kitchen,23 30,Monday,6464.50,CARD
CUST003534,3,Grocery,15 36,Sunday,555.73,CASH
CUST003535,1,Toys Games,10 54,Saturday,1939.62,CARD
CUST003536,4,Electronics,14 18,Tuesday,3370.19,CASH
CUST003537,6,Fashion,01 03,Monday,597.70,UPI
CUST003538,4,Fashion,02 48,Saturday,4256.48,CASH
CUST003539,3,Food,09 21,Wednesday,379.20,CASH
CUST003540,5,Fashion,21 32,Saturday,825.22,CARD
CUST003541,4,Home Kitchen,14 12,Saturday,2356.17,CASH
CUST003542,6,Electronics,09 22,Tuesday,36946.00,CASH
CUST003543,2,Beauty Personal Care,18 22,Saturday,1819.93,UPI
CUST003544,3,Electronics,09 12,Thursday,28442.33,CARD
CUST003545,1,Grocery,13 07,Monday,2873.59,CARD
CUST003546,4,Sports Fitness,21 47,Friday,2471.44,CASH
CUST003547,4,Beauty Personal Care,23 28,Monday,1556.72,CASH
CUST003548,2,Fashion,05 52,Wednesday,2347.09,CARD
CUST003549,4,Food,18 36,Saturday,670.84,CASH
CUST003550,5,Fashion,03 28,Saturday,2282.90,CASH
CUST003551,4,Sports Fitness,19 18,Friday,3946.63,UPI
CUST003552,5,Electronics,12 52,Wednesday,9367.23,UPI
CUST003553,1,Home Kitchen,19 09,Sunday,3866.07,CARD
CUST003554,3,Electronics,12 51,Wednesday,49584.41,CASH
CUST003555,3,Toys Games,20 19,Thursday,2975.84,UPI
CUST003556,2,Electronics,14 33,Wednesday,23511.58,CASH
CUST003557,6,Books Stationery,15 27,Friday,322.28,CASH
CUST003558,5,Sports Fitness,19 11,Wednesday,6056.95,CARD
CUST003559,4,Electronics,06 08,Sunday,1300.03,UPI
CUST003560,6,Food,21 08,Saturday,691.99,CARD
CUST003561,5,Beauty Personal Care,06 11,Thursday,697.63,UPI
CUST003562,4,Grocery,17 25,Thursday,1461.09,UPI
CUST003563,2,Food,17 50,Saturday,399.29,CARD
CUST003564,3,Books Stationery,03 24,Sunday,1593.82,CASH
CUST003565,3,Sports Fitness,04 28,Friday,8996.15,UPI
CUST003566,4,Healthcare,07 21,Saturday,443.37,CARD
CUST003567,5,Food,19 41,Sunday,288.35,CARD
CUST003568,2,Grocery,18 33,Monday,1285.44,CARD
CUST003569,2,Grocery,10 36,Tuesday,135.52,CASH
CUST003570,6,Beauty Personal Care,08 41,Friday,2002.72,UPI
CUST003571,4,Toys Games,05 45,Wednesday,3238.22,CARD
CUST003572,2,Healthcare,05 48,Tuesday,2418.67,CASH
CUST003573,4,Food,00 34,Wednesday,610.10,CASH
CUST003574,3,Healthcare,23 33,Tuesday,975.78,UPI
CUST003575,2,Home Kitchen,15 26,Tuesday,1958.79,UPI
CUST003576,2,Electronics,05 11,Friday,2060.84,CARD
CUST003577,4,Fashion,05 09,Thursday,2467.83,CARD
CUST003578,4,Electronics,14 29,Thursday,15293.33,CASH
CUST003579,2,Food,12 33,Thursday,704.75,CARD
CUST003580,2,Home Kitchen,12 38,Friday,3185.42,CARD
CUST003581,3,Sports Fitness,20 16,Friday,13004.77,CARD
CUST003582,3,Beauty Personal Care,22 49,Saturday,908.56,UPI
CUST003583,1,Beauty Personal Care,18 37,Monday,256.84,UPI
CUST003584,6,Beauty Personal Care,13 47,Wednesday,2589.60,UPI
CUST003585,6,Toys Games,11 15,Monday,1034.83,UPI
CUST003586,6,Food,18 26,Monday,91.46,UPI
CUST003587,4,Toys Games,08 00,Monday,3654.86,CARD
CUST003588,5,Home Kitchen,20 02,Thursday,7360.15,CARD
CUST003589,2,Sports Fitness,05 06,Sunday,7525.53,UPI
CUST003590,1,Sports Fitness,22 45,Thursday,8854.51,UPI
CUST003591,4,Books Stationery,10 51,Friday,1175.80,CASH
CUST003592,4,Healthcare,12 39,Thursday,4705.19,CASH
CUST003593,1,Books Stationery,22 56,Friday,276.34,UPI
CUST003594,2,Home Kitchen,21 38,Monday,660.50,UPI
CUST003595,2,Beauty Personal Care,09 52,Saturday,1203.84,CARD
CUST003596,2,Healthcare,23 16,Thursday,2003.43,CARD
CUST003597,4,Electronics,15 52,Saturday,5764.75,CASH
CUST003598,3,Fashion,00 13,Thursday,1116.75,CASH
CUST003599,2,Healthcare,16 08,Tuesday,4484.92,CASH
CUST003600,3,Home Kitchen,23 45,Monday,4005.20,CARD
CUST003601,1,Grocery,10 23,Thursday,137.60,CARD
CUST003602,2,Beauty Personal Care,02 32,Wednesday,2400.67,CASH
CUST003603,6,Sports Fitness,08 09,Sunday,6247.54,UPI
CUST003604,1,Sports Fitness,22 56,Monday,14814.50,UPI
CUST003605,3,Food,04 42,Friday,688.97,CASH
CUST003606,1,Beauty Personal Care,22 59,Thursday,2020.88,UPI
CUST003607,6,Sports Fitness,13 34,Monday,4803.19,UPI
CUST003608,3,Food,23 04,Wednesday,160.65,UPI
CUST003609,5,Beauty Personal Care,02 48,Thursday,244.69,UPI
CUST003610,4,Food,06 38,Saturday,765.49,CASH
CUST003611,4,Healthcare,14 27,Saturday,3788.72,CARD
CUST003612,1,Toys Games,07 56,Thursday,4236.52,CASH
CUST003613,1,Toys Games,13 06,Wednesday,1233.05,UPI
CUST003614,5,Home Kitchen,20 32,Wednesday,2248.28,CASH
CUST003615,6,Food,10 01,Sunday,155.56,CASH
CUST003616,4,Fashion,23 10,Saturday,2976.25,UPI
CUST003617,3,Grocery,05 35,Wednesday,1346.36,CASH
CUST003618,3,Books Stationery,01 23,Wednesday,1046.28,CARD
CUST003619,1,Home Kitchen,09 33,Wednesday,9858.02,CARD
CUST003620,6,Home Kitchen,17 49,Saturday,7815.98,CARD
CUST003621,4,Beauty Personal Care,15 22,Monday,1093.91,UPI
CUST003622,6,Sports Fitness,08 30,Wednesday,3166.70,UPI
CUST003623,2,Electronics,06 29,Wednesday,27920.98,CASH
CUST003624,2,Healthcare,17 09,Tuesday,1345.99,CARD
CUST003625,3,Toys Games,22 08,Tuesday,780.75,UPI
CUST003626,2,Beauty Personal Care,18 25,Saturday,334.32,CARD
CUST003627,5,Healthcare,12 00,Tuesday,3488.91,CASH
CUST003628,2,Books Stationery,06 45,Tuesday,733.76,CARD
CUST003629,2,Home Kitchen,08 25,Sunday,9675.88,CASH
CUST003630,2,Food,12 40,Monday,123.13,UPI
CUST003631,4,Healthcare,05 14,Friday,3877.68,CARD
CUST003632,6,Home Kitchen,18 16,Friday,8198.59,CASH
CUST003633,4,Toys Games,11 33,Monday,1187.81,CASH
CUST003634,5,Sports Fitness,12 43,Monday,8166.47,CARD
CUST003635,6,Beauty Personal Care,18 29,Friday,734.60,UPI
CUST003636,4,Home Kitchen,08 56,Monday,9339.43,UPI
CUST003637,5,Fashion,22 52,Friday,2229.78,CARD
CUST003638,3,Healthcare,19 57,Thursday,4339.29,CARD
CUST003639,5,Sports Fitness,16 47,Sunday,11360.64,CARD
CUST003640,3,Fashion,14 35,Thursday,4788.61,CASH
CUST003641,6,Healthcare,01 27,Thursday,3819.01,UPI
CUST003642,5,Fashion,09 17,Thursday,2708.27,CARD
CUST003643,1,Sports Fitness,21 48,Friday,10383.72,CASH
CUST003644,2,Sports Fitness,15 31,Thursday,10001.04,UPI
CUST003645,3,Beauty Personal Care,20 45,Saturday,1250.38,CASH
CUST003646,6,Food,09 18,Friday,447.45,CASH
CUST003647,2,Food,01 56,Tuesday,659.80,CARD
CUST003648,5,Sports Fitness,06 20,Tuesday,12101.73,CASH
CUST003649,6,Grocery,17 38,Sunday,2368.72,CARD
CUST003650,1,Toys Games,19 11,Sunday,711.06,UPI
CUST003651,6,Healthcare,13 14,Saturday,795.50,CARD
CUST003652,2,Electronics,19 08,Thursday,3329.54,CASH
CUST003653,2,Healthcare,13 20,Thursday,1883.52,CASH
CUST003654,6,Beauty Personal Care,11 46,Sunday,2811.11,UPI
CUST003655,2,Healthcare,09 16,Sunday,1054.74,CARD
CUST003656,2,Books Stationery,11 44,Saturday,147.12,CARD
CUST003657,5,Food,07 04,Tuesday,222.94,CASH
CUST003658,4,Sports Fitness,13 19,Monday,10573.50,CASH
CUST003659,2,Healthcare,10 14,Tuesday,3767.38,CARD
CUST003660,4,Toys Games,18 20,Friday,4154.73,UPI
CUST003661,5,Grocery,21 56,Friday,256.68,CASH
CUST003662,2,Electronics,03 39,Tuesday,18180.79,UPI
CUST003663,4,Sports Fitness,13 29,Sunday,6392.00,CARD
CUST003664,1,Healthcare,01 05,Thursday,3590.87,UPI
CUST003665,5,Healthcare,02 41,Sunday,3855.76,CASH
CUST003666,2,Toys Games,06 56,Wednesday,391.48,CARD
CUST003667,5,Books Stationery,04 03,Monday,846.38,CASH
CUST003668,3,Toys Games,02 00,Thursday,3616.31,CARD
CUST003669,6,Home Kitchen,07 26,Friday,6744.96,UPI
CUST003670,1,Beauty Personal Care,20 09,Wednesday,1777.48,CASH
CUST003671,4,Fashion,04 50,Sunday,2775.94,UPI
CUST003672,4,Electronics,14 02,Wednesday,11501.61,CARD
CUST003673,5,Books Stationery,20 06,Tuesday,390.46,CARD
CUST003674,6,Fashion,01 34,Sunday,1098.97,UPI
CUST003675,6,Healthcare,21 41,Monday,1340.14,CASH
CUST003676,2,Home Kitchen,07 14,Tuesday,2390.10,CASH
CUST003677,1,Toys Games,18 08,Sunday,786.04,CASH
CUST003678,6,Grocery,07 14,Wednesday,2941.32,CARD
CUST003679,5,Healthcare,00 23,Saturday,4611.94,CASH
CUST003680,1,Fashion,15 01,Tuesday,3692.47,CARD
CUST003681,3,Healthcare,23 46,Monday,582.19,CASH
CUST003682,4,Fashion,00 47,Tuesday,4993.07,CASH
CUST003683,4,Books Stationery,18 16,Thursday,925.28,CARD
CUST003684,2,Toys Games,16 22,Sunday,3869.13,UPI
CUST003685,1,Beauty Personal Care,02 33,Sunday,2956.57,CASH
CUST003686,1,Healthcare,04 53,Monday,1562.33,CASH
CUST003687,2,Food,23 08,Monday,271.32,UPI
CUST003688,6,Beauty Personal Care,12 11,Wednesday,1675.95,CASH
CUST003689,3,Books Stationery,10 25,Wednesday,770.73,CARD
CUST003690,4,Fashion,00 23,Thursday,3713.99,UPI
CUST003691,1,Food,01 47,Wednesday,568.39,CASH
CUST003692,5,Sports Fitness,15 36,Sunday,4583.26,CARD
CUST003693,5,Fashion,21 35,Friday,955.93,CASH
CUST003694,5,Home Kitchen,00 55,Wednesday,535.03,CARD
CUST003695,5,Fashion,06 16,Sunday,1974.89,CARD
CUST003696,3,Home Kitchen,11 57,Sunday,2770.12,UPI
CUST003697,3,Books Stationery,04 04,Saturday,1505.51,CASH
CUST003698,3,Fashion,01 01,Thursday,1502.05,UPI
CUST003699,6,Books Stationery,17 39,Friday,801.40,CARD
CUST003700,6,Grocery,20 42,Thursday,1442.07,CARD
CUST003701,3,Toys Games,03 27,Saturday,707.94,CARD
CUST003702,3,Toys Games,20 27,Friday,2579.00,CARD
CUST003703,5,Beauty Personal Care,22 53,Monday,2634.12,CARD
CUST003704,4,Toys Games,06 04,Sunday,1846.94,UPI
CUST003705,4,Beauty Personal Care,01 51,Wednesday,1121.11,CARD
CUST003706,2,Fashion,06 10,Saturday,1113.58,CARD
CUST003707,4,Fashion,18 45,Monday,3722.47,CASH
CUST003708,4,Grocery,01 42,Thursday,1626.20,CASH
CUST003709,3,Healthcare,05 06,Friday,4762.53,CASH
CUST003710,2,Sports Fitness,05 37,Saturday,1579.70,CASH
CUST003711,2,Sports Fitness,01 59,Friday,10415.40,UPI
CUST003712,3,Food,13 06,Monday,109.63,CASH
CUST003713,4,Grocery,02 18,Wednesday,1604.85,CASH
CUST003714,6,Toys Games,19 09,Saturday,4104.37,CASH
CUST003715,6,Books Stationery,03 34,Saturday,837.54,CASH
CUST003716,6,Food,16 31,Friday,609.82,CARD
CUST003717,2,Home Kitchen,21 51,Friday,5159.11,CARD
CUST003718,6,Sports Fitness,21 58,Friday,13502.62,CASH
CUST003719,6,Healthcare,10 08,Saturday,852.97,CARD
CUST003720,2,Fashion,05 33,Sunday,1810.87,UPI
CUST003721,4,Grocery,00 37,Wednesday,1086.50,CARD
CUST003722,4,Grocery,08 18,Thursday,1806.87,CARD
CUST003723,2,Home Kitchen,09 10,Wednesday,2891.15,UPI
CUST003724,3,Beauty Personal Care,14 44,Thursday,2585.16,CARD
CUST003725,2,Food,16 45,Thursday,219.31,UPI
CUST003726,5,Grocery,14 00,Monday,1876.68,UPI
CUST003727,2,Toys Games,06 21,Monday,404.80,CASH
CUST003728,4,Electronics,05 43,Monday,44218.37,CASH
CUST003729,3,Books Stationery,06 53,Sunday,1262.25,CARD
CUST003730,5,Electronics,00 57,Wednesday,49814.67,CASH
CUST003731,4,Healthcare,17 47,Thursday,3830.83,CARD
CUST003732,4,Grocery,06 45,Sunday,1076.12,CARD
CUST003733,4,Books Stationery,13 53,Monday,528.01,UPI
CUST003734,3,Healthcare,16 50,Thursday,2283.74,CARD
CUST003735,1,Fashion,12 51,Wednesday,1705.27,CASH
CUST003736,2,Home Kitchen,02 57,Monday,6092.79,CARD
CUST003737,6,Grocery,18 06,Monday,1157.26,CASH
CUST003738,3,Home Kitchen,10 28,Sunday,2483.57,UPI
CUST003739,3,Home Kitchen,14 54,Thursday,5574.70,CARD
CUST003740,3,Grocery,13 30,Sunday,1371.74,UPI
CUST003741,3,Home Kitchen,15 59,Wednesday,2886.02,CARD
CUST003742,3,Healthcare,00 26,Tuesday,3175.39,CARD
CUST003743,3,Sports Fitness,23 33,Monday,9195.06,UPI
CUST003744,2,Fashion,16 09,Sunday,1889.25,CARD
CUST003745,4,Electronics,22 19,Wednesday,30154.16,CASH
CUST003746,3,Grocery,12 10,Friday,2382.89,CARD
CUST003747,2,Beauty Personal Care,04 15,Thursday,821.95,UPI
CUST003748,2,Healthcare,22 09,Monday,4010.98,UPI
CUST003749,3,Grocery,14 42,Tuesday,422.28,CASH
CUST003750,3,Healthcare,02 11,Friday,4016.68,UPI
CUST003751,5,Food,08 54,Monday,569.00,CASH
CUST003752,5,Toys Games,12 37,Saturday,2724.81,CASH
CUST003753,5,Books Stationery,16 54,Saturday,425.66,CASH
CUST003754,6,Sports Fitness,20 46,Tuesday,13755.45,CARD
CUST003755,5,Books Stationery,13 35,Monday,346.99,CASH
CUST003756,1,Electronics,19 46,Monday,49351.07,CARD
CUST003757,5,Electronics,19 48,Monday,49029.95,UPI
CUST003758,3,Beauty Personal Care,05 46,Saturday,1388.72,CASH
CUST003759,3,Healthcare,17 00,Monday,1049.48,UPI
CUST003760,4,Beauty Personal Care,21 20,Tuesday,261.58,UPI
CUST003761,4,Sports Fitness,05 17,Friday,6445.07,UPI
CUST003762,6,Healthcare,16 57,Saturday,4001.86,CARD
CUST003763,1,Healthcare,07 43,Sunday,2658.91,CARD
CUST003764,3,Fashion,14 30,Friday,1349.47,UPI
CUST003765,4,Toys Games,12 03,Tuesday,874.56,CASH
CUST003766,2,Sports Fitness,02 31,Friday,7576.20,CASH
CUST003767,6,Electronics,22 13,Friday,18391.48,CARD
CUST003768,5,Fashion,01 46,Wednesday,4718.49,UPI
CUST003769,6,Toys Games,07 31,Saturday,3696.16,CASH
CUST003770,6,Healthcare,23 21,Wednesday,1969.18,CARD
CUST003771,2,Electronics,00 26,Wednesday,1848.47,CARD
CUST003772,6,Fashion,18 15,Monday,1091.88,CARD
CUST003773,4,Food,07 16,Wednesday,796.69,CARD
CUST003774,3,Books Stationery,17 40,Thursday,1932.23,UPI
CUST003775,6,Beauty Personal Care,14 04,Friday,1423.24,UPI
CUST003776,1,Sports Fitness,02 48,Wednesday,5199.30,CASH
CUST003777,4,Toys Games,07 42,Tuesday,4851.64,CASH
CUST003778,4,Home Kitchen,13 00,Tuesday,7049.30,CASH
CUST003779,6,Fashion,05 01,Monday,4955.43,UPI
CUST003780,1,Food,14 27,Monday,784.35,UPI
CUST003781,4,Books Stationery,00 25,Sunday,1610.44,CARD
CUST003782,5,Sports Fitness,04 41,Saturday,12280.07,CASH
CUST003783,1,Books Stationery,12 09,Saturday,200.18,UPI
CUST003784,1,Electronics,23 22,Wednesday,1041.30,UPI
CUST003785,5,Healthcare,06 49,Friday,2720.30,CASH
CUST003786,6,Food,12 22,Thursday,312.55,CARD
CUST003787,1,Food,04 58,Thursday,631.86,CARD
CUST003788,4,Electronics,21 19,Saturday,37953.17,UPI
CUST003789,4,Books Stationery,00 44,Friday,768.04,UPI
CUST003790,6,Home Kitchen,05 13,Saturday,5446.86,UPI
CUST003791,5,Electronics,09 39,Monday,22964.84,CARD
CUST003792,5,Books Stationery,12 48,Friday,1781.30,UPI
CUST003793,3,Electronics,00 29,Monday,43050.09,CARD
CUST003794,2,Grocery,07 33,Tuesday,667.31,CARD
CUST003795,2,Fashion,15 21,Friday,876.82,CASH
CUST003796,6,Beauty Personal Care,02 23,Wednesday,2435.72,UPI
CUST003797,6,Fashion,04 08,Tuesday,3159.32,CARD
CUST003798,4,Electronics,10 13,Monday,9054.64,CASH
CUST003799,1,Beauty Personal Care,18 22,Monday,459.92,CASH
CUST003800,5,Food,16 42,Saturday,120.85,CARD
CUST003801,2,Fashion,11 45,Tuesday,3614.30,CARD
CUST003802,1,Beauty Personal Care,17 57,Tuesday,397.46,UPI
CUST003803,2,Grocery,12 52,Saturday,2346.77,CASH
CUST003804,1,Sports Fitness,16 48,Wednesday,11767.77,CARD
CUST003805,3,Fashion,13 49,Sunday,932.62,CARD
CUST003806,4,Fashion,19 51,Thursday,4109.58,CARD
CUST003807,1,Electronics,17 09,Saturday,49661.59,UPI
CUST003808,3,Sports Fitness,15 35,Saturday,4369.25,UPI
CUST003809,5,Electronics,23 22,Saturday,43276.87,UPI
CUST003810,3,Healthcare,04 00,Saturday,4760.35,CASH
CUST003811,2,Fashion,18 49,Saturday,1291.01,CARD
CUST003812,1,Grocery,12 11,Sunday,2025.40,UPI
CUST003813,6,Food,02 10,Thursday,677.49,CASH
CUST003814,5,Toys Games,14 41,Tuesday,356.09,CARD
CUST003815,3,Food,10 47,Sunday,310.00,UPI
CUST003816,6,Fashion,02 42,Wednesday,2780.36,UPI
CUST003817,6,Food,23 58,Thursday,502.41,CARD
CUST003818,1,Books Stationery,12 45,Sunday,1300.85,UPI
CUST003819,1,Toys Games,02 21,Wednesday,2251.10,UPI
CUST003820,4,Sports Fitness,09 11,Wednesday,14745.86,CARD
CUST003821,2,Grocery,09 11,Friday,1794.83,CARD
CUST003822,3,Beauty Personal Care,08 13,Sunday,1284.78,CASH
CUST003823,2,Food,19 42,Sunday,364.54,CARD
CUST003824,5,Books Stationery,01 01,Monday,1884.81,UPI
CUST003825,1,Electronics,01 48,Tuesday,24828.27,UPI
CUST003826,6,Beauty Personal Care,09 31,Friday,2573.71,CARD
CUST003827,2,Home Kitchen,23 03,Monday,8844.78,CASH
CUST003828,4,Home Kitchen,16 20,Sunday,2527.00,UPI
CUST003829,6,Healthcare,21 35,Wednesday,4588.59,CASH
CUST003830,4,Beauty Personal Care,18 39,Tuesday,2615.94,CASH
CUST003831,5,Beauty Personal Care,10 47,Wednesday,1294.69,UPI
CUST003832,3,Toys Games,18 00,Thursday,4727.36,CASH
CUST003833,4,Grocery,01 48,Thursday,355.71,UPI
CUST003834,5,Home Kitchen,04 28,Wednesday,8614.32,CASH
CUST003835,6,Beauty Personal Care,12 32,Saturday,646.83,UPI
CUST003836,6,Electronics,08 41,Friday,38821.35,CASH
CUST003837,6,Home Kitchen,08 20,Wednesday,8562.61,UPI
CUST003838,3,Food,10 48,Tuesday,99.92,CASH
CUST003839,5,Food,16 43,Friday,741.52,UPI
CUST003840,4,Food,00 06,Thursday,412.92,CARD
CUST003841,1,Sports Fitness,17 15,Wednesday,12985.02,CARD
CUST003842,5,Home Kitchen,12 16,Saturday,4919.04,CASH
CUST003843,3,Grocery,11 52,Tuesday,1279.23,UPI
CUST003844,3,Books Stationery,08 10,Wednesday,1010.37,CASH
CUST003845,3,Toys Games,14 07,Wednesday,3453.39,CARD
CUST003846,6,Electronics,19 54,Saturday,32453.04,CASH
CUST003847,6,Books Stationery,22 13,Saturday,1443.01,CARD
CUST003848,3,Healthcare,20 08,Monday,495.61,UPI
CUST003849,5,Sports Fitness,10 53,Friday,9531.29,CARD
CUST003850,4,Food,18 47,Thursday,639.15,CARD
CUST003851,1,Electronics,10 22,Sunday,44236.93,CASH
CUST003852,4,Toys Games,00 29,Sunday,2075.52,UPI
CUST003853,3,Healthcare,00 07,Friday,366.03,CASH
CUST003854,1,Beauty Personal Care,02 05,Wednesday,2026.11,CARD
CUST003855,3,Beauty Personal Care,02 54,Friday,815.07,UPI
CUST003856,3,Healthcare,04 45,Friday,2315.79,CASH
CUST003857,2,Grocery,09 39,Sunday,2872.60,CARD
CUST003858,6,Sports Fitness,03 58,Friday,11460.62,CASH
CUST003859,3,Home Kitchen,10 05,Friday,9703.01,CARD
CUST003860,2,Grocery,05 15,Thursday,1065.36,CARD
CUST003861,2,Toys Games,04 33,Sunday,360.77,CARD
CUST003862,1,Toys Games,23 50,Saturday,1266.35,UPI
CUST003863,2,Beauty Personal Care,05 02,Saturday,332.70,CASH
CUST003864,6,Sports Fitness,20 22,Thursday,7923.84,UPI
CUST003865,2,Books Stationery,12 34,Tuesday,1682.08,CASH
CUST003866,2,Sports Fitness,17 20,Tuesday,969.20,CARD
CUST003867,3,Sports Fitness,20 38,Friday,13294.30,UPI
CUST003868,6,Healthcare,16 05,Monday,518.73,CASH
CUST003869,3,Fashion,06 48,Monday,3101.67,UPI
CUST003870,4,Toys Games,14 04,Friday,3703.09,UPI
CUST003871,3,Grocery,13 00,Wednesday,2615.34,CASH
CUST003872,5,Grocery,16 25,Monday,1610.84,UPI
CUST003873,3,Sports Fitness,12 41,Sunday,7049.42,CASH
CUST003874,2,Food,20 48,Sunday,86.60,CARD
CUST003875,3,Books Stationery,15 11,Wednesday,456.24,UPI
CUST003876,6,Food,12 27,Sunday,312.82,CARD
CUST003877,4,Healthcare,14 53,Wednesday,1851.06,CARD
CUST003878,3,Books Stationery,22 13,Wednesday,1363.75,UPI
CUST003879,5,Sports Fitness,14 25,Saturday,14211.56,CASH
CUST003880,1,Electronics,22 30,Saturday,48060.03,CARD
CUST003881,1,Food,21 26,Sunday,491.30,CASH
CUST003882,1,Sports Fitness,17 40,Thursday,7362.13,UPI
CUST003883,6,Food,16 53,Thursday,159.20,UPI
CUST003884,3,Food,01 31,Sunday,343.26,UPI
CUST003885,5,Electronics,15 38,Tuesday,46138.21,CASH
CUST003886,6,Electronics,02 12,Thursday,12391.78,CARD
CUST003887,6,Fashion,10 37,Tuesday,1063.80,UPI
CUST003888,6,Home Kitchen,17 47,Saturday,7663.81,CASH
CUST003889,3,Grocery,02 27,Monday,771.00,CASH
CUST003890,5,Home Kitchen,19 41,Monday,3224.22,CASH
CUST003891,3,Sports Fitness,00 52,Friday,6597.59,CASH
CUST003892,3,Sports Fitness,17 31,Sunday,6365.59,CASH
CUST003893,2,Fashion,08 00,Tuesday,2797.53,CARD
CUST003894,2,Beauty Personal Care,11 14,Thursday,1169.94,UPI
CUST003895,4,Books Stationery,00 06,Monday,998.04,UPI
CUST003896,6,Electronics,19 44,Tuesday,36230.18,CASH
CUST003897,5,Fashion,11 39,Friday,4507.57,CARD
CUST003898,3,Fashion,17 06,Thursday,3820.57,UPI
CUST003899,6,Toys Games,22 39,Tuesday,3309.66,CARD
CUST003900,6,Grocery,09 35,Tuesday,1802.86,UPI
CUST003901,5,Toys Games,12 17,Tuesday,1328.07,CARD
CUST003902,2,Sports Fitness,05 00,Thursday,11941.93,UPI
CUST003903,3,Sports Fitness,11 40,Sunday,968.29,CARD
CUST003904,5,Sports Fitness,04 22,Saturday,8532.00,CASH
CUST003905,5,Toys Games,17 53,Thursday,3806.05,CASH
CUST003906,4,Toys Games,22 02,Sunday,3339.93,CARD
CUST003907,4,Beauty Personal Care,23 14,Monday,2727.14,UPI
CUST003908,4,Grocery,09 22,Thursday,2432.57,UPI
CUST003909,4,Toys Games,14 20,Wednesday,3044.13,CASH
CUST003910,5,Sports Fitness,07 40,Wednesday,10146.89,CASH
CUST003911,2,Toys Games,01 28,Tuesday,3684.24,CASH
CUST003912,1,Books Stationery,04 08,Monday,1426.96,CARD
CUST003913,4,Food,10 40,Tuesday,583.68,UPI
CUST003914,3,Books Stationery,23 07,Saturday,1475.65,CASH
CUST003915,2,Toys Games,05 34,Friday,2025.20,CARD
CUST003916,6,Books Stationery,02 43,Wednesday,594.57,CASH
CUST003917,6,Healthcare,23 37,Tuesday,427.01,CASH
CUST003918,5,Grocery,19 56,Sunday,568.19,UPI
CUST003919,5,Books Stationery,17 12,Monday,1500.88,CASH
CUST003920,1,Toys Games,02 05,Sunday,499.24,CASH
CUST003921,4,Healthcare,08 19,Wednesday,4648.20,UPI
CUST003922,6,Electronics,15 06,Wednesday,37416.47,UPI
CUST003923,6,Food,17 28,Monday,340.01,CARD
CUST003924,1,Sports Fitness,06 03,Thursday,3034.83,CASH
CUST003925,3,Electronics,17 15,Saturday,31801.58,UPI
CUST003926,2,Books Stationery,01 08,Monday,1845.28,CARD
CUST003927,5,Grocery,08 54,Saturday,2919.63,CARD
CUST003928,5,Fashion,10 03,Wednesday,3509.11,CARD
CUST003929,5,Toys Games,04 17,Friday,381.78,CARD
CUST003930,3,Sports Fitness,04 47,Thursday,14866.02,CARD
CUST003931,4,Healthcare,06 44,Monday,330.58,UPI
CUST003932,2,Books Stationery,06 11,Monday,970.85,CARD
CUST003933,2,Healthcare,20 53,Monday,884.30,CASH
CUST003934,1,Sports Fitness,12 24,Saturday,12242.92,CARD
CUST003935,3,Electronics,12 30,Sunday,12038.48,CASH
CUST003936,3,Fashion,16 20,Tuesday,2864.52,CARD
CUST003937,3,Healthcare,20 40,Thursday,4995.74,CASH
CUST003938,4,Sports Fitness,03 53,Tuesday,14282.87,CARD
CUST003939,2,Beauty Personal Care,12 22,Saturday,913.00,UPI
CUST003940,2,Fashion,12 11,Saturday,4674.07,UPI
CUST003941,4,Beauty Personal Care,06 15,Wednesday,2439.35,UPI
CUST003942,5,Beauty Personal Care,08 57,Sunday,2250.30,CARD
CUST003943,5,Sports Fitness,19 09,Wednesday,4387.84,UPI
CUST003944,1,Sports Fitness,01 17,Tuesday,13291.78,UPI
CUST003945,2,Grocery,21 05,Saturday,1977.43,UPI
CUST003946,1,Electronics,16 46,Saturday,38540.04,CARD
CUST003947,5,Fashion,20 41,Saturday,2552.42,CARD
CUST003948,2,Grocery,09 18,Saturday,536.13,CASH
CUST003949,5,Toys Games,11 56,Thursday,2071.73,CARD
CUST003950,5,Home Kitchen,07 49,Tuesday,4210.55,CASH
CUST003951,2,Home Kitchen,17 37,Thursday,447.38,CASH
CUST003952,6,Books Stationery,03 03,Sunday,739.04,CASH
CUST003953,1,Books Stationery,16 55,Wednesday,783.00,UPI
CUST003954,1,Healthcare,08 57,Tuesday,2957.55,CARD
CUST003955,1,Grocery,03 56,Monday,2162.17,UPI
CUST003956,5,Sports Fitness,12 17,Saturday,13884.29,UPI
CUST003957,5,Food,04 25,Sunday,229.15,CASH
CUST003958,2,Electronics,19 24,Tuesday,33155.95,UPI
CUST003959,1,Home Kitchen,14 29,Thursday,3014.41,UPI
CUST003960,5,Toys Games,21 14,Thursday,3071.76,CASH
CUST003961,2,Food,11 23,Friday,311.73,CARD
CUST003962,3,Grocery,01 43,Tuesday,2948.05,CASH
CUST003963,4,Electronics,09 20,Wednesday,6346.06,CASH
CUST003964,5,Books Stationery,00 30,Sunday,1948.11,UPI
CUST003965,5,Beauty Personal Care,01 30,Monday,358.28,CARD
CUST003966,5,Grocery,10 25,Saturday,1910.93,CARD
CUST003967,5,Food,12 22,Tuesday,509.55,UPI
CUST003968,6,Healthcare,08 31,Monday,1983.29,CASH
CUST003969,5,Beauty Personal Care,01 16,Tuesday,2512.90,UPI
CUST003970,6,Sports Fitness,12 03,Tuesday,2876.84,UPI
CUST003971,4,Books Stationery,23 02,Thursday,1182.35,UPI
CUST003972,3,Sports Fitness,07 05,Wednesday,14931.44,CARD
CUST003973,5,Home Kitchen,10 29,Tuesday,6238.44,CARD
CUST003974,6,Food,22 28,Saturday,475.64,CARD
CUST003975,3,Food,01 08,Saturday,59.35,CASH
CUST003976,2,Grocery,04 44,Sunday,2202.19,UPI
CUST003977,2,Home Kitchen,22 33,Saturday,7361.65,CARD
CUST003978,4,Food,13 33,Sunday,110.70,CASH
CUST003979,3,Beauty Personal Care,18 11,Saturday,581.67,CASH
CUST003980,3,Beauty Personal Care,23 01,Tuesday,2871.37,UPI
CUST003981,1,Home Kitchen,12 25,Thursday,1385.77,CARD
CUST003982,2,Healthcare,12 12,Wednesday,537.52,CARD
CUST003983,5,Fashion,12 23,Thursday,1415.44,UPI
CUST003984,4,Books Stationery,00 49,Sunday,1716.85,UPI
CUST003985,1,Fashion,20 33,Monday,3783.32,CASH
CUST003986,3,Healthcare,04 42,Friday,1550.55,CARD
CUST003987,4,Healthcare,03 49,Monday,555.98,CASH
CUST003988,3,Electronics,01 13,Thursday,36785.94,CASH
CUST003989,6,Toys Games,04 45,Sunday,2733.56,CARD
CUST003990,2,Books Stationery,06 10,Tuesday,320.25,CARD
CUST003991,2,Fashion,19 13,Tuesday,2443.59,UPI
CUST003992,3,Fashion,01 41,Thursday,3008.56,UPI
CUST003993,1,Grocery,12 47,Saturday,2062.13,CARD
CUST003994,6,Electronics,06 26,Sunday,15323.93,CASH
CUST003995,5,Toys Games,04 05,Saturday,2738.61,CASH
CUST003996,3,Food,18 04,Wednesday,294.28,UPI
CUST003997,2,Beauty Personal Care,18 27,Thursday,396.81,CASH
CUST003998,3,Electronics,14 23,Tuesday,2872.17,UPI
CUST003999,5,Toys Games,09 54,Tuesday,4758.18,UPI
CUST004000,6,Electronics,06 42,Thursday,6464.79,CARD
CUST004001,2,Beauty Personal Care,10 15,Saturday,1579.64,UPI
CUST004002,5,Sports Fitness,05 36,Thursday,5994.33,CASH
CUST004003,4,Electronics,09 38,Friday,29058.40,CASH
CUST004004,1,Electronics,14 29,Sunday,30425.21,UPI
CUST004005,4,Sports Fitness,10 44,Sunday,14434.10,CASH
CUST004006,6,Food,19 25,Monday,124.21,CARD
CUST004007,6,Home Kitchen,08 48,Sunday,4098.35,CARD
CUST004008,3,Sports Fitness,03 05,Friday,8846.51,UPI
CUST004009,2,Toys Games,06 23,Thursday,4492.16,UPI
CUST004010,2,Beauty Personal Care,20 34,Monday,2220.34,CASH
CUST004011,2,Home Kitchen,06 41,Saturday,1720.27,CARD
CUST004012,2,Beauty Personal Care,07 56,Monday,678.29,UPI
CUST004013,3,Home Kitchen,20 07,Monday,8037.06,CARD
CUST004014,3,Beauty Personal Care,10 33,Saturday,2761.23,CASH
CUST004015,4,Food,23 43,Friday,193.94,CARD
CUST004016,2,Food,15 08,Tuesday,117.94,UPI
CUST004017,1,Fashion,12 19,Tuesday,3607.30,UPI
CUST004018,4,Grocery,02 35,Tuesday,664.83,UPI
CUST004019,2,Grocery,07 23,Tuesday,652.88,CARD
CUST004020,6,Electronics,01 49,Thursday,38505.44,CASH
CUST004021,6,Beauty Personal Care,20 52,Friday,2737.42,CASH
CUST004022,1,Grocery,19 45,Tuesday,200.64,UPI
CUST004023,3,Healthcare,22 44,Saturday,1116.81,CASH
CUST004024,3,Books Stationery,02 35,Thursday,1698.99,CARD
CUST004025,5,Electronics,12 11,Monday,32408.57,CASH
CUST004026,6,Home Kitchen,02 51,Saturday,1916.00,CARD
CUST004027,3,Beauty Personal Care,18 20,Saturday,2630.30,CARD
CUST004028,2,Food,06 35,Saturday,75.05,UPI
CUST004029,6,Grocery,00 08,Wednesday,1260.11,CARD
CUST004030,4,Healthcare,14 02,Monday,698.78,CASH
CUST004031,1,Grocery,16 03,Tuesday,2190.69,CASH
CUST004032,6,Sports Fitness,05 56,Thursday,13155.70,CARD
CUST004033,6,Fashion,21 41,Wednesday,560.57,CASH
CUST004034,1,Food,22 35,Friday,359.46,CARD
CUST004035,1,Beauty Personal Care,14 23,Monday,1564.68,CASH
CUST004036,2,Healthcare,03 55,Tuesday,4989.56,CASH
CUST004037,5,Home Kitchen,03 57,Monday,4278.82,CARD
CUST004038,4,Books Stationery,13 40,Monday,894.68,CARD
CUST004039,1,Electronics,02 00,Monday,41705.22,CASH
CUST004040,4,Grocery,23 07,Tuesday,1011.23,UPI
CUST004041,1,Grocery,02 17,Wednesday,2286.90,CARD
CUST004042,3,Grocery,16 55,Sunday,2984.13,CASH
CUST004043,4,Grocery,03 14,Wednesday,286.48,CASH
CUST004044,1,Grocery,15 46,Tuesday,227.76,UPI
CUST004045,1,Toys Games,00 40,Saturday,4069.60,CASH
CUST004046,4,Home Kitchen,18 05,Wednesday,6884.85,UPI
CUST004047,4,Beauty Personal Care,11 53,Sunday,1662.07,CASH
CUST004048,6,Beauty Personal Care,12 25,Tuesday,2267.06,UPI
CUST004049,2,Beauty Personal Care,04 16,Tuesday,2625.06,UPI
CUST004050,6,Sports Fitness,04 53,Thursday,7370.47,UPI
CUST004051,5,Beauty Personal Care,21 12,Thursday,1380.68,CARD
CUST004052,1,Fashion,22 42,Wednesday,2274.59,CARD
CUST004053,2,Healthcare,12 28,Tuesday,2447.60,CARD
CUST004054,1,Books Stationery,02 41,Tuesday,366.00,CARD
CUST004055,3,Healthcare,19 24,Saturday,3701.05,UPI
CUST004056,2,Books Stationery,20 15,Tuesday,1079.99,UPI
CUST004057,4,Healthcare,10 14,Sunday,4432.44,UPI
CUST004058,5,Electronics,14 51,Sunday,3791.21,UPI
CUST004059,4,Electronics,02 32,Friday,25381.22,UPI
CUST004060,3,Grocery,04 11,Saturday,1751.15,CARD
CUST004061,2,Books Stationery,22 47,Friday,557.63,CASH
CUST004062,1,Beauty Personal Care,18 50,Thursday,1264.58,CARD
CUST004063,1,Books Stationery,18 03,Friday,133.13,UPI
CUST004064,2,Food,10 40,Tuesday,690.86,CASH
CUST004065,2,Healthcare,01 56,Wednesday,4795.93,CARD
CUST004066,4,Books Stationery,04 53,Saturday,1199.07,CARD
CUST004067,3,Toys Games,17 44,Wednesday,4921.57,UPI
CUST004068,5,Toys Games,04 39,Friday,545.08,CASH
CUST004069,2,Sports Fitness,18 01,Sunday,6128.39,CARD
CUST004070,5,Toys Games,18 06,Wednesday,1734.31,UPI
CUST004071,1,Books Stationery,02 23,Saturday,1862.79,UPI
CUST004072,5,Fashion,01 20,Friday,1006.97,CARD
CUST004073,2,Electronics,16 40,Monday,14966.63,CASH
CUST004074,6,Grocery,03 30,Saturday,1065.45,CASH
CUST004075,3,Toys Games,04 58,Thursday,2934.82,CARD
CUST004076,3,Toys Games,05 39,Wednesday,1578.45,UPI
CUST004077,4,Food,05 24,Tuesday,443.92,UPI
CUST004078,1,Fashion,08 25,Saturday,1940.99,CASH
CUST004079,5,Grocery,12 51,Saturday,2266.95,CARD
CUST004080,5,Beauty Personal Care,03 51,Thursday,2731.93,CASH
CUST004081,6,Home Kitchen,14 58,Wednesday,2367.13,UPI
CUST004082,5,Grocery,03 24,Friday,1731.67,UPI
CUST004083,6,Food,12 13,Sunday,661.16,CASH
CUST004084,1,Home Kitchen,00 40,Wednesday,2048.29,CASH
CUST004085,5,Toys Games,09 10,Monday,1763.75,UPI
CUST004086,5,Healthcare,11 02,Saturday,4217.14,CASH
CUST004087,1,Sports Fitness,17 09,Monday,12373.58,UPI
CUST004088,5,Fashion,13 30,Wednesday,2788.19,CASH
CUST004089,6,Food,10 59,Thursday,781.61,UPI
CUST004090,5,Sports Fitness,17 08,Monday,13473.16,CARD
CUST004091,5,Beauty Personal Care,20 07,Thursday,1520.64,CARD
CUST004092,4,Home Kitchen,09 07,Sunday,3434.04,CASH
CUST004093,3,Sports Fitness,00 42,Sunday,13247.26,UPI
CUST004094,1,Books Stationery,00 17,Thursday,1511.35,CASH
CUST004095,2,Healthcare,21 59,Friday,1696.85,CARD
CUST004096,4,Books Stationery,14 26,Wednesday,1162.60,UPI
CUST004097,2,Home Kitchen,13 53,Friday,3667.44,CARD
CUST004098,4,Books Stationery,10 49,Sunday,231.97,CASH
CUST004099,6,Beauty Personal Care,03 31,Tuesday,907.25,CARD
CUST004100,4,Toys Games,10 04,Saturday,723.92,UPI
CUST004101,3,Home Kitchen,23 43,Saturday,3104.50,UPI
CUST004102,2,Food,21 57,Monday,205.22,CASH
CUST004103,1,Electronics,18 37,Friday,9458.75,CARD
CUST004104,5,Books Stationery,04 23,Thursday,1223.80,UPI
CUST004105,5,Books Stationery,00 49,Sunday,1310.92,UPI
CUST004106,2,Healthcare,00 08,Tuesday,1512.58,CASH
CUST004107,4,Beauty Personal Care,07 05,Friday,2373.19,CASH
CUST004108,5,Home Kitchen,20 35,Saturday,4562.31,CARD
CUST004109,4,Books Stationery,17 38,Saturday,818.07,CARD
CUST004110,2,Food,01 50,Sunday,526.85,CASH
CUST004111,2,Grocery,19 21,Thursday,2134.05,CASH
CUST004112,1,Sports Fitness,23 25,Sunday,9041.69,CASH
CUST004113,6,Food,04 55,Thursday,62.96,UPI
CUST004114,3,Sports Fitness,06 30,Thursday,13361.64,CARD
CUST004115,5,Toys Games,18 38,Sunday,3190.29,UPI
CUST004116,4,Books Stationery,23 28,Saturday,1010.15,CARD
CUST004117,5,Home Kitchen,17 10,Sunday,7941.14,UPI
CUST004118,6,Toys Games,03 16,Friday,3056.87,CARD
CUST004119,6,Books Stationery,06 13,Monday,611.23,CARD
CUST004120,1,Food,04 28,Sunday,110.63,CASH
CUST004121,4,Healthcare,18 26,Monday,4709.83,CASH
CUST004122,5,Electronics,15 05,Sunday,4917.89,CARD
CUST004123,1,Beauty Personal Care,10 16,Sunday,2381.67,UPI
CUST004124,4,Toys Games,22 49,Thursday,362.93,CASH
CUST004125,6,Healthcare,17 07,Friday,4049.34,CARD
CUST004126,6,Sports Fitness,06 25,Monday,6736.37,UPI
CUST004127,3,Sports Fitness,19 29,Saturday,6579.97,CARD
CUST004128,5,Sports Fitness,14 47,Friday,7961.38,CASH
CUST004129,1,Healthcare,18 41,Sunday,898.63,UPI
CUST004130,6,Healthcare,15 06,Wednesday,799.09,UPI
CUST004131,4,Sports Fitness,10 51,Thursday,11373.85,UPI
CUST004132,2,Food,20 41,Saturday,306.89,UPI
CUST004133,2,Healthcare,06 07,Sunday,4998.01,UPI
CUST004134,3,Grocery,14 01,Friday,860.63,CARD
CUST004135,1,Electronics,23 13,Sunday,49669.03,CASH
CUST004136,4,Fashion,12 37,Sunday,592.19,CASH
CUST004137,1,Food,15 00,Saturday,597.02,UPI
CUST004138,3,Fashion,20 49,Thursday,2993.00,CARD
CUST004139,3,Books Stationery,09 52,Sunday,1436.16,UPI
CUST004140,5,Sports Fitness,05 00,Tuesday,1985.25,UPI
CUST004141,1,Fashion,14 01,Sunday,1101.97,UPI
CUST004142,2,Books Stationery,03 02,Tuesday,1031.82,CARD
CUST004143,3,Home Kitchen,06 35,Wednesday,4757.26,CARD
CUST004144,6,Toys Games,12 43,Wednesday,3455.74,CASH
CUST004145,5,Fashion,02 22,Sunday,3196.45,CARD
CUST004146,2,Home Kitchen,08 01,Sunday,3328.86,CARD
CUST004147,5,Electronics,07 01,Wednesday,15810.03,CARD
CUST004148,6,Beauty Personal Care,17 48,Tuesday,380.31,UPI
CUST004149,6,Home Kitchen,19 01,Thursday,6737.40,CASH
CUST004150,5,Toys Games,19 55,Friday,4069.44,CARD
CUST004151,6,Fashion,20 44,Friday,1337.29,UPI
CUST004152,2,Fashion,07 33,Thursday,4532.21,CASH
CUST004153,1,Beauty Personal Care,17 35,Wednesday,1975.85,CARD
CUST004154,1,Food,22 31,Wednesday,258.86,UPI
CUST004155,3,Sports Fitness,18 31,Friday,12670.92,UPI
CUST004156,2,Sports Fitness,13 48,Tuesday,5491.68,UPI
CUST004157,1,Electronics,04 58,Wednesday,23028.41,CARD
CUST004158,6,Healthcare,16 25,Saturday,3617.80,UPI
CUST004159,5,Grocery,06 54,Wednesday,2941.31,CARD
CUST004160,3,Fashion,00 16,Thursday,1390.28,UPI
CUST004161,4,Beauty Personal Care,09 28,Sunday,1935.21,CASH
CUST004162,1,Books Stationery,19 45,Saturday,1177.32,CASH
CUST004163,4,Home Kitchen,11 29,Tuesday,8642.65,CASH
CUST004164,4,Books Stationery,01 32,Thursday,524.42,CASH
CUST004165,3,Books Stationery,18 02,Wednesday,568.16,CARD
CUST004166,4,Books Stationery,22 46,Wednesday,272.36,CARD
CUST004167,2,Healthcare,21 25,Saturday,3571.73,CARD
CUST004168,4,Grocery,23 13,Thursday,2069.60,CARD
CUST004169,2,Grocery,12 19,Wednesday,793.47,UPI
CUST004170,5,Grocery,09 13,Thursday,2730.29,CASH
CUST004171,2,Food,22 35,Monday,664.31,UPI
CUST004172,3,Sports Fitness,12 46,Monday,8151.77,UPI
CUST004173,4,Toys Games,04 32,Sunday,2331.29,CASH
CUST004174,3,Books Stationery,12 11,Thursday,1085.28,CASH
CUST004175,2,Electronics,19 51,Monday,13101.26,CARD
CUST004176,2,Books Stationery,06 03,Saturday,1264.46,CARD
CUST004177,3,Food,23 37,Friday,234.66,CARD
CUST004178,5,Sports Fitness,13 36,Thursday,4811.39,CASH
CUST004179,4,Toys Games,15 33,Tuesday,1080.17,CARD
CUST004180,1,Food,22 14,Saturday,613.97,CASH
CUST004181,3,Sports Fitness,22 40,Saturday,6236.82,UPI
CUST004182,6,Beauty Personal Care,11 01,Friday,2318.33,UPI
CUST004183,6,Food,13 41,Monday,161.59,UPI
CUST004184,5,Beauty Personal Care,15 57,Tuesday,1384.16,UPI
CUST004185,3,Beauty Personal Care,18 03,Sunday,890.18,CARD
CUST004186,4,Electronics,16 46,Monday,34612.93,CARD
CUST004187,2,Healthcare,10 12,Saturday,4038.76,UPI
CUST004188,1,Beauty Personal Care,11 02,Sunday,2332.46,CARD
CUST004189,6,Electronics,15 59,Wednesday,2575.85,CARD
CUST004190,1,Food,16 36,Saturday,489.25,CASH
CUST004191,6,Sports Fitness,10 55,Thursday,6499.50,UPI
CUST004192,2,Home Kitchen,16 43,Monday,7680.61,CARD
CUST004193,1,Electronics,14 28,Friday,11861.16,CARD
CUST004194,3,Electronics,22 48,Saturday,23051.96,CARD
CUST004195,4,Fashion,15 29,Monday,2786.81,CARD
CUST004196,1,Healthcare,16 33,Thursday,1020.37,CARD
CUST004197,2,Beauty Personal Care,13 32,Friday,802.62,CARD
CUST004198,2,Sports Fitness,11 38,Wednesday,4491.61,CASH
CUST004199,2,Food,15 43,Tuesday,347.19,CASH
CUST004200,4,Grocery,09 18,Tuesday,1426.68,UPI
CUST004201,4,Grocery,03 16,Monday,2059.75,CASH
CUST004202,2,Grocery,04 32,Friday,2066.52,CASH
CUST004203,5,Sports Fitness,16 43,Sunday,5247.63,CASH
CUST004204,6,Healthcare,21 04,Tuesday,2260.90,UPI
CUST004205,2,Grocery,19 17,Sunday,1442.02,UPI
CUST004206,2,Fashion,11 43,Wednesday,2220.76,CASH
CUST004207,1,Healthcare,20 54,Sunday,4072.49,UPI
CUST004208,6,Healthcare,21 04,Wednesday,4713.87,UPI
CUST004209,6,Grocery,19 27,Sunday,1945.91,CASH
CUST004210,6,Fashion,03 24,Monday,1359.62,CARD
CUST004211,1,Fashion,15 58,Saturday,625.53,UPI
CUST004212,3,Healthcare,09 02,Monday,380.13,CASH
CUST004213,3,Books Stationery,18 52,Monday,829.32,CARD
CUST004214,2,Fashion,07 48,Tuesday,3367.70,CARD
CUST004215,6,Electronics,15 07,Tuesday,1055.44,UPI
CUST004216,5,Grocery,23 59,Monday,429.04,CASH
CUST004217,6,Food,10 02,Monday,616.66,CARD
CUST004218,5,Toys Games,02 57,Wednesday,2595.75,CASH
CUST004219,3,Home Kitchen,08 18,Monday,4798.17,UPI
CUST004220,3,Sports Fitness,19 34,Saturday,3441.16,CARD
CUST004221,3,Sports Fitness,06 22,Wednesday,5740.54,CARD
CUST004222,3,Electronics,20 52,Thursday,16946.62,UPI
CUST004223,4,Toys Games,16 44,Sunday,4489.45,UPI
CUST004224,5,Books Stationery,00 00,Wednesday,1994.99,CASH
CUST004225,1,Fashion,05 43,Sunday,3280.88,UPI
CUST004226,5,Sports Fitness,06 56,Wednesday,5510.62,CARD
CUST004227,2,Electronics,19 13,Friday,13402.65,CASH
CUST004228,4,Grocery,05 03,Monday,405.98,UPI
CUST004229,3,Electronics,09 05,Friday,16865.23,CASH
CUST004230,4,Healthcare,00 23,Saturday,4931.28,UPI
CUST004231,4,Home Kitchen,05 05,Wednesday,1562.73,UPI
CUST004232,6,Food,22 46,Saturday,250.91,CASH
CUST004233,2,Beauty Personal Care,16 03,Saturday,2200.08,CASH
CUST004234,2,Sports Fitness,19 24,Thursday,13207.91,CASH
CUST004235,6,Electronics,05 04,Wednesday,1719.57,CARD
CUST004236,4,Sports Fitness,21 57,Thursday,7375.83,CARD
CUST004237,4,Food,13 19,Friday,107.94,CARD
CUST004238,1,Healthcare,15 35,Tuesday,1594.86,UPI
CUST004239,5,Toys Games,12 07,Friday,3685.44,CARD
CUST004240,5,Toys Games,03 06,Friday,4490.70,CARD
CUST004241,5,Grocery,06 12,Saturday,2885.75,CASH
CUST004242,1,Beauty Personal Care,13 38,Tuesday,2223.38,CARD
CUST004243,1,Toys Games,07 00,Friday,1517.57,UPI
CUST004244,1,Home Kitchen,17 58,Friday,4237.00,CARD
CUST004245,4,Beauty Personal Care,20 50,Saturday,2889.49,CARD
CUST004246,3,Healthcare,05 15,Monday,708.03,CARD
CUST004247,1,Sports Fitness,01 57,Friday,1456.32,CARD
CUST004248,6,Fashion,20 26,Saturday,2412.16,UPI
CUST004249,6,Electronics,13 47,Thursday,2998.89,CARD
CUST004250,4,Toys Games,03 45,Sunday,4161.07,CARD
CUST004251,6,Food,00 56,Monday,226.45,CASH
CUST004252,2,Books Stationery,21 08,Thursday,1018.23,CARD
CUST004253,2,Sports Fitness,18 15,Saturday,8059.89,CARD
CUST004254,4,Healthcare,16 07,Sunday,4198.73,CASH
CUST004255,4,Toys Games,04 51,Tuesday,1900.92,UPI
CUST004256,2,Home Kitchen,08 20,Sunday,9344.41,UPI
CUST004257,6,Grocery,03 13,Saturday,135.92,UPI
CUST004258,3,Toys Games,07 50,Wednesday,4791.04,UPI
CUST004259,1,Food,09 19,Saturday,673.62,CASH
CUST004260,1,Sports Fitness,08 40,Thursday,13360.29,UPI
CUST004261,5,Grocery,06 27,Saturday,2423.95,CARD
CUST004262,4,Food,09 10,Wednesday,549.71,UPI
CUST004263,3,Healthcare,07 36,Tuesday,4298.38,UPI
CUST004264,4,Books Stationery,01 18,Wednesday,588.42,CASH
CUST004265,1,Books Stationery,08 29,Thursday,860.62,CASH
CUST004266,4,Beauty Personal Care,07 45,Sunday,2475.72,UPI
CUST004267,6,Home Kitchen,01 17,Friday,3546.84,CARD
CUST004268,6,Grocery,07 44,Friday,2889.26,CARD
CUST004269,2,Toys Games,23 04,Friday,3826.49,CASH
CUST004270,2,Grocery,03 47,Thursday,2530.34,CARD
CUST004271,6,Beauty Personal Care,03 39,Friday,2691.91,CARD
CUST004272,1,Food,21 22,Saturday,787.46,CASH
CUST004273,1,Toys Games,16 41,Friday,329.83,UPI
CUST004274,3,Beauty Personal Care,05 01,Sunday,1288.57,UPI
CUST004275,3,Fashion,13 53,Wednesday,1874.29,UPI
CUST004276,1,Books Stationery,02 21,Sunday,1999.96,UPI
CUST004277,6,Sports Fitness,00 07,Saturday,11611.33,CARD
CUST004278,6,Electronics,22 35,Monday,10901.41,CARD
CUST004279,2,Books Stationery,07 02,Wednesday,1620.33,CARD
CUST004280,6,Fashion,03 51,Tuesday,630.16,UPI
CUST004281,3,Toys Games,21 40,Thursday,1503.33,CASH
CUST004282,2,Fashion,11 01,Wednesday,2289.65,CARD
CUST004283,3,Books Stationery,11 17,Wednesday,1863.69,CASH
CUST004284,5,Sports Fitness,20 19,Friday,993.87,UPI
CUST004285,4,Books Stationery,07 47,Wednesday,291.48,CASH
CUST004286,3,Beauty Personal Care,12 52,Saturday,2936.65,CARD
CUST004287,1,Food,09 51,Saturday,122.59,CARD
CUST004288,5,Grocery,11 46,Tuesday,905.28,UPI
CUST004289,1,Food,02 23,Wednesday,454.32,CASH
CUST004290,4,Sports Fitness,13 36,Wednesday,13481.44,CARD
CUST004291,6,Sports Fitness,00 28,Thursday,4218.73,UPI
CUST004292,2,Electronics,13 22,Thursday,44205.43,CARD
CUST004293,3,Grocery,02 47,Friday,1593.89,CARD
CUST004294,5,Sports Fitness,19 12,Saturday,4309.68,CARD
CUST004295,3,Electronics,12 43,Monday,23511.65,CARD
CUST004296,5,Electronics,02 06,Tuesday,11481.11,UPI
CUST004297,2,Fashion,04 53,Sunday,2682.32,CARD
CUST004298,5,Grocery,14 54,Wednesday,1603.97,UPI
CUST004299,5,Sports Fitness,07 50,Wednesday,13871.47,CARD
CUST004300,4,Beauty Personal Care,13 20,Sunday,1361.68,CARD
CUST004301,5,Books Stationery,11 04,Saturday,1367.21,UPI
CUST004302,3,Electronics,07 56,Friday,1157.01,UPI
CUST004303,6,Grocery,20 14,Tuesday,1025.39,CASH
CUST004304,4,Fashion,06 27,Saturday,3588.30,CARD
CUST004305,2,Sports Fitness,06 05,Friday,7978.62,UPI
CUST004306,1,Grocery,05 26,Sunday,966.77,CARD
CUST004307,4,Books Stationery,16 06,Tuesday,1669.02,CARD
CUST004308,3,Electronics,09 08,Tuesday,15930.37,CARD
CUST004309,4,Healthcare,16 24,Sunday,4686.62,CASH
CUST004310,6,Healthcare,22 18,Thursday,3647.90,CARD
CUST004311,5,Toys Games,20 25,Tuesday,4954.72,CASH
CUST004312,5,Electronics,01 38,Tuesday,40454.85,UPI
CUST004313,2,Food,10 25,Friday,544.23,UPI
CUST004314,3,Toys Games,04 27,Wednesday,4806.80,UPI
CUST004315,1,Home Kitchen,09 09,Wednesday,2538.80,UPI
CUST004316,2,Toys Games,02 24,Monday,4843.30,CARD
CUST004317,1,Food,10 21,Wednesday,166.18,CASH
CUST004318,2,Toys Games,13 33,Saturday,2757.07,CASH
CUST004319,2,Toys Games,09 11,Friday,987.68,CARD
CUST004320,6,Electronics,17 03,Wednesday,16539.11,CASH
CUST004321,3,Healthcare,23 14,Saturday,941.91,UPI
CUST004322,6,Toys Games,16 16,Wednesday,729.02,CARD
CUST004323,1,Food,19 25,Sunday,787.74,CASH
CUST004324,3,Grocery,07 44,Wednesday,1941.69,UPI
CUST004325,6,Fashion,23 49,Saturday,757.98,UPI
CUST004326,1,Beauty Personal Care,12 18,Saturday,246.18,CASH
CUST004327,6,Electronics,14 02,Sunday,29126.84,CASH
CUST004328,3,Grocery,14 24,Wednesday,2601.32,UPI
CUST004329,6,Toys Games,10 19,Monday,4828.40,UPI
CUST004330,4,Beauty Personal Care,07 30,Thursday,2696.28,CASH
CUST004331,6,Healthcare,12 42,Tuesday,711.57,CASH
CUST004332,2,Sports Fitness,16 37,Wednesday,11507.79,CASH
CUST004333,1,Beauty Personal Care,09 26,Monday,1157.59,UPI
CUST004334,1,Books Stationery,10 59,Wednesday,1803.87,CARD
CUST004335,4,Fashion,07 39,Friday,794.75,CASH
CUST004336,5,Healthcare,02 35,Tuesday,3332.03,CASH
CUST004337,1,Beauty Personal Care,01 33,Friday,1702.57,UPI
CUST004338,3,Food,20 04,Wednesday,51.59,UPI
CUST004339,6,Food,10 35,Saturday,648.60,CARD
CUST004340,3,Beauty Personal Care,06 39,Sunday,1494.99,CARD
CUST004341,3,Healthcare,01 12,Thursday,3881.45,CASH
CUST004342,5,Electronics,09 53,Thursday,39994.89,CASH
CUST004343,2,Books Stationery,03 00,Monday,1033.23,CARD
CUST004344,3,Books Stationery,15 06,Thursday,652.35,UPI
CUST004345,2,Books Stationery,03 55,Tuesday,412.47,CASH
CUST004346,4,Food,10 18,Wednesday,507.55,UPI
CUST004347,5,Sports Fitness,22 05,Friday,5902.06,CASH
CUST004348,3,Healthcare,17 42,Tuesday,4176.25,UPI
CUST004349,5,Healthcare,13 45,Friday,2604.40,UPI
CUST004350,5,Healthcare,19 39,Monday,4756.17,CARD
CUST004351,6,Books Stationery,14 31,Tuesday,1149.76,CASH
CUST004352,6,Grocery,02 14,Thursday,413.85,UPI
CUST004353,2,Books Stationery,06 02,Friday,663.31,CASH
CUST004354,6,Sports Fitness,03 40,Sunday,8341.96,CASH
CUST004355,3,Fashion,10 01,Thursday,4407.53,CARD
CUST004356,4,Fashion,00 54,Wednesday,723.07,CASH
CUST004357,4,Toys Games,12 33,Monday,3172.13,UPI
CUST004358,5,Beauty Personal Care,12 57,Wednesday,735.04,UPI
CUST004359,6,Beauty Personal Care,22 52,Wednesday,533.67,UPI
CUST004360,2,Sports Fitness,03 14,Friday,9471.08,CASH
CUST004361,4,Grocery,20 10,Thursday,325.39,UPI
CUST004362,3,Electronics,14 06,Thursday,49978.27,CARD
CUST004363,1,Beauty Personal Care,17 42,Friday,2338.04,UPI
CUST004364,3,Grocery,22 57,Thursday,451.85,UPI
CUST004365,3,Beauty Personal Care,11 59,Wednesday,2887.78,UPI
CUST004366,5,Grocery,15 37,Saturday,1998.53,UPI
CUST004367,3,Grocery,23 36,Friday,1059.43,CASH
CUST004368,4,Books Stationery,04 32,Thursday,1419.15,CASH
CUST004369,1,Food,03 06,Sunday,62.05,CASH
CUST004370,1,Grocery,18 18,Monday,839.81,UPI
CUST004371,5,Food,23 47,Friday,131.24,CARD
CUST004372,1,Grocery,11 36,Thursday,306.42,UPI
CUST004373,3,Beauty Personal Care,09 47,Thursday,2380.07,CARD
CUST004374,5,Home Kitchen,03 50,Sunday,4596.26,CARD
CUST004375,4,Books Stationery,12 52,Sunday,731.71,CARD
CUST004376,4,Books Stationery,06 34,Saturday,173.10,CARD
CUST004377,4,Grocery,15 25,Thursday,2240.90,CARD
CUST004378,3,Food,17 30,Thursday,690.57,CARD
CUST004379,5,Healthcare,04 17,Tuesday,737.23,CARD
CUST004380,4,Electronics,05 16,Wednesday,40873.64,CARD
CUST004381,3,Toys Games,15 07,Wednesday,958.04,CASH
CUST004382,3,Toys Games,16 36,Friday,2028.00,CASH
CUST004383,6,Sports Fitness,12 14,Saturday,3161.65,CARD
CUST004384,2,Grocery,22 05,Wednesday,2550.58,UPI
CUST004385,6,Sports Fitness,00 54,Friday,5462.49,CARD
CUST004386,6,Home Kitchen,21 26,Friday,1437.97,CASH
CUST004387,4,Books Stationery,16 42,Wednesday,1796.22,CARD
CUST004388,2,Electronics,06 31,Monday,2891.55,CASH
CUST004389,4,Healthcare,06 39,Sunday,2227.79,CASH
CUST004390,1,Grocery,21 37,Monday,956.37,CASH
CUST004391,3,Grocery,02 52,Sunday,453.92,UPI
CUST004392,4,Beauty Personal Care,08 38,Friday,2804.79,CARD
CUST004393,1,Sports Fitness,11 07,Wednesday,9490.71,UPI
CUST004394,5,Books Stationery,21 10,Thursday,895.06,CASH
CUST004395,1,Grocery,21 12,Tuesday,321.87,CARD
CUST004396,2,Healthcare,12 57,Tuesday,4877.52,UPI
CUST004397,3,Grocery,23 46,Sunday,1099.79,CASH
CUST004398,4,Books Stationery,01 47,Friday,325.64,CASH
CUST004399,1,Grocery,04 34,Saturday,1636.59,CASH
CUST004400,6,Toys Games,00 27,Sunday,4568.61,CARD
CUST004401,6,Home Kitchen,02 39,Wednesday,7349.18,CASH
CUST004402,6,Grocery,23 32,Monday,979.97,CARD
CUST004403,1,Grocery,07 06,Wednesday,596.09,CARD
CUST004404,6,Sports Fitness,08 40,Monday,7964.76,CASH
CUST004405,3,Electronics,12 14,Monday,18240.47,CASH
CUST004406,5,Food,12 16,Tuesday,240.78,UPI
CUST004407,1,Grocery,16 47,Tuesday,297.75,CARD
CUST004408,1,Grocery,17 52,Wednesday,1577.60,UPI
CUST004409,3,Beauty Personal Care,05 28,Friday,466.49,CASH
CUST004410,1,Home Kitchen,23 27,Wednesday,3581.02,CASH
CUST004411,6,Food,05 51,Thursday,725.18,CARD
CUST004412,4,Healthcare,12 06,Wednesday,1551.93,UPI
CUST004413,3,Toys Games,22 29,Saturday,3532.13,UPI
CUST004414,6,Electronics,20 30,Sunday,30736.67,CARD
CUST004415,4,Beauty Personal Care,17 46,Saturday,349.54,UPI
CUST004416,1,Home Kitchen,16 16,Thursday,8754.31,CASH
CUST004417,2,Fashion,08 38,Wednesday,3413.61,CARD
CUST004418,1,Healthcare,04 45,Saturday,1735.64,CARD
CUST004419,2,Food,06 53,Wednesday,191.85,CARD
CUST004420,6,Toys Games,18 50,Tuesday,3558.71,UPI
CUST004421,5,Toys Games,01 05,Saturday,988.39,CARD
CUST004422,4,Toys Games,15 12,Friday,1722.59,CARD
CUST004423,1,Home Kitchen,00 40,Saturday,5564.01,CARD
CUST004424,2,Toys Games,10 27,Friday,3451.50,CARD
CUST004425,2,Electronics,10 04,Wednesday,5584.99,CARD
CUST004426,1,Home Kitchen,14 12,Monday,5631.86,CARD
CUST004427,6,Grocery,13 06,Wednesday,2684.07,UPI
CUST004428,6,Electronics,02 45,Friday,19187.49,CARD
CUST004429,5,Books Stationery,23 51,Monday,1903.10,UPI
CUST004430,4,Electronics,16 08,Sunday,44467.12,UPI
CUST004431,6,Books Stationery,12 22,Saturday,106.18,UPI
CUST004432,1,Beauty Personal Care,21 45,Sunday,2949.79,UPI
CUST004433,1,Books Stationery,08 29,Monday,1687.70,CASH
CUST004434,5,Fashion,13 30,Saturday,848.13,UPI
CUST004435,6,Beauty Personal Care,15 48,Friday,1758.06,UPI
CUST004436,1,Grocery,11 40,Thursday,1551.49,CASH
CUST004437,5,Sports Fitness,03 00,Wednesday,13133.06,CARD
CUST004438,1,Toys Games,19 23,Saturday,1916.54,CARD
CUST004439,4,Home Kitchen,05 04,Saturday,5928.35,CARD
CUST004440,6,Sports Fitness,22 57,Saturday,1942.11,CASH
CUST004441,5,Books Stationery,13 42,Thursday,1019.20,CASH
CUST004442,2,Grocery,10 00,Thursday,2430.48,CARD
CUST004443,3,Home Kitchen,00 06,Tuesday,8964.88,CASH
CUST004444,5,Food,22 23,Tuesday,219.95,CASH
CUST004445,3,Sports Fitness,05 06,Wednesday,6457.74,CASH
CUST004446,1,Fashion,19 30,Sunday,1785.78,CARD
CUST004447,3,Grocery,08 08,Saturday,374.26,CARD
CUST004448,1,Grocery,11 30,Saturday,452.23,UPI
CUST004449,1,Home Kitchen,23 43,Thursday,9616.37,CARD
CUST004450,1,Healthcare,00 03,Sunday,307.68,CARD
CUST004451,1,Toys Games,03 48,Wednesday,4945.99,UPI
CUST004452,6,Grocery,17 08,Thursday,917.37,UPI
CUST004453,1,Fashion,02 05,Friday,3717.15,CASH
CUST004454,1,Fashion,19 41,Wednesday,1132.44,UPI
CUST004455,1,Healthcare,08 47,Sunday,1800.29,CARD
CUST004456,2,Home Kitchen,20 22,Thursday,5780.19,CARD
CUST004457,5,Home Kitchen,21 03,Saturday,9677.39,UPI
CUST004458,4,Sports Fitness,14 18,Sunday,14972.38,UPI
CUST004459,2,Electronics,23 04,Friday,16315.25,CARD
CUST004460,6,Beauty Personal Care,10 19,Sunday,261.97,CARD
CUST004461,4,Toys Games,02 04,Friday,2505.92,UPI
CUST004462,2,Healthcare,16 28,Friday,4641.64,CASH
CUST004463,5,Food,19 21,Friday,572.23,CARD
CUST004464,6,Toys Games,06 33,Sunday,4667.85,CARD
CUST004465,6,Grocery,16 51,Saturday,2271.43,UPI
CUST004466,4,Beauty Personal Care,13 42,Saturday,2030.52,CASH
CUST004467,1,Toys Games,02 30,Tuesday,2688.69,CASH
CUST004468,3,Electronics,00 24,Monday,3707.24,CASH
CUST004469,2,Sports Fitness,06 59,Sunday,11709.32,CASH
CUST004470,2,Sports Fitness,17 13,Sunday,11357.59,CASH
CUST004471,1,Healthcare,01 05,Sunday,4700.47,CARD
CUST004472,5,Electronics,17 16,Wednesday,28147.77,CARD
CUST004473,5,Healthcare,19 35,Thursday,571.89,CARD
CUST004474,3,Healthcare,17 42,Tuesday,4332.30,UPI
CUST004475,6,Grocery,00 21,Tuesday,1678.67,CASH
CUST004476,6,Grocery,23 08,Sunday,2524.52,CASH
CUST004477,3,Books Stationery,19 06,Saturday,369.97,CARD
CUST004478,3,Toys Games,23 19,Friday,1286.48,CASH
CUST004479,4,Electronics,11 16,Friday,48476.12,UPI
CUST004480,4,Books Stationery,10 30,Tuesday,1916.39,UPI
CUST004481,3,Fashion,12 45,Sunday,2794.41,UPI
CUST004482,5,Home Kitchen,15 35,Saturday,3686.68,UPI
CUST004483,6,Toys Games,13 19,Friday,2349.68,CASH
CUST004484,5,Beauty Personal Care,19 57,Tuesday,2506.97,CASH
CUST004485,6,Books Stationery,01 42,Friday,273.90,CASH
CUST004486,2,Books Stationery,22 24,Tuesday,1496.60,UPI
CUST004487,3,Beauty Personal Care,11 35,Saturday,491.19,CARD
CUST004488,5,Electronics,17 50,Tuesday,10264.47,CASH
CUST004489,5,Healthcare,15 51,Saturday,1923.44,CARD
CUST004490,3,Beauty Personal Care,14 56,Wednesday,1157.04,CASH
CUST004491,6,Electronics,06 28,Thursday,4559.21,CASH
CUST004492,4,Home Kitchen,03 35,Thursday,5395.52,CARD
CUST004493,2,Sports Fitness,06 19,Monday,8480.16,UPI
CUST004494,2,Toys Games,02 21,Saturday,3826.14,CASH
CUST004495,5,Toys Games,01 09,Wednesday,4422.84,CASH
CUST004496,4,Home Kitchen,13 42,Wednesday,9810.05,CASH
CUST004497,1,Food,01 43,Tuesday,67.90,CASH
CUST004498,3,Fashion,08 47,Monday,3559.24,CARD
CUST004499,5,Books Stationery,03 16,Tuesday,764.01,CARD
CUST004500,1,Beauty Personal Care,13 44,Saturday,2135.59,CARD
CUST004501,2,Toys Games,05 57,Saturday,1554.85,CARD
CUST004502,6,Beauty Personal Care,12 10,Saturday,1971.94,CARD
CUST004503,3,Home Kitchen,10 06,Friday,9582.89,UPI
CUST004504,5,Toys Games,20 30,Friday,1696.41,CARD
CUST004505,1,Toys Games,19 16,Tuesday,2486.36,CARD
CUST004506,5,Food,04 34,Saturday,787.26,UPI
CUST004507,2,Toys Games,03 40,Thursday,2636.07,CASH
CUST004508,2,Electronics,18 09,Saturday,19124.02,CARD
CUST004509,2,Grocery,19 19,Tuesday,1147.61,CARD
CUST004510,2,Fashion,14 04,Tuesday,3722.21,UPI
CUST004511,2,Grocery,01 03,Sunday,1106.06,CASH
CUST004512,6,Sports Fitness,21 29,Tuesday,6826.55,CARD
CUST004513,3,Home Kitchen,11 30,Tuesday,4800.31,UPI
CUST004514,2,Beauty Personal Care,21 32,Friday,1093.98,UPI
CUST004515,6,Home Kitchen,18 36,Tuesday,4493.62,UPI
CUST004516,6,Fashion,11 24,Monday,3983.92,UPI
CUST004517,4,Home Kitchen,19 20,Tuesday,919.15,CARD
CUST004518,3,Healthcare,04 08,Monday,4577.82,UPI
CUST004519,4,Home Kitchen,16 11,Monday,7723.96,CASH
CUST004520,4,Fashion,01 44,Saturday,4948.28,CARD
CUST004521,6,Grocery,08 45,Friday,104.26,UPI
CUST004522,1,Grocery,18 20,Monday,325.18,CASH
CUST004523,4,Grocery,02 13,Tuesday,2981.77,UPI
CUST004524,3,Books Stationery,20 28,Sunday,384.43,UPI
CUST004525,1,Books Stationery,10 24,Tuesday,1311.53,UPI
CUST004526,5,Home Kitchen,04 24,Sunday,8979.86,CARD
CUST004527,4,Food,15 19,Saturday,256.75,CARD
CUST004528,1,Fashion,21 38,Tuesday,759.07,CARD
CUST004529,6,Books Stationery,16 24,Friday,828.49,UPI
CUST004530,3,Electronics,08 51,Friday,38407.16,CASH
CUST004531,1,Beauty Personal Care,00 16,Sunday,1457.57,CARD
CUST004532,1,Toys Games,04 14,Sunday,1208.71,CASH
CUST004533,3,Healthcare,02 23,Monday,3866.80,CASH
CUST004534,2,Sports Fitness,11 53,Tuesday,7854.59,CARD
CUST004535,1,Grocery,16 53,Friday,1087.59,CARD
CUST004536,2,Toys Games,03 04,Sunday,4905.45,CASH
CUST004537,5,Electronics,23 54,Tuesday,29631.71,CARD
CUST004538,3,Beauty Personal Care,16 23,Saturday,2361.59,UPI
CUST004539,5,Electronics,10 28,Thursday,1581.61,UPI
CUST004540,2,Healthcare,00 06,Wednesday,4587.13,CASH
CUST004541,4,Electronics,13 37,Thursday,39789.58,CASH
CUST004542,6,Electronics,08 42,Thursday,16964.83,CARD
CUST004543,6,Toys Games,08 51,Wednesday,2898.92,UPI
CUST004544,5,Grocery,18 23,Saturday,1119.29,CASH
CUST004545,5,Healthcare,07 03,Monday,2972.59,UPI
CUST004546,4,Home Kitchen,12 17,Thursday,5343.67,CARD
CUST004547,6,Toys Games,01 23,Thursday,798.53,CARD
CUST004548,6,Books Stationery,14 55,Wednesday,1232.19,UPI
CUST004549,3,Electronics,14 40,Thursday,35064.12,CARD
CUST004550,6,Beauty Personal Care,22 22,Friday,1067.80,CARD
CUST004551,2,Fashion,15 19,Monday,2827.59,UPI
CUST004552,2,Sports Fitness,10 36,Wednesday,2194.08,CARD
CUST004553,6,Fashion,04 25,Thursday,3873.14,CASH
CUST004554,4,Beauty Personal Care,13 11,Thursday,1364.26,UPI
CUST004555,1,Toys Games,22 48,Friday,4153.84,CARD
CUST004556,3,Fashion,18 26,Sunday,4251.99,CARD
CUST004557,3,Grocery,13 30,Wednesday,1944.05,CARD
CUST004558,4,Food,05 21,Thursday,606.83,UPI
CUST004559,2,Grocery,05 10,Monday,2121.83,UPI
CUST004560,2,Food,20 34,Saturday,697.16,UPI
CUST004561,6,Healthcare,05 32,Tuesday,3540.09,CARD
CUST004562,1,Fashion,14 04,Friday,2121.42,CARD
CUST004563,4,Books Stationery,12 16,Wednesday,1879.67,CASH
CUST004564,2,Healthcare,20 23,Monday,4528.33,CASH
CUST004565,1,Healthcare,15 30,Friday,1277.07,CARD
CUST004566,6,Toys Games,02 34,Wednesday,2538.74,UPI
CUST004567,4,Grocery,09 25,Tuesday,1899.42,UPI
CUST004568,1,Fashion,18 08,Thursday,4394.89,CASH
CUST004569,2,Food,05 47,Monday,336.39,UPI
CUST004570,6,Grocery,11 08,Monday,748.05,CARD
CUST004571,2,Toys Games,14 14,Friday,3579.96,CASH
CUST004572,3,Grocery,10 48,Sunday,780.14,CASH
CUST004573,5,Sports Fitness,12 15,Saturday,14423.43,CARD
CUST004574,3,Grocery,00 15,Tuesday,2317.84,CASH
CUST004575,6,Sports Fitness,11 26,Saturday,12578.04,CARD
CUST004576,2,Sports Fitness,01 24,Friday,10896.74,CARD
CUST004577,2,Beauty Personal Care,16 12,Thursday,1274.17,CARD
CUST004578,4,Food,04 13,Friday,575.44,CARD
CUST004579,1,Sports Fitness,12 11,Saturday,2151.66,UPI
CUST004580,2,Fashion,18 05,Sunday,3489.80,CARD
CUST004581,5,Toys Games,14 42,Tuesday,3980.28,UPI
CUST004582,4,Healthcare,13 06,Wednesday,2273.05,CASH
CUST004583,3,Fashion,12 54,Saturday,3287.81,CASH
CUST004584,2,Healthcare,10 18,Sunday,1302.21,UPI
CUST004585,1,Toys Games,21 19,Saturday,2077.15,UPI
CUST004586,1,Books Stationery,09 44,Saturday,408.18,UPI
CUST004587,1,Toys Games,12 50,Monday,1817.29,CASH
CUST004588,5,Home Kitchen,04 01,Monday,9098.72,CARD
CUST004589,1,Books Stationery,18 02,Friday,385.14,UPI
CUST004590,3,Books Stationery,15 55,Wednesday,1342.31,UPI
CUST004591,5,Grocery,22 54,Sunday,2276.36,CARD
CUST004592,1,Food,10 46,Friday,623.58,CARD
CUST004593,3,Healthcare,12 19,Saturday,4957.99,CASH
CUST004594,1,Electronics,09 42,Monday,9791.15,CASH
CUST004595,6,Sports Fitness,08 27,Wednesday,8206.39,UPI
CUST004596,3,Food,18 51,Thursday,393.30,CASH
CUST004597,3,Sports Fitness,05 13,Wednesday,3708.11,UPI
CUST004598,5,Toys Games,16 10,Tuesday,1761.54,UPI
CUST004599,5,Books Stationery,12 12,Monday,471.51,CASH
CUST004600,1,Fashion,18 22,Tuesday,2980.59,CARD
CUST004601,2,Food,20 37,Monday,498.53,UPI
CUST004602,6,Home Kitchen,06 01,Sunday,9989.99,CASH
CUST004603,6,Electronics,15 58,Wednesday,29911.66,UPI
CUST004604,2,Toys Games,10 02,Sunday,3079.27,UPI
CUST004605,5,Fashion,05 51,Wednesday,3734.21,CARD
CUST004606,6,Books Stationery,06 25,Tuesday,1382.57,CARD
CUST004607,1,Toys Games,21 36,Wednesday,2863.63,CASH
CUST004608,4,Beauty Personal Care,20 00,Tuesday,241.39,CASH
CUST004609,5,Food,19 49,Monday,612.12,CASH
CUST004610,2,Sports Fitness,02 28,Saturday,9213.18,CARD
CUST004611,4,Toys Games,20 24,Wednesday,206.70,CASH
CUST004612,5,Grocery,00 15,Monday,2243.87,CARD
CUST004613,5,Fashion,03 11,Thursday,3689.72,CARD
CUST004614,4,Grocery,13 23,Thursday,505.23,CARD
CUST004615,6,Grocery,16 17,Tuesday,1873.85,UPI
CUST004616,4,Food,23 04,Tuesday,170.30,CARD
CUST004617,6,Beauty Personal Care,01 35,Sunday,659.92,UPI
CUST004618,3,Beauty Personal Care,09 52,Wednesday,2935.96,CARD
CUST004619,5,Sports Fitness,07 26,Tuesday,10380.38,CASH
CUST004620,5,Healthcare,12 41,Friday,4417.12,UPI
CUST004621,5,Beauty Personal Care,15 35,Wednesday,1793.16,UPI
CUST004622,6,Books Stationery,01 02,Wednesday,1412.40,CASH
CUST004623,3,Toys Games,19 44,Thursday,327.95,UPI
CUST004624,1,Books Stationery,11 36,Friday,773.45,CASH
CUST004625,3,Books Stationery,01 04,Friday,1485.72,UPI
CUST004626,4,Fashion,22 44,Saturday,1887.86,UPI
CUST004627,4,Beauty Personal Care,01 21,Friday,300.90,UPI
CUST004628,5,Food,16 28,Wednesday,198.71,UPI
CUST004629,1,Beauty Personal Care,21 08,Monday,444.54,CASH
CUST004630,4,Toys Games,17 51,Friday,353.47,UPI
CUST004631,2,Sports Fitness,07 06,Monday,2741.38,UPI
CUST004632,2,Home Kitchen,20 16,Saturday,2217.90,CASH
CUST004633,6,Food,14 48,Thursday,261.21,CARD
CUST004634,2,Toys Games,13 01,Friday,4849.23,CARD
CUST004635,1,Electronics,03 07,Monday,28590.99,CASH
CUST004636,2,Fashion,00 09,Wednesday,2803.36,CASH
CUST004637,6,Toys Games,17 31,Monday,1342.11,UPI
CUST004638,3,Home Kitchen,18 50,Wednesday,1157.76,CASH
CUST004639,6,Books Stationery,14 32,Saturday,328.88,UPI
CUST004640,1,Beauty Personal Care,14 23,Friday,2237.10,CARD
CUST004641,6,Home Kitchen,09 54,Friday,1816.46,UPI
CUST004642,5,Grocery,14 06,Monday,2027.35,UPI
CUST004643,4,Books Stationery,23 07,Saturday,1903.67,CASH
CUST004644,4,Electronics,00 47,Friday,43677.82,UPI
CUST004645,4,Grocery,11 35,Wednesday,569.33,CASH
CUST004646,5,Food,17 34,Tuesday,638.45,UPI
CUST004647,2,Healthcare,13 34,Thursday,487.40,CARD
CUST004648,1,Beauty Personal Care,05 19,Wednesday,995.44,UPI
CUST004649,1,Fashion,18 11,Saturday,3860.20,UPI
CUST004650,4,Fashion,00 38,Monday,3557.06,CARD
CUST004651,4,Books Stationery,02 04,Sunday,645.67,UPI
CUST004652,2,Sports Fitness,02 38,Tuesday,8064.74,UPI
CUST004653,6,Food,23 51,Monday,290.71,CASH
CUST004654,4,Fashion,23 56,Sunday,4163.11,CASH
CUST004655,6,Healthcare,21 19,Tuesday,3492.87,CARD
CUST004656,6,Healthcare,07 58,Thursday,2620.43,CASH
CUST004657,2,Home Kitchen,09 25,Thursday,7936.60,UPI
CUST004658,1,Food,12 08,Saturday,249.64,CASH
CUST004659,4,Fashion,07 48,Friday,3722.68,UPI
CUST004660,6,Books Stationery,22 08,Thursday,550.83,CARD
CUST004661,3,Electronics,11 16,Wednesday,20081.52,CARD
CUST004662,5,Electronics,17 27,Saturday,40140.75,UPI
CUST004663,4,Fashion,07 30,Wednesday,1619.44,CARD
CUST004664,1,Food,02 02,Saturday,771.80,CASH
CUST004665,6,Toys Games,13 42,Sunday,3846.17,UPI
CUST004666,2,Healthcare,04 50,Tuesday,4191.26,CARD
CUST004667,3,Books Stationery,15 56,Thursday,1401.13,CARD
CUST004668,1,Fashion,21 03,Saturday,897.79,UPI
CUST004669,6,Beauty Personal Care,02 03,Tuesday,678.08,CASH
CUST004670,4,Books Stationery,06 47,Friday,1162.25,CARD
CUST004671,2,Healthcare,13 58,Tuesday,4125.57,CASH
CUST004672,3,Fashion,07 42,Thursday,1696.84,CASH
CUST004673,3,Healthcare,21 33,Tuesday,1127.72,CARD
CUST004674,4,Beauty Personal Care,06 18,Friday,1705.16,CARD
CUST004675,1,Books Stationery,20 17,Sunday,103.83,UPI
CUST004676,6,Books Stationery,09 36,Monday,962.43,CARD
CUST004677,2,Home Kitchen,11 42,Thursday,6172.82,CARD
CUST004678,5,Food,04 14,Wednesday,156.42,CARD
CUST004679,4,Books Stationery,19 13,Monday,1442.72,CARD
CUST004680,2,Toys Games,07 15,Saturday,2789.34,CARD
CUST004681,1,Beauty Personal Care,22 10,Sunday,2649.53,UPI
CUST004682,4,Sports Fitness,14 26,Wednesday,13371.50,CASH
CUST004683,6,Electronics,10 38,Thursday,45446.40,CARD
CUST004684,1,Grocery,18 34,Tuesday,1286.68,UPI
CUST004685,6,Home Kitchen,09 59,Saturday,9071.41,UPI
CUST004686,1,Home Kitchen,10 44,Sunday,7866.98,CASH
CUST004687,4,Toys Games,07 24,Sunday,2307.42,UPI
CUST004688,5,Home Kitchen,02 22,Wednesday,3291.65,UPI
CUST004689,3,Food,14 25,Tuesday,129.71,CARD
CUST004690,1,Fashion,14 49,Thursday,4932.45,CARD
CUST004691,3,Toys Games,15 04,Wednesday,2725.62,UPI
CUST004692,2,Sports Fitness,17 05,Wednesday,3854.56,CASH
CUST004693,4,Beauty Personal Care,10 53,Thursday,389.15,CASH
CUST004694,2,Books Stationery,13 32,Saturday,1667.70,CASH
CUST004695,2,Fashion,04 24,Wednesday,2757.18,UPI
CUST004696,4,Beauty Personal Care,23 24,Tuesday,2748.31,UPI
CUST004697,3,Toys Games,22 47,Tuesday,3926.36,CASH
CUST004698,6,Grocery,18 34,Thursday,889.96,UPI
CUST004699,6,Healthcare,13 37,Tuesday,3751.10,UPI
CUST004700,4,Healthcare,03 29,Sunday,4413.54,CARD
CUST004701,2,Toys Games,00 41,Friday,756.72,CASH
CUST004702,5,Home Kitchen,06 51,Friday,1776.35,CASH
CUST004703,1,Beauty Personal Care,10 54,Sunday,386.20,CASH
CUST004704,3,Sports Fitness,23 20,Monday,10463.32,UPI
CUST004705,3,Electronics,01 37,Sunday,23292.53,CASH
CUST004706,6,Sports Fitness,16 37,Wednesday,4531.81,CARD
CUST004707,4,Toys Games,04 29,Tuesday,1115.17,UPI
CUST004708,3,Electronics,00 12,Monday,34873.51,UPI
CUST004709,2,Electronics,01 02,Tuesday,45372.18,CASH
CUST004710,3,Beauty Personal Care,10 33,Saturday,950.02,CARD
CUST004711,3,Food,02 31,Monday,165.83,CASH
CUST004712,5,Electronics,19 07,Wednesday,25407.44,UPI
CUST004713,2,Food,15 19,Saturday,762.80,CASH
CUST004714,5,Grocery,13 44,Monday,972.40,UPI
CUST004715,1,Healthcare,02 58,Sunday,732.51,CASH
CUST004716,4,Fashion,23 34,Sunday,1205.87,CASH
CUST004717,2,Electronics,07 04,Monday,17071.60,CARD
CUST004718,4,Electronics,01 36,Sunday,29648.76,UPI
CUST004719,4,Food,23 22,Sunday,663.30,CASH
CUST004720,3,Sports Fitness,16 13,Sunday,4059.63,CARD
CUST004721,4,Beauty Personal Care,00 54,Sunday,411.38,CARD
CUST004722,6,Sports Fitness,05 47,Friday,14659.21,UPI
CUST004723,3,Books Stationery,10 21,Monday,730.59,CARD
CUST004724,6,Beauty Personal Care,15 42,Wednesday,1938.69,CASH
CUST004725,2,Electronics,03 35,Sunday,4066.14,CASH
CUST004726,6,Books Stationery,13 53,Thursday,1447.54,UPI
CUST004727,1,Books Stationery,05 08,Sunday,841.68,UPI
CUST004728,6,Grocery,17 32,Tuesday,2538.63,CARD
CUST004729,2,Fashion,16 50,Saturday,2482.25,CARD
CUST004730,5,Beauty Personal Care,07 18,Wednesday,1456.27,CARD
CUST004731,5,Toys Games,01 04,Tuesday,4444.31,CASH
CUST004732,1,Food,19 06,Friday,123.69,CARD
CUST004733,6,Healthcare,06 52,Friday,1138.78,CASH
CUST004734,1,Home Kitchen,18 48,Monday,1087.43,UPI
CUST004735,6,Beauty Personal Care,09 10,Sunday,552.88,CASH
CUST004736,6,Healthcare,06 16,Monday,2733.90,CARD
CUST004737,3,Sports Fitness,02 53,Thursday,6891.87,CARD
CUST004738,3,Sports Fitness,06 31,Sunday,6285.23,UPI
CUST004739,4,Electronics,06 48,Friday,31352.73,UPI
CUST004740,2,Books Stationery,18 10,Thursday,900.47,CASH
CUST004741,5,Healthcare,16 46,Thursday,3156.57,CASH
CUST004742,3,Sports Fitness,12 12,Wednesday,3961.58,CARD
CUST004743,4,Food,21 15,Monday,158.74,UPI
CUST004744,3,Grocery,10 43,Friday,2005.34,CASH
CUST004745,1,Fashion,13 23,Saturday,734.74,CASH
CUST004746,3,Toys Games,04 40,Sunday,933.38,UPI
CUST004747,6,Toys Games,15 41,Thursday,2330.65,CASH
CUST004748,2,Beauty Personal Care,08 26,Monday,1594.84,CASH
CUST004749,5,Home Kitchen,09 35,Sunday,9850.34,UPI
CUST004750,5,Grocery,18 22,Friday,857.45,UPI
CUST004751,1,Books Stationery,19 48,Saturday,1570.41,CASH
CUST004752,4,Toys Games,11 49,Saturday,1288.83,CASH
CUST004753,1,Fashion,17 44,Friday,2256.70,CASH
CUST004754,5,Fashion,12 03,Sunday,987.43,CASH
CUST004755,2,Healthcare,21 16,Thursday,2037.16,UPI
CUST004756,4,Toys Games,23 46,Saturday,4291.31,CASH
CUST004757,5,Electronics,12 15,Tuesday,2019.15,CASH
CUST004758,6,Beauty Personal Care,21 21,Wednesday,659.82,UPI
CUST004759,5,Home Kitchen,20 05,Wednesday,9004.36,UPI
CUST004760,4,Sports Fitness,22 41,Sunday,13316.37,CASH
CUST004761,5,Books Stationery,00 42,Wednesday,1556.71,CARD
CUST004762,3,Sports Fitness,01 54,Wednesday,14137.53,CASH
CUST004763,6,Home Kitchen,07 56,Thursday,1739.92,CASH
CUST004764,2,Home Kitchen,00 03,Wednesday,4999.13,CASH
CUST004765,3,Toys Games,07 59,Saturday,3730.47,UPI
CUST004766,3,Food,04 57,Monday,102.57,UPI
CUST004767,5,Books Stationery,06 34,Sunday,1209.92,CASH
CUST004768,3,Fashion,23 11,Thursday,4678.97,CARD
CUST004769,1,Sports Fitness,14 09,Wednesday,5434.23,CARD
CUST004770,5,Books Stationery,22 30,Friday,1608.00,UPI
CUST004771,5,Sports Fitness,19 24,Saturday,8252.02,CASH
CUST004772,3,Grocery,13 02,Tuesday,399.90,CASH
CUST004773,4,Home Kitchen,16 49,Wednesday,5025.42,UPI
CUST004774,2,Beauty Personal Care,22 14,Friday,346.62,CASH
CUST004775,4,Sports Fitness,19 20,Friday,13725.46,CARD
CUST004776,3,Beauty Personal Care,18 28,Thursday,1405.24,CARD
CUST004777,5,Books Stationery,14 25,Saturday,1419.21,CASH
CUST004778,6,Beauty Personal Care,17 22,Tuesday,2944.49,UPI
CUST004779,3,Grocery,05 26,Thursday,975.57,UPI
CUST004780,5,Toys Games,16 55,Sunday,3898.37,UPI
CUST004781,6,Electronics,01 45,Saturday,2328.62,UPI
CUST004782,5,Food,18 32,Wednesday,656.57,CASH
CUST004783,6,Sports Fitness,13 18,Friday,9737.37,UPI
CUST004784,4,Books Stationery,21 20,Monday,514.88,UPI
CUST004785,4,Fashion,19 25,Friday,4072.59,CARD
CUST004786,5,Healthcare,02 19,Saturday,4247.86,CARD
CUST004787,6,Grocery,09 12,Monday,1228.39,CASH
CUST004788,2,Food,09 25,Sunday,431.81,CARD
CUST004789,5,Sports Fitness,15 31,Wednesday,1142.96,CARD
CUST004790,6,Books Stationery,01 47,Wednesday,651.79,CASH
CUST004791,5,Healthcare,13 22,Saturday,2663.86,UPI
CUST004792,3,Fashion,07 38,Friday,1208.49,CARD
CUST004793,5,Home Kitchen,11 13,Saturday,4533.05,CARD
CUST004794,4,Food,05 46,Friday,351.92,CARD
CUST004795,6,Electronics,03 37,Friday,36348.68,CASH
CUST004796,4,Beauty Personal Care,22 51,Tuesday,1792.52,CARD
CUST004797,6,Beauty Personal Care,14 21,Thursday,1449.63,UPI
CUST004798,6,Grocery,00 32,Tuesday,2907.73,CASH
CUST004799,4,Healthcare,19 30,Monday,194.22,CARD
CUST004800,5,Healthcare,16 00,Saturday,2468.13,UPI
CUST004801,2,Food,19 55,Friday,362.30,UPI
CUST004802,1,Grocery,12 49,Sunday,247.08,CARD
CUST004803,4,Books Stationery,06 04,Friday,686.83,CASH
CUST004804,4,Fashion,15 25,Wednesday,3420.22,CARD
CUST004805,1,Electronics,02 16,Saturday,38216.76,CASH
CUST004806,4,Food,18 46,Friday,154.47,CASH
CUST004807,1,Fashion,12 28,Thursday,3132.57,UPI
CUST004808,6,Sports Fitness,20 40,Thursday,8592.91,CASH
CUST004809,4,Food,18 13,Friday,659.60,CARD
CUST004810,5,Beauty Personal Care,19 14,Saturday,905.32,CASH
CUST004811,6,Toys Games,07 45,Saturday,974.25,CARD
CUST004812,2,Books Stationery,18 12,Tuesday,1140.75,CARD
CUST004813,6,Food,20 36,Saturday,595.31,CASH
CUST004814,1,Books Stationery,22 20,Saturday,1002.45,CASH
CUST004815,1,Electronics,20 08,Thursday,26075.83,UPI
CUST004816,5,Beauty Personal Care,21 15,Wednesday,2044.53,CARD
CUST004817,6,Sports Fitness,04 16,Wednesday,7779.89,CARD
CUST004818,3,Healthcare,12 36,Saturday,2375.98,CARD
CUST004819,4,Electronics,22 23,Friday,18296.76,CASH
CUST004820,4,Beauty Personal Care,20 39,Tuesday,214.68,UPI
CUST004821,4,Fashion,12 34,Sunday,1794.62,CASH
CUST004822,2,Home Kitchen,12 19,Thursday,3835.47,UPI
CUST004823,6,Fashion,12 13,Wednesday,1526.05,UPI
CUST004824,2,Healthcare,01 00,Thursday,1096.68,CASH
CUST004825,6,Fashion,10 56,Sunday,2389.13,CASH
CUST004826,4,Sports Fitness,02 16,Friday,7181.22,CASH
CUST004827,1,Toys Games,04 05,Wednesday,2705.29,CARD
CUST004828,6,Books Stationery,00 49,Sunday,254.35,UPI
CUST004829,1,Books Stationery,17 51,Tuesday,853.20,CASH
CUST004830,5,Beauty Personal Care,19 22,Wednesday,313.39,CARD
CUST004831,6,Fashion,06 31,Wednesday,3320.54,CASH
CUST004832,6,Grocery,04 16,Sunday,716.05,UPI
CUST004833,5,Grocery,13 52,Saturday,2581.55,CASH
CUST004834,2,Sports Fitness,05 38,Monday,3873.88,CARD
CUST004835,6,Fashion,04 29,Thursday,788.76,CASH
CUST004836,3,Food,19 37,Tuesday,744.58,CARD
CUST004837,6,Sports Fitness,06 47,Friday,5077.67,CARD
CUST004838,3,Beauty Personal Care,14 49,Friday,2535.50,UPI
CUST004839,1,Toys Games,13 33,Monday,4328.79,CASH
CUST004840,4,Sports Fitness,12 03,Thursday,14606.47,UPI
CUST004841,4,Home Kitchen,17 49,Thursday,9557.77,UPI
CUST004842,6,Healthcare,22 22,Friday,3138.74,CARD
CUST004843,4,Grocery,16 33,Friday,2155.08,UPI
CUST004844,5,Home Kitchen,12 55,Tuesday,1813.26,CARD
CUST004845,5,Electronics,23 46,Saturday,11988.26,CARD
CUST004846,4,Food,16 37,Monday,170.21,CARD
CUST004847,4,Home Kitchen,19 48,Tuesday,3683.59,UPI
CUST004848,6,Grocery,23 30,Tuesday,1290.87,CARD
CUST004849,5,Beauty Personal Care,14 41,Tuesday,1981.41,CASH
CUST004850,6,Electronics,12 16,Sunday,1571.00,CASH
CUST004851,3,Toys Games,18 26,Friday,1431.81,CARD
CUST004852,4,Home Kitchen,22 47,Tuesday,7574.33,CARD
CUST004853,6,Sports Fitness,21 21,Friday,14072.03,CARD
CUST004854,3,Beauty Personal Care,02 54,Saturday,1668.39,UPI
CUST004855,4,Electronics,23 51,Thursday,33254.13,CASH
CUST004856,1,Healthcare,16 32,Saturday,2213.85,CARD
CUST004857,2,Sports Fitness,13 27,Saturday,2650.86,CASH
CUST004858,5,Home Kitchen,19 03,Saturday,2921.19,CARD
CUST004859,1,Home Kitchen,11 29,Friday,8621.80,CASH
CUST004860,3,Food,06 41,Saturday,701.52,CARD
CUST004861,4,Electronics,19 58,Sunday,47424.70,CARD
CUST004862,1,Healthcare,15 20,Saturday,1690.61,CARD
CUST004863,1,Electronics,07 49,Saturday,17231.11,UPI
CUST004864,3,Electronics,14 57,Saturday,13461.99,CASH
CUST004865,3,Toys Games,08 21,Wednesday,1481.46,CARD
CUST004866,3,Grocery,20 28,Wednesday,1684.69,CASH
CUST004867,3,Electronics,12 22,Friday,11539.08,UPI
CUST004868,4,Fashion,09 19,Sunday,512.14,UPI
CUST004869,1,Home Kitchen,07 46,Sunday,7412.91,CASH
CUST004870,1,Toys Games,12 50,Friday,1138.94,UPI
CUST004871,6,Grocery,13 04,Friday,2598.82,CASH
CUST004872,3,Beauty Personal Care,16 05,Monday,1520.81,CARD
CUST004873,4,Healthcare,09 31,Tuesday,1323.63,CARD
CUST004874,5,Grocery,23 10,Thursday,510.19,CARD
CUST004875,1,Home Kitchen,13 53,Sunday,5320.45,UPI
CUST004876,6,Electronics,23 59,Saturday,25432.58,CARD
CUST004877,3,Sports Fitness,05 23,Wednesday,8279.41,CARD
CUST004878,4,Beauty Personal Care,06 29,Friday,2215.31,CARD
CUST004879,5,Sports Fitness,16 33,Tuesday,5706.69,CARD
CUST004880,6,Food,18 09,Sunday,163.09,UPI
CUST004881,3,Toys Games,08 52,Tuesday,439.37,CASH
CUST004882,2,Sports Fitness,13 59,Monday,9360.36,CARD
CUST004883,4,Food,04 13,Tuesday,458.32,UPI
CUST004884,5,Sports Fitness,16 31,Sunday,9268.03,CASH
CUST004885,3,Electronics,08 43,Monday,23004.86,UPI
CUST004886,2,Home Kitchen,07 28,Sunday,7017.10,CARD
CUST004887,3,Healthcare,20 16,Tuesday,3107.55,CASH
CUST004888,1,Grocery,16 17,Tuesday,1144.20,CARD
CUST004889,5,Food,19 28,Wednesday,295.24,CARD
CUST004890,4,Electronics,23 06,Thursday,47827.61,CASH
CUST004891,1,Electronics,04 37,Sunday,16719.42,CASH
CUST004892,2,Sports Fitness,11 12,Saturday,7454.44,CASH
CUST004893,4,Home Kitchen,02 47,Monday,3388.44,CARD
CUST004894,4,Grocery,14 13,Friday,1943.00,CASH
CUST004895,1,Books Stationery,11 18,Monday,571.05,CARD
CUST004896,4,Electronics,15 35,Friday,21739.36,UPI
CUST004897,5,Electronics,18 12,Wednesday,33490.35,UPI
CUST004898,5,Sports Fitness,23 35,Wednesday,3485.31,UPI
CUST004899,5,Electronics,15 44,Sunday,15830.20,CARD
CUST004900,3,Grocery,15 36,Monday,2247.61,CASH
CUST004901,2,Beauty Personal Care,01 37,Sunday,549.72,UPI
CUST004902,6,Toys Games,11 35,Sunday,2233.64,CASH
CUST004903,1,Healthcare,16 25,Saturday,4295.19,CARD
CUST004904,4,Books Stationery,13 49,Friday,1113.71,UPI
CUST004905,1,Healthcare,05 38,Friday,1009.16,CARD
CUST004906,6,Grocery,22 08,Tuesday,1768.91,CASH
CUST004907,2,Fashion,15 42,Friday,4770.85,CARD
CUST004908,2,Healthcare,16 22,Sunday,900.08,UPI
CUST004909,5,Toys Games,22 13,Monday,917.45,CASH
CUST004910,5,Beauty Personal Care,21 56,Thursday,1741.27,CARD
CUST004911,1,Sports Fitness,02 28,Sunday,3883.88,CASH
CUST004912,3,Toys Games,04 04,Thursday,3569.21,UPI
CUST004913,3,Healthcare,02 50,Tuesday,3163.04,UPI
CUST004914,4,Beauty Personal Care,06 18,Tuesday,2504.09,CARD
CUST004915,4,Fashion,02 22,Thursday,3083.20,CASH
CUST004916,4,Grocery,09 47,Saturday,2705.03,UPI
CUST004917,2,Electronics,14 59,Monday,33705.36,UPI
CUST004918,2,Grocery,19 41,Monday,296.43,CASH
CUST004919,5,Books Stationery,10 09,Sunday,165.20,UPI
CUST004920,1,Books Stationery,10 38,Monday,496.28,CASH
CUST004921,5,Fashion,06 10,Friday,3514.45,UPI
CUST004922,1,Fashion,08 47,Thursday,3660.29,CARD
CUST004923,1,Books Stationery,06 03,Wednesday,1268.19,UPI
CUST004924,1,Food,14 01,Friday,451.70,CARD
CUST004925,6,Sports Fitness,18 32,Sunday,13652.50,CARD
CUST004926,1,Sports Fitness,00 32,Tuesday,13798.56,CASH
CUST004927,4,Grocery,09 26,Friday,2495.85,CARD
CUST004928,2,Toys Games,05 13,Monday,1482.56,CARD
CUST004929,1,Books Stationery,07 00,Monday,904.75,CASH
CUST004930,5,Sports Fitness,19 45,Tuesday,9742.13,CASH
CUST004931,5,Home Kitchen,20 06,Sunday,4556.81,UPI
CUST004932,3,Sports Fitness,20 09,Thursday,13315.77,CARD
CUST004933,3,Food,07 54,Wednesday,199.51,UPI
CUST004934,6,Home Kitchen,03 08,Friday,1596.55,UPI
CUST004935,6,Beauty Personal Care,21 59,Sunday,2218.13,CASH
CUST004936,4,Electronics,06 19,Wednesday,8791.48,CASH
CUST004937,1,Toys Games,03 22,Monday,2207.83,CARD
CUST004938,4,Fashion,11 24,Sunday,3153.97,UPI
CUST004939,6,Toys Games,04 13,Wednesday,1019.30,CASH
CUST004940,3,Toys Games,17 57,Saturday,4775.76,CARD
CUST004941,5,Books Stationery,10 21,Monday,1652.44,CARD
CUST004942,4,Home Kitchen,15 13,Wednesday,4526.02,UPI
CUST004943,4,Toys Games,02 09,Sunday,3498.63,CASH
CUST004944,4,Food,20 12,Wednesday,589.66,CARD
CUST004945,3,Healthcare,09 16,Wednesday,4756.65,UPI
CUST004946,1,Fashion,08 50,Friday,4868.49,CARD
CUST004947,5,Healthcare,08 45,Monday,2368.38,CARD
CUST004948,6,Beauty Personal Care,09 06,Saturday,2181.44,CARD
CUST004949,5,Books Stationery,08 35,Friday,1561.08,CARD
CUST004950,1,Toys Games,07 52,Wednesday,3287.98,UPI
CUST004951,5,Beauty Personal Care,22 48,Friday,938.70,CARD
CUST004952,1,Electronics,19 27,Monday,19736.38,CASH
CUST004953,5,Books Stationery,13 57,Saturday,311.16,UPI
CUST004954,2,Books Stationery,14 09,Wednesday,1881.12,UPI
CUST004955,5,Electronics,06 55,Saturday,11868.02,UPI
CUST004956,5,Healthcare,05 33,Thursday,3811.42,CARD
CUST004957,1,Fashion,05 03,Tuesday,4904.59,CASH
CUST004958,5,Home Kitchen,23 39,Monday,8208.64,CARD
CUST004959,6,Food,08 33,Thursday,367.01,CASH
CUST004960,6,Books Stationery,01 55,Tuesday,1286.07,CARD
CUST004961,1,Sports Fitness,18 06,Wednesday,10874.82,CASH
CUST004962,6,Fashion,20 48,Sunday,4249.28,UPI
CUST004963,1,Food,05 01,Thursday,218.58,UPI
CUST004964,1,Sports Fitness,09 58,Saturday,8648.46,CARD
CUST004965,4,Beauty Personal Care,11 01,Sunday,268.49,CARD
CUST004966,4,Beauty Personal Care,10 26,Wednesday,946.17,CASH
CUST004967,3,Beauty Personal Care,02 00,Monday,855.22,CASH
CUST004968,4,Healthcare,12 17,Sunday,3008.18,UPI
CUST004969,1,Healthcare,02 07,Saturday,2110.20,CARD
CUST004970,5,Toys Games,05 22,Thursday,3002.22,UPI
CUST004971,1,Healthcare,12 51,Saturday,2478.20,CARD
CUST004972,5,Home Kitchen,20 42,Wednesday,6965.56,CARD
CUST004973,2,Electronics,23 59,Tuesday,25309.41,CARD
CUST004974,2,Electronics,08 25,Tuesday,2232.79,UPI
CUST004975,5,Sports Fitness,22 11,Wednesday,13373.14,CARD
CUST004976,2,Electronics,18 55,Tuesday,6944.91,UPI
CUST004977,3,Beauty Personal Care,09 14,Thursday,2201.18,CASH
CUST004978,1,Home Kitchen,13 29,Sunday,2703.01,CASH
CUST004979,1,Books Stationery,14 26,Sunday,829.56,CASH
CUST004980,2,Home Kitchen,05 40,Sunday,2723.15,CASH
CUST004981,4,Toys Games,23 40,Monday,3036.71,UPI
CUST004982,4,Toys Games,11 46,Sunday,222.91,UPI
CUST004983,4,Food,11 22,Monday,445.24,CARD
CUST004984,3,Toys Games,18 16,Wednesday,1311.94,CASH
CUST004985,1,Food,13 19,Monday,553.11,UPI
CUST004986,1,Food,02 00,Sunday,99.99,CASH
CUST004987,5,Fashion,13 46,Monday,1160.33,CARD
CUST004988,4,Grocery,21 22,Saturday,1025.30,UPI
CUST004989,4,Sports Fitness,16 02,Wednesday,6373.70,UPI
CUST004990,5,Healthcare,20 16,Friday,2988.21,CASH
CUST004991,4,Beauty Personal Care,10 39,Tuesday,1842.43,CASH
CUST004992,2,Grocery,21 19,Tuesday,1983.03,UPI
CUST004993,4,Books Stationery,05 05,Tuesday,1840.47,CARD
CUST004994,4,Sports Fitness,19 23,Saturday,10918.35,CARD
CUST004995,6,Food,22 39,Monday,322.43,UPI
CUST004996,4,Sports Fitness,06 00,Tuesday,4053.34,CASH
CUST004997,5,Beauty Personal Care,14 17,Wednesday,233.72,CASH
CUST004998,3,Electronics,06 16,Sunday,13811.05,CARD
CUST004999,1,Toys Games,03 54,Wednesday,2997.30,CARD
CUST005000,6,Sports Fitness,22 14,Wednesday,3719.11,CARD
CUST005001,5,Home Kitchen,19 11,Thursday,4348.28,CARD
CUST005002,1,Electronics,16 37,Friday,10182.35,CARD
CUST005003,3,Home Kitchen,23 34,Sunday,1329.54,UPI
CUST005004,6,Beauty Personal Care,23 45,Friday,2976.64,UPI
CUST005005,4,Books Stationery,01 15,Friday,1447.67,CASH
CUST005006,5,Toys Games,11 11,Wednesday,2123.36,CARD
CUST005007,3,Toys Games,23 32,Friday,2095.94,UPI
CUST005008,5,Healthcare,08 30,Friday,950.09,CASH
CUST005009,2,Sports Fitness,10 29,Sunday,12265.26,CASH
CUST005010,6,Books Stationery,14 06,Wednesday,889.79,CASH
CUST005011,2,Sports Fitness,16 33,Monday,2216.21,CASH
CUST005012,4,Beauty Personal Care,02 55,Wednesday,484.15,CASH
CUST005013,5,Home Kitchen,21 12,Tuesday,7780.90,CARD
CUST005014,4,Electronics,08 45,Monday,32285.28,UPI
CUST005015,6,Healthcare,13 54,Tuesday,3284.66,CASH
CUST005016,5,Home Kitchen,14 25,Monday,8131.49,UPI
CUST005017,6,Healthcare,19 28,Tuesday,2680.96,CASH
CUST005018,4,Sports Fitness,10 09,Sunday,7030.08,UPI
CUST005019,2,Food,14 17,Monday,142.83,CASH
CUST005020,1,Beauty Personal Care,01 52,Friday,1544.33,CASH
CUST005021,1,Beauty Personal Care,18 53,Wednesday,2753.99,CASH
CUST005022,2,Toys Games,19 59,Sunday,2122.32,CARD
CUST005023,4,Grocery,17 53,Monday,1792.31,CASH
CUST005024,2,Fashion,15 49,Sunday,3397.49,UPI
CUST005025,1,Food,13 02,Monday,595.48,UPI
CUST005026,3,Fashion,05 16,Sunday,1648.56,CARD
CUST005027,1,Electronics,13 12,Sunday,44651.14,CARD
CUST005028,5,Toys Games,23 17,Thursday,3548.64,CASH
CUST005029,5,Home Kitchen,02 31,Friday,6890.35,CASH
CUST005030,5,Books Stationery,15 15,Sunday,1266.94,CARD
CUST005031,6,Fashion,20 59,Monday,2680.17,CARD
CUST005032,1,Healthcare,23 52,Sunday,4556.33,CARD
CUST005033,3,Fashion,16 02,Tuesday,2292.01,CASH
CUST005034,1,Beauty Personal Care,12 20,Friday,1889.39,CASH
CUST005035,6,Food,16 48,Wednesday,140.89,UPI
CUST005036,1,Healthcare,19 00,Thursday,1717.81,CASH
CUST005037,3,Home Kitchen,05 09,Thursday,7392.58,CARD
CUST005038,3,Food,05 02,Friday,738.79,CASH
CUST005039,2,Food,20 45,Wednesday,451.10,CASH
CUST005040,3,Toys Games,20 18,Sunday,4189.54,UPI
CUST005041,6,Sports Fitness,00 32,Saturday,13024.74,CASH
CUST005042,4,Beauty Personal Care,01 00,Tuesday,2973.54,CASH
CUST005043,4,Home Kitchen,02 44,Saturday,3757.17,CARD
CUST005044,4,Beauty Personal Care,05 36,Wednesday,1820.36,CASH
CUST005045,2,Electronics,01 53,Friday,28156.78,CASH
CUST005046,3,Electronics,10 17,Saturday,10971.76,UPI
CUST005047,6,Grocery,16 14,Tuesday,930.52,CASH
CUST005048,5,Beauty Personal Care,16 46,Wednesday,1112.31,UPI
CUST005049,2,Beauty Personal Care,00 49,Monday,2121.57,CASH
CUST005050,2,Grocery,02 24,Saturday,735.39,UPI
CUST005051,2,Books Stationery,20 37,Friday,569.84,CARD
CUST005052,1,Electronics,07 20,Tuesday,11664.84,CARD
CUST005053,5,Food,08 58,Friday,75.22,CARD
CUST005054,4,Food,17 04,Tuesday,631.50,UPI
CUST005055,4,Food,08 45,Thursday,314.84,UPI
CUST005056,4,Grocery,01 58,Friday,958.20,CASH
CUST005057,1,Home Kitchen,13 16,Wednesday,8367.74,CARD
CUST005058,4,Sports Fitness,07 05,Saturday,1198.73,UPI
CUST005059,5,Home Kitchen,04 24,Thursday,1531.39,UPI
CUST005060,1,Fashion,01 35,Sunday,2430.13,CASH
CUST005061,2,Toys Games,14 36,Monday,4868.23,UPI
CUST005062,3,Food,07 20,Monday,133.77,CARD
CUST005063,6,Grocery,01 24,Monday,1249.34,CASH
CUST005064,6,Fashion,09 39,Sunday,2143.29,CASH
CUST005065,5,Food,21 09,Monday,725.48,CARD
CUST005066,6,Electronics,23 04,Tuesday,43132.74,UPI
CUST005067,5,Food,12 13,Sunday,68.34,CASH
CUST005068,4,Books Stationery,09 27,Wednesday,1779.64,CASH
CUST005069,5,Food,13 07,Thursday,595.21,CASH
CUST005070,2,Sports Fitness,03 16,Thursday,12554.67,UPI
CUST005071,6,Beauty Personal Care,19 28,Saturday,2705.05,CARD
CUST005072,6,Toys Games,13 04,Friday,1112.63,CARD
CUST005073,4,Home Kitchen,09 55,Saturday,1908.41,CARD
CUST005074,4,Toys Games,06 39,Saturday,833.92,CARD
CUST005075,6,Beauty Personal Care,14 29,Thursday,797.43,CASH
CUST005076,4,Fashion,08 32,Monday,3543.52,CASH
CUST005077,6,Toys Games,04 46,Friday,772.98,CARD
CUST005078,3,Beauty Personal Care,14 40,Tuesday,1511.07,UPI
CUST005079,2,Food,22 57,Sunday,205.92,UPI
CUST005080,6,Books Stationery,13 08,Friday,1923.62,CASH
CUST005081,2,Sports Fitness,15 50,Sunday,10670.72,UPI
CUST005082,5,Books Stationery,22 47,Saturday,698.43,UPI
CUST005083,3,Sports Fitness,05 43,Sunday,8499.73,CASH
CUST005084,3,Sports Fitness,19 02,Friday,8773.24,CASH
CUST005085,5,Fashion,06 03,Friday,1764.27,UPI
CUST005086,1,Home Kitchen,15 51,Wednesday,4438.81,UPI
CUST005087,6,Beauty Personal Care,02 00,Thursday,1375.82,UPI
CUST005088,2,Toys Games,19 44,Thursday,487.32,CASH
CUST005089,6,Toys Games,19 27,Tuesday,2587.03,CARD
CUST005090,6,Electronics,08 44,Saturday,17689.38,UPI
CUST005091,3,Fashion,14 39,Monday,4775.15,CASH
CUST005092,6,Healthcare,22 09,Sunday,834.23,CARD
CUST005093,2,Grocery,19 16,Thursday,1873.61,UPI
CUST005094,4,Home Kitchen,08 14,Sunday,2108.75,CASH
CUST005095,2,Sports Fitness,05 20,Tuesday,1022.06,CASH
CUST005096,6,Healthcare,15 34,Thursday,1215.67,CASH
CUST005097,6,Home Kitchen,05 07,Tuesday,5119.42,CARD
CUST005098,1,Home Kitchen,14 41,Monday,1197.88,UPI
CUST005099,6,Books Stationery,10 21,Thursday,478.12,CASH
CUST005100,1,Books Stationery,05 24,Thursday,1471.29,CARD
CUST005101,4,Toys Games,11 25,Thursday,2051.09,CARD
CUST005102,5,Home Kitchen,00 49,Wednesday,1533.78,UPI
CUST005103,6,Grocery,00 46,Monday,632.42,UPI
CUST005104,5,Healthcare,14 00,Thursday,2406.53,UPI
CUST005105,2,Books Stationery,08 41,Friday,1189.65,CASH
CUST005106,1,Grocery,18 12,Friday,2129.37,CASH
CUST005107,4,Food,05 49,Monday,307.30,CARD
CUST005108,2,Toys Games,23 40,Wednesday,4081.93,UPI
CUST005109,5,Sports Fitness,11 09,Wednesday,14129.74,CASH
CUST005110,1,Toys Games,00 24,Friday,3912.03,CARD
CUST005111,3,Toys Games,13 20,Friday,3473.69,UPI
CUST005112,5,Grocery,22 31,Tuesday,2163.77,CARD
CUST005113,3,Healthcare,19 36,Thursday,4175.73,CASH
CUST005114,3,Toys Games,07 19,Monday,3285.98,CASH
CUST005115,6,Books Stationery,00 36,Monday,1421.23,CASH
CUST005116,2,Grocery,02 33,Tuesday,311.42,UPI
CUST005117,4,Beauty Personal Care,13 47,Tuesday,927.62,UPI
CUST005118,2,Food,04 36,Tuesday,107.80,CARD
CUST005119,4,Food,18 50,Sunday,779.89,UPI
CUST005120,2,Fashion,07 33,Monday,4925.97,CASH
CUST005121,6,Beauty Personal Care,07 04,Tuesday,1121.03,UPI
CUST005122,3,Beauty Personal Care,21 42,Tuesday,251.58,CASH
CUST005123,6,Toys Games,07 57,Wednesday,3442.69,UPI
CUST005124,5,Fashion,23 24,Wednesday,1071.12,UPI
CUST005125,4,Healthcare,10 35,Friday,2276.73,CASH
CUST005126,6,Home Kitchen,09 19,Tuesday,5484.11,CASH
CUST005127,3,Sports Fitness,20 47,Monday,7941.29,CASH
CUST005128,5,Healthcare,22 34,Wednesday,4317.65,CARD
CUST005129,4,Electronics,05 04,Saturday,7197.21,CASH
CUST005130,5,Sports Fitness,06 10,Saturday,3571.13,CARD
CUST005131,6,Sports Fitness,21 44,Saturday,7422.29,CASH
CUST005132,6,Sports Fitness,06 11,Sunday,7461.49,CARD
CUST005133,2,Food,15 18,Saturday,525.27,CARD
CUST005134,5,Food,16 28,Saturday,306.65,UPI
CUST005135,1,Home Kitchen,16 29,Saturday,8343.73,UPI
CUST005136,1,Toys Games,02 01,Wednesday,248.12,UPI
CUST005137,2,Sports Fitness,20 37,Wednesday,14232.91,UPI
CUST005138,1,Toys Games,22 29,Sunday,1566.09,CARD
CUST005139,4,Healthcare,09 09,Friday,3232.79,UPI
CUST005140,6,Sports Fitness,10 39,Thursday,8395.84,CARD
CUST005141,2,Electronics,05 51,Wednesday,35286.62,UPI
CUST005142,3,Toys Games,05 32,Monday,2846.87,CARD
CUST005143,2,Fashion,05 16,Wednesday,1656.57,UPI
CUST005144,2,Beauty Personal Care,15 05,Sunday,1880.31,CASH
CUST005145,5,Sports Fitness,12 00,Monday,3343.02,UPI
CUST005146,3,Books Stationery,05 19,Sunday,1726.71,CARD
CUST005147,5,Home Kitchen,03 12,Sunday,3478.41,CASH
CUST005148,4,Toys Games,17 08,Monday,3131.69,UPI
CUST005149,6,Electronics,07 27,Saturday,38800.14,UPI
CUST005150,2,Grocery,07 31,Tuesday,848.68,CARD
CUST005151,2,Fashion,08 30,Thursday,2579.62,UPI
CUST005152,2,Toys Games,00 58,Sunday,4926.20,CASH
CUST005153,1,Electronics,01 20,Thursday,7476.16,CARD
CUST005154,3,Sports Fitness,20 35,Wednesday,5543.44,CASH
CUST005155,1,Grocery,14 58,Thursday,2815.24,UPI
CUST005156,5,Home Kitchen,11 49,Friday,337.11,CARD
CUST005157,3,Beauty Personal Care,05 11,Monday,1655.38,UPI
CUST005158,3,Books Stationery,05 02,Tuesday,506.44,UPI
CUST005159,3,Electronics,20 44,Monday,18215.49,CASH
CUST005160,3,Grocery,23 56,Wednesday,1139.76,CARD
CUST005161,4,Healthcare,03 14,Wednesday,3821.96,UPI
CUST005162,2,Beauty Personal Care,13 41,Friday,2777.72,CASH
CUST005163,4,Electronics,20 17,Wednesday,8255.70,CASH
CUST005164,6,Food,02 46,Saturday,330.43,CARD
CUST005165,3,Beauty Personal Care,00 08,Thursday,2730.59,CASH
CUST005166,2,Beauty Personal Care,08 30,Tuesday,2127.32,CASH
CUST005167,4,Grocery,01 19,Wednesday,559.59,UPI
CUST005168,6,Food,03 59,Saturday,479.91,CARD
CUST005169,3,Beauty Personal Care,16 14,Wednesday,2298.73,CASH
CUST005170,3,Fashion,14 59,Tuesday,1628.90,UPI
CUST005171,6,Fashion,23 11,Wednesday,4738.06,UPI
CUST005172,5,Food,07 17,Saturday,387.05,UPI
CUST005173,3,Healthcare,09 24,Sunday,4582.26,UPI
CUST005174,2,Electronics,21 24,Thursday,14403.77,CARD
CUST005175,5,Fashion,11 37,Tuesday,951.74,CARD
CUST005176,3,Toys Games,18 24,Sunday,605.46,UPI
CUST005177,3,Grocery,07 42,Monday,2417.94,UPI
CUST005178,1,Home Kitchen,11 29,Friday,6905.63,CARD
CUST005179,2,Electronics,23 24,Saturday,11078.21,UPI
CUST005180,1,Grocery,13 44,Friday,1248.44,UPI
CUST005181,5,Toys Games,18 51,Friday,729.80,UPI
CUST005182,2,Home Kitchen,04 36,Wednesday,8768.34,UPI
CUST005183,5,Books Stationery,16 05,Sunday,960.03,CASH
CUST005184,4,Grocery,13 46,Sunday,2369.73,CASH
CUST005185,4,Healthcare,06 06,Saturday,1277.77,CASH
CUST005186,4,Electronics,00 20,Friday,47505.62,UPI
CUST005187,3,Electronics,09 48,Friday,42093.26,CARD
CUST005188,1,Home Kitchen,13 44,Monday,851.24,CARD
CUST005189,4,Electronics,21 21,Sunday,35245.68,CARD
CUST005190,1,Healthcare,01 10,Tuesday,3969.40,UPI
CUST005191,1,Electronics,10 59,Friday,25680.94,CASH
CUST005192,1,Books Stationery,23 25,Monday,1402.75,CARD
CUST005193,1,Food,13 40,Friday,442.77,CASH
CUST005194,5,Books Stationery,16 09,Monday,512.04,UPI
CUST005195,3,Beauty Personal Care,22 28,Sunday,2184.87,CASH
CUST005196,3,Electronics,16 11,Thursday,3274.83,CARD
CUST005197,6,Grocery,16 00,Wednesday,2299.67,UPI
CUST005198,1,Home Kitchen,22 29,Thursday,832.06,UPI
CUST005199,3,Grocery,17 11,Tuesday,1979.56,CASH
CUST005200,2,Toys Games,10 39,Thursday,2088.59,UPI
CUST005201,4,Healthcare,04 55,Thursday,1410.69,UPI
CUST005202,4,Home Kitchen,05 38,Friday,9305.66,UPI
CUST005203,6,Sports Fitness,15 52,Wednesday,12966.62,UPI
CUST005204,4,Books Stationery,22 23,Wednesday,1695.20,UPI
CUST005205,6,Food,11 11,Wednesday,412.10,CARD
CUST005206,1,Toys Games,05 10,Wednesday,2379.26,UPI
CUST005207,4,Healthcare,18 36,Friday,1150.04,CARD
CUST005208,6,Home Kitchen,17 24,Saturday,2544.71,UPI
CUST005209,5,Beauty Personal Care,18 06,Saturday,2674.17,CARD
CUST005210,3,Grocery,13 48,Thursday,1739.02,CASH
CUST005211,6,Home Kitchen,13 22,Wednesday,9024.65,CARD
CUST005212,5,Books Stationery,20 24,Saturday,1391.56,CASH
CUST005213,2,Beauty Personal Care,23 35,Wednesday,1288.02,CARD
CUST005214,4,Toys Games,08 14,Wednesday,2512.01,CARD
CUST005215,4,Grocery,15 23,Sunday,717.55,UPI
CUST005216,3,Sports Fitness,21 29,Tuesday,3581.94,CASH
CUST005217,2,Healthcare,12 25,Tuesday,3282.10,CARD
CUST005218,4,Electronics,19 11,Monday,20742.24,CASH
CUST005219,3,Toys Games,00 18,Tuesday,4364.71,CASH
CUST005220,3,Healthcare,03 25,Monday,1510.69,CARD
CUST005221,1,Food,13 13,Thursday,488.34,UPI
CUST005222,6,Home Kitchen,15 22,Thursday,7505.52,UPI
CUST005223,4,Books Stationery,02 17,Wednesday,1286.66,CARD
CUST005224,3,Fashion,20 00,Friday,3505.16,CARD
CUST005225,5,Fashion,12 25,Monday,1053.22,CARD
CUST005226,2,Electronics,07 59,Sunday,9272.01,UPI
CUST005227,2,Fashion,10 40,Saturday,1315.52,CARD
CUST005228,2,Sports Fitness,02 32,Saturday,3276.24,CARD
CUST005229,3,Fashion,20 00,Tuesday,4629.42,CASH
CUST005230,4,Healthcare,04 51,Thursday,1181.64,CASH
CUST005231,4,Sports Fitness,20 51,Saturday,4712.68,CARD
CUST005232,1,Healthcare,20 24,Monday,2234.14,UPI
CUST005233,2,Books Stationery,03 06,Sunday,1740.45,CASH
CUST005234,5,Sports Fitness,00 43,Friday,2415.86,UPI
CUST005235,5,Electronics,19 39,Tuesday,12189.93,UPI
CUST005236,4,Grocery,22 40,Monday,2878.18,CASH
CUST005237,2,Beauty Personal Care,09 37,Thursday,2037.85,UPI
CUST005238,2,Books Stationery,01 53,Saturday,1402.76,CARD
CUST005239,2,Electronics,07 52,Wednesday,30221.06,UPI
CUST005240,2,Sports Fitness,21 13,Thursday,9779.38,UPI
CUST005241,4,Toys Games,10 33,Friday,2465.58,CASH
CUST005242,3,Healthcare,19 13,Friday,1173.76,UPI
CUST005243,6,Home Kitchen,08 58,Wednesday,9345.59,CASH
CUST005244,5,Grocery,04 49,Sunday,158.88,CARD
CUST005245,6,Grocery,00 55,Thursday,1855.58,CARD
CUST005246,1,Healthcare,18 38,Sunday,464.25,CARD
CUST005247,1,Toys Games,07 20,Tuesday,2812.06,UPI
CUST005248,2,Books Stationery,11 39,Wednesday,1092.86,UPI
CUST005249,5,Healthcare,13 46,Saturday,1742.56,CARD
CUST005250,5,Electronics,22 33,Wednesday,45492.10,UPI
CUST005251,1,Food,01 09,Friday,475.98,UPI
CUST005252,3,Sports Fitness,00 05,Thursday,9640.82,UPI
CUST005253,4,Healthcare,17 00,Monday,4281.58,CASH
CUST005254,5,Fashion,05 40,Tuesday,1238.67,CARD
CUST005255,4,Fashion,01 43,Monday,2899.63,CASH
CUST005256,1,Toys Games,14 35,Friday,1257.96,CARD
CUST005257,1,Beauty Personal Care,08 19,Wednesday,2797.33,CARD
CUST005258,2,Healthcare,18 46,Sunday,4338.99,CASH
CUST005259,6,Sports Fitness,07 44,Friday,7240.69,CASH
CUST005260,5,Fashion,03 05,Friday,1357.81,UPI
CUST005261,4,Sports Fitness,04 50,Thursday,6138.27,CASH
CUST005262,5,Fashion,17 51,Tuesday,989.57,CASH
CUST005263,6,Healthcare,09 21,Monday,2128.85,CASH
CUST005264,6,Food,04 05,Thursday,723.80,CASH
CUST005265,3,Home Kitchen,19 59,Wednesday,5020.20,CASH
CUST005266,2,Beauty Personal Care,00 58,Sunday,983.77,CASH
CUST005267,4,Electronics,14 17,Friday,20796.51,UPI
CUST005268,3,Toys Games,01 00,Sunday,2786.21,CASH
CUST005269,2,Books Stationery,17 57,Sunday,448.82,CASH
CUST005270,2,Books Stationery,01 53,Tuesday,386.83,CARD
CUST005271,3,Grocery,04 18,Monday,2932.61,CARD
CUST005272,2,Books Stationery,05 55,Friday,941.52,UPI
CUST005273,2,Beauty Personal Care,16 12,Friday,953.29,UPI
CUST005274,3,Grocery,11 39,Tuesday,1825.96,CASH
CUST005275,4,Electronics,21 24,Sunday,23269.45,CASH
CUST005276,2,Healthcare,21 05,Friday,1402.16,UPI
CUST005277,3,Fashion,11 26,Sunday,2167.46,CASH
CUST005278,6,Electronics,07 59,Sunday,1306.62,CASH
CUST005279,1,Healthcare,07 46,Wednesday,3614.48,CASH
CUST005280,4,Electronics,18 43,Thursday,11986.58,UPI
CUST005281,4,Beauty Personal Care,16 27,Thursday,1370.02,UPI
CUST005282,3,Electronics,10 14,Sunday,10144.85,UPI
CUST005283,3,Toys Games,19 14,Sunday,4715.80,CARD
CUST005284,3,Fashion,20 31,Friday,2670.44,CASH
CUST005285,4,Grocery,03 27,Sunday,1216.26,CARD
CUST005286,5,Home Kitchen,12 25,Sunday,4683.51,CASH
CUST005287,5,Toys Games,00 44,Wednesday,4140.25,CARD
CUST005288,3,Home Kitchen,06 40,Saturday,7600.11,CASH
CUST005289,1,Fashion,01 08,Thursday,3316.25,CASH
CUST005290,6,Healthcare,21 42,Monday,2760.56,CASH
CUST005291,6,Food,00 16,Friday,355.40,UPI
CUST005292,5,Home Kitchen,11 04,Thursday,7747.73,CARD
CUST005293,3,Home Kitchen,10 14,Sunday,2731.48,CASH
CUST005294,6,Beauty Personal Care,09 34,Friday,2817.67,CASH
CUST005295,6,Grocery,12 23,Sunday,2266.43,CARD
CUST005296,1,Grocery,16 40,Monday,883.95,CARD
CUST005297,1,Healthcare,19 03,Saturday,4779.87,UPI
CUST005298,6,Grocery,17 10,Monday,951.84,CASH
CUST005299,2,Healthcare,04 20,Thursday,2406.46,UPI
CUST005300,4,Electronics,00 53,Friday,1063.78,UPI
CUST005301,2,Beauty Personal Care,19 26,Monday,1341.04,CASH
CUST005302,6,Home Kitchen,21 07,Thursday,3201.33,UPI
CUST005303,4,Food,04 42,Friday,169.90,CARD
CUST005304,1,Electronics,20 02,Friday,9009.21,CARD
CUST005305,2,Electronics,08 44,Sunday,39733.54,CARD
CUST005306,4,Fashion,04 15,Wednesday,2143.01,CARD
CUST005307,2,Electronics,19 55,Saturday,26627.38,UPI
CUST005308,1,Food,08 49,Wednesday,79.62,CARD
CUST005309,3,Sports Fitness,18 09,Wednesday,9444.30,CARD
CUST005310,2,Sports Fitness,04 35,Wednesday,11897.66,UPI
CUST005311,1,Beauty Personal Care,00 30,Sunday,303.30,UPI
CUST005312,3,Food,08 29,Tuesday,397.37,CARD
CUST005313,4,Sports Fitness,00 10,Thursday,7272.06,CASH
CUST005314,5,Home Kitchen,21 29,Sunday,1423.09,CASH
CUST005315,3,Sports Fitness,11 31,Monday,2126.96,CARD
CUST005316,3,Beauty Personal Care,17 38,Sunday,1304.38,UPI
CUST005317,5,Healthcare,23 22,Monday,2979.84,UPI
CUST005318,2,Beauty Personal Care,21 13,Friday,1074.39,CARD
CUST005319,1,Books Stationery,01 39,Sunday,1245.25,CASH
CUST005320,1,Books Stationery,10 57,Sunday,1550.10,UPI
CUST005321,4,Grocery,12 37,Thursday,2513.30,UPI
CUST005322,6,Toys Games,00 55,Tuesday,299.40,CASH
CUST005323,6,Beauty Personal Care,16 40,Thursday,1622.76,UPI
CUST005324,2,Grocery,11 23,Tuesday,2685.69,CARD
CUST005325,5,Beauty Personal Care,01 01,Sunday,2369.50,CASH
CUST005326,4,Fashion,07 07,Friday,2349.53,UPI
CUST005327,5,Sports Fitness,15 24,Saturday,10262.13,CASH
CUST005328,6,Sports Fitness,05 29,Tuesday,6718.70,CASH
CUST005329,3,Home Kitchen,15 41,Thursday,3178.50,CARD
CUST005330,1,Sports Fitness,16 51,Thursday,11039.20,CASH
CUST005331,1,Electronics,10 48,Thursday,38111.53,UPI
CUST005332,2,Grocery,12 43,Thursday,316.06,UPI
CUST005333,5,Home Kitchen,23 41,Monday,8558.77,UPI
CUST005334,5,Home Kitchen,08 05,Sunday,6128.18,UPI
CUST005335,5,Beauty Personal Care,06 15,Sunday,435.60,UPI
CUST005336,3,Food,03 00,Tuesday,527.02,CASH
CUST005337,5,Books Stationery,04 33,Friday,1463.36,CARD
CUST005338,5,Toys Games,16 58,Tuesday,3298.61,CARD
CUST005339,3,Healthcare,04 35,Friday,2173.64,UPI
CUST005340,5,Electronics,14 46,Monday,10945.62,UPI
CUST005341,1,Beauty Personal Care,02 13,Tuesday,911.22,CARD
CUST005342,6,Beauty Personal Care,23 58,Tuesday,2178.31,CASH
CUST005343,6,Home Kitchen,14 28,Saturday,5912.62,CASH
CUST005344,4,Fashion,01 11,Monday,4418.98,UPI
CUST005345,4,Toys Games,16 21,Thursday,3360.65,CARD
CUST005346,6,Fashion,13 36,Friday,1179.79,UPI
CUST005347,3,Sports Fitness,17 37,Tuesday,6888.91,UPI
CUST005348,5,Food,08 16,Tuesday,612.48,CARD
CUST005349,5,Food,09 31,Sunday,484.69,CARD
CUST005350,2,Books Stationery,04 25,Wednesday,1758.25,CARD
CUST005351,6,Fashion,11 29,Thursday,3046.43,UPI
CUST005352,1,Books Stationery,14 57,Saturday,811.65,CARD
CUST005353,4,Sports Fitness,20 38,Sunday,1392.18,UPI
CUST005354,4,Healthcare,01 15,Wednesday,842.99,CASH
CUST005355,1,Food,22 31,Sunday,720.06,UPI
CUST005356,6,Toys Games,15 05,Thursday,3889.66,CARD
CUST005357,5,Home Kitchen,15 47,Thursday,7328.82,UPI
CUST005358,1,Electronics,21 06,Tuesday,33884.32,CASH
CUST005359,4,Beauty Personal Care,07 10,Tuesday,2513.83,UPI
CUST005360,2,Food,22 14,Tuesday,550.74,CASH
CUST005361,1,Beauty Personal Care,08 56,Thursday,1756.94,CASH
CUST005362,1,Beauty Personal Care,14 18,Monday,2736.20,CARD
CUST005363,4,Sports Fitness,00 00,Friday,3923.58,UPI
CUST005364,6,Sports Fitness,02 58,Saturday,13102.41,UPI
CUST005365,2,Electronics,22 19,Friday,36454.37,UPI
CUST005366,4,Home Kitchen,06 39,Tuesday,1446.61,UPI
CUST005367,3,Food,21 48,Sunday,762.69,CASH
CUST005368,4,Sports Fitness,20 32,Monday,8340.73,UPI
CUST005369,3,Home Kitchen,13 28,Tuesday,966.27,CASH
CUST005370,3,Food,12 21,Friday,519.24,CARD
CUST005371,2,Toys Games,00 16,Wednesday,1065.31,CARD
CUST005372,3,Electronics,19 14,Friday,29365.42,UPI
CUST005373,1,Books Stationery,04 04,Monday,448.79,CARD
CUST005374,4,Electronics,12 30,Thursday,2352.56,UPI
CUST005375,4,Home Kitchen,10 32,Friday,5893.21,CASH
CUST005376,1,Home Kitchen,15 47,Friday,1433.05,UPI
CUST005377,1,Food,18 23,Tuesday,753.74,CARD
CUST005378,1,Grocery,00 32,Monday,1032.35,CASH
CUST005379,4,Sports Fitness,19 00,Tuesday,3733.91,CARD
CUST005380,2,Grocery,15 55,Tuesday,2819.07,CASH
CUST005381,1,Grocery,11 11,Saturday,2587.89,UPI
CUST005382,6,Beauty Personal Care,01 09,Monday,2345.69,CASH
CUST005383,4,Books Stationery,14 37,Friday,1479.72,CARD
CUST005384,4,Beauty Personal Care,10 47,Friday,617.17,UPI
CUST005385,4,Fashion,13 23,Saturday,719.14,CASH
CUST005386,4,Healthcare,07 06,Tuesday,644.63,UPI
CUST005387,1,Grocery,10 17,Saturday,2121.72,CARD
CUST005388,2,Fashion,04 07,Tuesday,3967.48,CARD
CUST005389,6,Books Stationery,18 17,Tuesday,1636.55,CASH
CUST005390,2,Books Stationery,16 23,Tuesday,436.52,CARD
CUST005391,3,Fashion,10 28,Sunday,4749.27,CASH
CUST005392,2,Electronics,08 06,Saturday,7845.77,UPI
CUST005393,1,Healthcare,09 02,Wednesday,3916.89,CASH
CUST005394,1,Sports Fitness,11 21,Thursday,10569.65,UPI
CUST005395,5,Toys Games,18 23,Thursday,806.37,UPI
CUST005396,3,Healthcare,17 28,Monday,2498.05,CASH
CUST005397,4,Sports Fitness,02 40,Monday,10466.25,CARD
CUST005398,1,Books Stationery,20 59,Friday,483.75,CARD
CUST005399,3,Electronics,16 33,Wednesday,34896.47,UPI
CUST005400,3,Food,05 37,Monday,732.53,UPI
CUST005401,6,Sports Fitness,02 00,Thursday,3432.94,CARD
CUST005402,2,Toys Games,06 02,Thursday,1270.98,CARD
CUST005403,5,Sports Fitness,09 29,Friday,7721.62,UPI
CUST005404,3,Beauty Personal Care,05 08,Saturday,2758.54,UPI
CUST005405,4,Home Kitchen,22 49,Tuesday,6263.77,CARD
CUST005406,2,Fashion,08 12,Sunday,4881.88,CARD
CUST005407,4,Healthcare,22 10,Tuesday,375.64,CASH
CUST005408,6,Electronics,15 44,Friday,12777.43,CASH
CUST005409,3,Grocery,13 18,Friday,743.09,CASH
CUST005410,3,Fashion,11 46,Friday,3380.93,UPI
CUST005411,2,Toys Games,21 53,Saturday,4987.91,CARD
CUST005412,5,Toys Games,06 10,Tuesday,4842.60,UPI
CUST005413,1,Healthcare,21 40,Thursday,4958.56,CARD
CUST005414,3,Books Stationery,17 31,Sunday,999.40,UPI
CUST005415,5,Books Stationery,12 35,Thursday,1834.02,UPI
CUST005416,1,Home Kitchen,22 45,Thursday,9054.96,CASH
CUST005417,3,Fashion,04 03,Friday,3198.33,UPI
CUST005418,1,Sports Fitness,10 02,Tuesday,12126.74,CASH
CUST005419,6,Toys Games,21 03,Monday,2803.14,CARD
CUST005420,5,Food,02 13,Monday,147.76,CASH
CUST005421,3,Healthcare,13 28,Tuesday,611.60,CARD
CUST005422,1,Toys Games,03 57,Saturday,2681.19,UPI
CUST005423,3,Grocery,17 50,Wednesday,1466.18,CASH
CUST005424,6,Beauty Personal Care,00 02,Friday,550.63,UPI
CUST005425,2,Beauty Personal Care,04 55,Sunday,557.28,CARD
CUST005426,5,Beauty Personal Care,13 31,Tuesday,1938.11,CARD
CUST005427,6,Healthcare,03 10,Friday,373.09,UPI
CUST005428,2,Healthcare,14 06,Thursday,3436.49,CARD
CUST005429,2,Beauty Personal Care,16 48,Saturday,555.49,UPI
CUST005430,3,Sports Fitness,18 58,Tuesday,12915.65,CASH
CUST005431,1,Food,20 04,Friday,301.45,CARD
CUST005432,2,Electronics,01 47,Thursday,38158.57,UPI
CUST005433,6,Toys Games,10 22,Saturday,4755.65,CASH
CUST005434,2,Home Kitchen,01 47,Wednesday,3092.20,CARD
CUST005435,5,Home Kitchen,15 47,Monday,2205.50,CASH
CUST005436,2,Healthcare,14 55,Saturday,858.83,CARD
CUST005437,6,Home Kitchen,00 11,Wednesday,7698.89,CASH
CUST005438,5,Food,04 49,Wednesday,107.65,CASH
CUST005439,4,Food,17 10,Sunday,258.23,CASH
CUST005440,4,Healthcare,08 20,Friday,887.02,UPI
CUST005441,1,Toys Games,16 42,Monday,390.66,UPI
CUST005442,2,Fashion,21 57,Sunday,4071.10,CARD
CUST005443,5,Healthcare,04 08,Saturday,1260.59,CARD
CUST005444,3,Books Stationery,11 59,Thursday,1987.79,CARD
CUST005445,5,Food,13 33,Sunday,554.17,CASH
CUST005446,5,Beauty Personal Care,23 19,Thursday,1948.83,UPI
CUST005447,4,Fashion,08 34,Saturday,3972.09,CARD
CUST005448,5,Home Kitchen,19 21,Monday,591.48,CARD
CUST005449,1,Fashion,10 04,Sunday,2847.22,CASH
CUST005450,2,Books Stationery,23 18,Monday,192.47,CASH
CUST005451,2,Home Kitchen,07 40,Friday,2608.66,CASH
CUST005452,5,Electronics,06 13,Monday,40104.88,CASH
CUST005453,1,Beauty Personal Care,02 42,Tuesday,2903.17,CARD
CUST005454,6,Grocery,21 10,Sunday,2448.25,CARD
CUST005455,4,Fashion,09 11,Friday,1535.50,CASH
CUST005456,4,Beauty Personal Care,15 45,Tuesday,1241.87,CARD
CUST005457,2,Grocery,08 41,Friday,961.12,CARD
CUST005458,3,Grocery,23 50,Sunday,1568.26,CASH
CUST005459,3,Books Stationery,15 44,Thursday,1880.04,CASH
CUST005460,6,Books Stationery,20 13,Tuesday,507.62,CARD
CUST005461,6,Food,09 16,Friday,215.22,UPI
CUST005462,1,Books Stationery,02 57,Wednesday,150.21,CARD
CUST005463,5,Grocery,11 54,Monday,395.24,UPI
CUST005464,1,Electronics,06 12,Tuesday,31891.79,CARD
CUST005465,6,Food,23 50,Monday,717.95,UPI
CUST005466,6,Food,22 29,Wednesday,297.45,UPI
CUST005467,6,Home Kitchen,01 43,Tuesday,9521.02,CARD
CUST005468,2,Beauty Personal Care,03 04,Thursday,761.84,CARD
CUST005469,6,Toys Games,15 30,Friday,2262.67,CARD
CUST005470,2,Beauty Personal Care,11 49,Friday,580.51,CARD
CUST005471,2,Toys Games,06 09,Wednesday,950.88,CASH
CUST005472,1,Grocery,10 38,Saturday,979.13,CARD
CUST005473,4,Home Kitchen,02 36,Saturday,6797.54,CARD
CUST005474,5,Food,18 10,Wednesday,640.34,CASH
CUST005475,3,Food,19 43,Sunday,153.72,CARD
CUST005476,2,Grocery,12 49,Friday,1342.93,CASH
CUST005477,3,Home Kitchen,23 01,Friday,9279.55,CARD
CUST005478,2,Beauty Personal Care,03 13,Tuesday,715.45,CARD
CUST005479,3,Toys Games,03 35,Saturday,3886.23,UPI
CUST005480,5,Sports Fitness,18 55,Wednesday,4574.66,CARD
CUST005481,4,Beauty Personal Care,10 07,Friday,2936.09,UPI
CUST005482,1,Beauty Personal Care,02 44,Saturday,2648.58,CARD
CUST005483,5,Sports Fitness,17 45,Monday,2699.44,CARD
CUST005484,2,Electronics,05 34,Friday,26496.59,CARD
CUST005485,6,Beauty Personal Care,06 56,Saturday,1570.55,UPI
CUST005486,6,Beauty Personal Care,21 32,Monday,1715.10,CARD
CUST005487,6,Fashion,03 08,Thursday,3821.03,CASH
CUST005488,6,Toys Games,12 05,Wednesday,3509.84,UPI
CUST005489,5,Food,02 58,Sunday,524.65,UPI
CUST005490,4,Electronics,23 18,Friday,6270.08,UPI
CUST005491,6,Beauty Personal Care,11 24,Tuesday,504.32,UPI
CUST005492,3,Books Stationery,13 48,Tuesday,1123.23,CASH
CUST005493,5,Sports Fitness,21 54,Tuesday,3904.85,UPI
CUST005494,3,Beauty Personal Care,23 30,Tuesday,1754.33,UPI
CUST005495,3,Beauty Personal Care,12 56,Sunday,641.15,UPI
CUST005496,4,Books Stationery,02 35,Monday,539.26,UPI
CUST005497,2,Fashion,18 34,Friday,3442.36,CARD
CUST005498,5,Home Kitchen,12 01,Saturday,8766.43,UPI
CUST005499,6,Home Kitchen,20 33,Sunday,6476.70,UPI
CUST005500,3,Grocery,04 14,Friday,1236.27,CARD
CUST005501,6,Grocery,14 32,Monday,957.09,UPI
CUST005502,2,Food,11 57,Tuesday,429.06,UPI
CUST005503,5,Food,18 21,Friday,477.49,CARD
CUST005504,2,Sports Fitness,02 23,Wednesday,12033.50,CARD
CUST005505,5,Beauty Personal Care,09 40,Sunday,523.38,CARD
CUST005506,5,Books Stationery,14 31,Monday,536.78,CARD
CUST005507,2,Toys Games,23 20,Friday,723.04,CARD
CUST005508,2,Electronics,09 12,Wednesday,27872.78,CARD
CUST005509,3,Grocery,11 06,Thursday,2082.64,CARD
CUST005510,5,Toys Games,21 58,Sunday,2164.71,CARD
CUST005511,6,Books Stationery,23 16,Wednesday,190.00,CASH
CUST005512,3,Toys Games,02 32,Friday,3799.39,UPI
CUST005513,3,Beauty Personal Care,18 13,Wednesday,1528.13,UPI
CUST005514,2,Toys Games,06 06,Friday,4703.22,CASH
CUST005515,5,Toys Games,00 23,Friday,983.44,CASH
CUST005516,4,Sports Fitness,21 27,Tuesday,961.38,UPI
CUST005517,2,Electronics,17 42,Tuesday,15280.15,CASH
CUST005518,4,Fashion,01 56,Saturday,1763.04,UPI
CUST005519,4,Grocery,00 41,Thursday,2253.26,CARD
CUST005520,1,Home Kitchen,13 47,Tuesday,2221.01,CASH
CUST005521,3,Fashion,12 27,Friday,1153.04,CARD
CUST005522,3,Healthcare,21 29,Wednesday,3971.95,CARD
CUST005523,2,Electronics,16 56,Tuesday,20274.34,UPI
CUST005524,6,Food,17 36,Thursday,278.69,CARD
CUST005525,5,Beauty Personal Care,22 29,Saturday,1723.07,CARD
CUST005526,5,Grocery,15 09,Sunday,1578.64,UPI
CUST005527,1,Home Kitchen,13 07,Monday,3409.49,CASH
CUST005528,4,Grocery,18 01,Saturday,454.33,CARD
CUST005529,5,Books Stationery,01 21,Monday,947.49,CARD
CUST005530,2,Fashion,13 35,Monday,4408.21,CARD
CUST005531,4,Sports Fitness,01 16,Monday,10861.33,CASH
CUST005532,2,Grocery,17 32,Sunday,1522.12,UPI
CUST005533,4,Healthcare,12 21,Wednesday,4595.48,UPI
CUST005534,1,Beauty Personal Care,19 37,Sunday,2626.65,CARD
CUST005535,6,Books Stationery,04 20,Thursday,1019.36,CASH
CUST005536,4,Electronics,09 24,Thursday,7197.62,UPI
CUST005537,1,Sports Fitness,09 52,Tuesday,10933.12,CARD
CUST005538,2,Fashion,15 24,Sunday,3793.39,CASH
CUST005539,4,Books Stationery,10 28,Wednesday,113.71,CARD
CUST005540,6,Toys Games,06 02,Monday,3506.42,CASH
CUST005541,6,Home Kitchen,11 50,Friday,2411.71,UPI
CUST005542,5,Sports Fitness,08 04,Monday,12481.86,CASH
CUST005543,6,Food,21 27,Monday,438.38,CARD
CUST005544,4,Grocery,08 24,Wednesday,466.59,CASH
CUST005545,4,Fashion,00 24,Thursday,3309.78,UPI
CUST005546,4,Food,14 40,Monday,465.84,CASH
CUST005547,1,Home Kitchen,13 55,Friday,1176.62,CASH
CUST005548,4,Electronics,14 37,Sunday,9041.26,CASH
CUST005549,3,Electronics,22 11,Friday,43873.15,CASH
CUST005550,2,Books Stationery,23 29,Sunday,646.86,CARD
CUST005551,1,Sports Fitness,13 57,Wednesday,11773.77,CASH
CUST005552,1,Books Stationery,17 09,Monday,1448.58,CASH
CUST005553,6,Beauty Personal Care,07 38,Tuesday,594.30,CASH
CUST005554,6,Food,09 06,Thursday,311.57,UPI
CUST005555,6,Home Kitchen,16 42,Monday,3798.03,UPI
CUST005556,5,Electronics,01 26,Wednesday,49102.94,CASH
CUST005557,1,Fashion,02 00,Monday,3937.18,UPI
CUST005558,2,Food,04 52,Tuesday,623.41,CARD
CUST005559,6,Healthcare,04 42,Thursday,3500.49,UPI
CUST005560,1,Home Kitchen,11 05,Sunday,403.30,UPI
CUST005561,5,Sports Fitness,19 02,Thursday,11899.20,UPI
CUST005562,2,Fashion,07 51,Wednesday,1435.14,CASH
CUST005563,1,Electronics,07 55,Thursday,48592.00,CASH
CUST005564,1,Toys Games,10 33,Wednesday,3620.84,CASH
CUST005565,1,Home Kitchen,08 58,Monday,1925.03,UPI
CUST005566,1,Toys Games,15 10,Sunday,2546.64,CASH
CUST005567,4,Healthcare,18 32,Saturday,1736.52,CARD
CUST005568,2,Grocery,22 27,Friday,2774.61,CASH
CUST005569,2,Sports Fitness,19 59,Tuesday,8549.09,UPI
CUST005570,3,Beauty Personal Care,21 58,Tuesday,1356.48,UPI
CUST005571,3,Sports Fitness,15 55,Sunday,10764.29,CASH
CUST005572,6,Home Kitchen,11 28,Thursday,5041.96,CASH
CUST005573,2,Home Kitchen,20 09,Wednesday,5272.15,CARD
CUST005574,4,Sports Fitness,08 28,Thursday,5795.58,UPI
CUST005575,4,Healthcare,20 47,Friday,3319.02,CASH
CUST005576,3,Food,04 42,Sunday,445.87,UPI
CUST005577,5,Fashion,14 37,Thursday,3633.12,CASH
CUST005578,5,Beauty Personal Care,17 56,Monday,873.92,CARD
CUST005579,6,Books Stationery,17 15,Sunday,779.71,CARD
CUST005580,4,Sports Fitness,22 26,Thursday,10406.20,UPI
CUST005581,1,Toys Games,07 32,Monday,4157.39,CASH
CUST005582,3,Fashion,07 08,Monday,3765.25,CASH
CUST005583,5,Sports Fitness,11 06,Saturday,10055.98,CASH
CUST005584,3,Fashion,11 44,Thursday,4309.47,CARD
CUST005585,6,Grocery,22 43,Thursday,280.19,UPI
CUST005586,6,Toys Games,13 08,Thursday,4268.02,UPI
CUST005587,3,Healthcare,17 31,Sunday,2740.55,CASH
CUST005588,2,Beauty Personal Care,04 53,Monday,767.56,CASH
CUST005589,4,Sports Fitness,16 59,Thursday,3536.46,CARD
CUST005590,2,Home Kitchen,04 22,Friday,6367.17,CASH
CUST005591,1,Healthcare,01 33,Wednesday,4810.49,CARD
CUST005592,5,Sports Fitness,06 30,Thursday,7206.93,CARD
CUST005593,4,Food,21 24,Monday,636.47,CASH
CUST005594,6,Sports Fitness,12 28,Wednesday,13928.60,UPI
CUST005595,1,Fashion,13 21,Wednesday,1746.45,CARD
CUST005596,3,Healthcare,04 43,Monday,3649.43,CASH
CUST005597,4,Grocery,06 17,Monday,2677.96,UPI
CUST005598,5,Food,08 02,Thursday,199.99,CASH
CUST005599,5,Electronics,03 18,Tuesday,33695.28,CASH
CUST005600,6,Beauty Personal Care,09 11,Monday,1707.34,CARD
CUST005601,5,Fashion,11 09,Monday,4301.71,UPI
CUST005602,2,Healthcare,04 50,Wednesday,4823.73,UPI
CUST005603,3,Books Stationery,21 03,Monday,331.90,CASH
CUST005604,5,Healthcare,15 13,Friday,738.13,CARD
CUST005605,3,Beauty Personal Care,15 16,Friday,578.57,CARD
CUST005606,4,Home Kitchen,13 58,Saturday,4860.42,CASH
CUST005607,5,Fashion,16 53,Thursday,2846.23,UPI
CUST005608,4,Fashion,10 46,Tuesday,2853.26,UPI
CUST005609,2,Sports Fitness,18 29,Tuesday,3060.55,CARD
CUST005610,6,Toys Games,05 24,Friday,4292.83,CARD
CUST005611,6,Home Kitchen,07 32,Thursday,7426.51,UPI
CUST005612,2,Books Stationery,07 30,Thursday,1079.07,UPI
CUST005613,4,Home Kitchen,14 02,Sunday,6511.09,CARD
CUST005614,5,Sports Fitness,17 14,Friday,14360.14,CARD
CUST005615,5,Beauty Personal Care,13 23,Sunday,2528.42,CASH
CUST005616,3,Toys Games,17 56,Monday,2392.06,UPI
CUST005617,2,Beauty Personal Care,01 44,Wednesday,2325.11,CASH
CUST005618,4,Beauty Personal Care,17 23,Wednesday,1676.54,CASH
CUST005619,2,Books Stationery,23 39,Wednesday,132.22,CASH
CUST005620,6,Fashion,12 54,Saturday,4576.39,CASH
CUST005621,3,Books Stationery,04 16,Friday,666.39,UPI
CUST005622,6,Food,19 14,Friday,363.92,CASH
CUST005623,2,Food,03 15,Wednesday,759.53,UPI
CUST005624,4,Healthcare,13 03,Monday,172.11,CARD
CUST005625,5,Healthcare,22 28,Sunday,283.53,UPI
CUST005626,4,Healthcare,18 36,Saturday,2927.01,CASH
CUST005627,1,Toys Games,00 57,Tuesday,3041.21,UPI
CUST005628,2,Sports Fitness,08 24,Wednesday,13890.64,CASH
CUST005629,2,Books Stationery,02 09,Tuesday,1508.03,CASH
CUST005630,5,Sports Fitness,00 32,Friday,3312.47,CASH
CUST005631,1,Grocery,05 48,Monday,2036.04,CASH
CUST005632,4,Toys Games,17 32,Thursday,2476.15,CASH
CUST005633,6,Food,05 32,Friday,717.91,CARD
CUST005634,6,Beauty Personal Care,07 41,Friday,407.52,CARD
CUST005635,3,Healthcare,06 05,Wednesday,3642.15,CASH
CUST005636,5,Sports Fitness,20 24,Monday,5426.72,CARD
CUST005637,1,Food,09 57,Wednesday,340.95,CASH
CUST005638,1,Fashion,12 07,Thursday,4554.76,CASH
CUST005639,5,Healthcare,12 31,Monday,3948.97,CASH
CUST005640,6,Healthcare,09 24,Thursday,4994.41,CASH
CUST005641,1,Fashion,10 24,Thursday,821.82,UPI
CUST005642,6,Toys Games,07 31,Thursday,761.88,CARD
CUST005643,3,Food,03 52,Saturday,579.48,UPI
CUST005644,4,Healthcare,16 44,Sunday,1105.70,CARD
CUST005645,4,Beauty Personal Care,13 37,Sunday,1674.86,CASH
CUST005646,3,Fashion,17 35,Monday,1643.97,CARD
CUST005647,3,Electronics,06 34,Saturday,9347.06,UPI
CUST005648,5,Healthcare,10 50,Friday,4097.30,CASH
CUST005649,6,Toys Games,21 18,Thursday,2008.79,CASH
CUST005650,2,Fashion,12 46,Sunday,4477.40,CASH
CUST005651,3,Home Kitchen,08 05,Friday,1448.71,CARD
CUST005652,6,Books Stationery,19 20,Tuesday,1864.90,CASH
CUST005653,6,Home Kitchen,15 10,Friday,2302.17,UPI
CUST005654,1,Sports Fitness,06 05,Friday,1224.26,CASH
CUST005655,6,Books Stationery,22 58,Friday,1655.88,CASH
CUST005656,3,Toys Games,08 37,Thursday,4429.54,CARD
CUST005657,5,Grocery,07 19,Wednesday,1075.83,CARD
CUST005658,6,Toys Games,14 00,Thursday,3594.34,UPI
CUST005659,5,Sports Fitness,18 18,Friday,2627.74,CARD
CUST005660,2,Grocery,05 18,Wednesday,191.94,CARD
CUST005661,1,Healthcare,03 50,Wednesday,4804.22,CARD
CUST005662,6,Toys Games,00 49,Monday,4358.03,UPI
CUST005663,3,Books Stationery,16 57,Wednesday,1812.81,CASH
CUST005664,5,Electronics,00 46,Wednesday,37673.91,UPI
CUST005665,1,Healthcare,21 51,Wednesday,3269.42,CASH
CUST005666,6,Electronics,07 27,Saturday,35447.80,CASH
CUST005667,3,Fashion,14 56,Monday,4129.10,CASH
CUST005668,4,Books Stationery,13 36,Sunday,828.02,UPI
CUST005669,1,Books Stationery,05 19,Saturday,1997.66,UPI
CUST005670,5,Electronics,12 16,Sunday,31345.83,CARD
CUST005671,5,Toys Games,21 30,Thursday,2922.23,CASH
CUST005672,5,Beauty Personal Care,00 00,Tuesday,1606.79,UPI
CUST005673,6,Fashion,04 15,Saturday,3005.48,CARD
CUST005674,3,Food,13 30,Sunday,396.61,CARD
CUST005675,1,Grocery,23 52,Monday,1337.01,CASH
CUST005676,4,Electronics,16 21,Tuesday,19166.85,CASH
CUST005677,2,Healthcare,11 56,Thursday,1156.45,CASH
CUST005678,5,Toys Games,20 06,Saturday,3023.03,CARD
CUST005679,5,Fashion,00 55,Thursday,2607.39,UPI
CUST005680,5,Fashion,09 52,Friday,3722.35,CARD
CUST005681,4,Grocery,10 35,Friday,1463.78,CASH
CUST005682,2,Grocery,13 31,Friday,1359.54,CASH
CUST005683,6,Beauty Personal Care,00 58,Friday,1429.17,CARD
CUST005684,1,Toys Games,01 09,Saturday,1735.27,UPI
CUST005685,1,Sports Fitness,02 44,Saturday,2601.13,UPI
CUST005686,6,Grocery,12 41,Tuesday,1866.76,UPI
CUST005687,1,Beauty Personal Care,23 25,Tuesday,1194.03,UPI
CUST005688,1,Beauty Personal Care,07 05,Tuesday,250.85,CASH
CUST005689,4,Books Stationery,10 52,Monday,1332.27,UPI
CUST005690,2,Food,15 59,Thursday,749.33,UPI
CUST005691,1,Electronics,07 34,Thursday,4912.36,CASH
CUST005692,5,Books Stationery,07 01,Monday,289.91,UPI
CUST005693,5,Electronics,21 59,Wednesday,31736.60,UPI
CUST005694,4,Books Stationery,11 55,Monday,851.19,UPI
CUST005695,5,Electronics,23 19,Sunday,17211.56,CASH
CUST005696,4,Home Kitchen,03 03,Sunday,689.30,CASH
CUST005697,6,Electronics,07 24,Monday,38976.47,CARD
CUST005698,2,Fashion,06 30,Saturday,1388.18,UPI
CUST005699,1,Beauty Personal Care,19 10,Wednesday,1012.74,CARD
CUST005700,6,Beauty Personal Care,06 34,Monday,1425.79,CASH
CUST005701,1,Healthcare,03 11,Thursday,4909.76,UPI
CUST005702,2,Food,12 55,Sunday,150.46,UPI
CUST005703,4,Healthcare,01 41,Friday,858.89,CASH
CUST005704,2,Sports Fitness,16 37,Friday,8655.39,CASH
CUST005705,2,Fashion,05 10,Tuesday,3163.08,CARD
CUST005706,4,Toys Games,18 43,Wednesday,4586.38,CASH
CUST005707,1,Healthcare,12 24,Sunday,1880.54,UPI
CUST005708,5,Electronics,11 01,Thursday,34343.68,CASH
CUST005709,5,Fashion,09 32,Sunday,4295.90,CARD
CUST005710,6,Books Stationery,08 05,Friday,1242.14,CASH
CUST005711,5,Beauty Personal Care,07 36,Thursday,728.81,UPI
CUST005712,4,Toys Games,01 33,Friday,1519.17,UPI
CUST005713,4,Books Stationery,11 02,Monday,1352.85,CARD
CUST005714,1,Electronics,04 05,Friday,19101.49,CASH
CUST005715,3,Healthcare,02 06,Wednesday,2013.33,UPI
CUST005716,6,Sports Fitness,12 43,Friday,13192.28,CASH
CUST005717,2,Food,02 08,Saturday,681.12,CARD
CUST005718,2,Electronics,02 43,Saturday,8395.27,UPI
CUST005719,6,Grocery,12 48,Friday,2067.87,CASH
CUST005720,4,Fashion,00 45,Monday,4147.81,CARD
CUST005721,6,Fashion,18 55,Tuesday,3976.16,CARD
CUST005722,2,Toys Games,02 20,Thursday,3724.47,CASH
CUST005723,6,Fashion,15 16,Monday,1894.17,CASH
CUST005724,5,Beauty Personal Care,09 33,Saturday,2042.32,UPI
CUST005725,6,Grocery,12 44,Saturday,321.47,UPI
CUST005726,5,Books Stationery,19 20,Friday,1434.43,CARD
CUST005727,4,Toys Games,14 50,Monday,1562.63,UPI
CUST005728,3,Books Stationery,12 34,Wednesday,864.30,UPI
CUST005729,1,Books Stationery,22 40,Sunday,263.23,CASH
CUST005730,5,Books Stationery,07 34,Sunday,1468.43,UPI
CUST005731,5,Healthcare,09 47,Monday,1928.95,UPI
CUST005732,4,Books Stationery,21 37,Wednesday,802.09,CARD
CUST005733,4,Grocery,01 17,Tuesday,2802.06,UPI
CUST005734,1,Home Kitchen,12 33,Thursday,9808.24,CASH
CUST005735,4,Home Kitchen,01 25,Sunday,3741.75,UPI
CUST005736,4,Healthcare,14 50,Thursday,2768.85,CASH
CUST005737,2,Grocery,23 11,Sunday,2371.68,CARD
CUST005738,3,Sports Fitness,11 22,Monday,12064.83,UPI
CUST005739,5,Books Stationery,08 18,Saturday,1791.71,CARD
CUST005740,5,Electronics,21 32,Sunday,27095.87,CARD
CUST005741,2,Toys Games,22 14,Friday,4367.02,UPI
CUST005742,1,Food,03 47,Wednesday,105.60,CARD
CUST005743,3,Healthcare,07 43,Tuesday,416.68,UPI
CUST005744,6,Toys Games,23 37,Sunday,4081.82,CASH
CUST005745,1,Electronics,16 11,Saturday,2314.45,UPI
CUST005746,6,Grocery,14 47,Thursday,1027.95,CARD
CUST005747,4,Beauty Personal Care,02 54,Wednesday,1742.00,UPI
CUST005748,6,Books Stationery,02 20,Thursday,117.59,CARD
CUST005749,1,Books Stationery,08 27,Sunday,791.79,CARD
CUST005750,1,Fashion,12 06,Monday,3769.45,CASH
CUST005751,2,Sports Fitness,17 10,Tuesday,11421.95,CARD
CUST005752,1,Fashion,07 21,Thursday,3267.20,CARD
CUST005753,6,Books Stationery,12 39,Monday,467.39,CASH
CUST005754,3,Grocery,05 09,Saturday,1284.95,CARD
CUST005755,4,Healthcare,18 28,Saturday,4323.48,UPI
CUST005756,4,Beauty Personal Care,08 09,Monday,362.79,UPI
CUST005757,1,Healthcare,11 07,Thursday,4299.16,CARD
CUST005758,2,Home Kitchen,14 39,Thursday,8416.34,CARD
CUST005759,2,Home Kitchen,13 05,Sunday,2808.77,UPI
CUST005760,5,Food,16 20,Thursday,636.29,CASH
CUST005761,3,Sports Fitness,11 18,Sunday,7355.46,UPI
CUST005762,5,Healthcare,05 49,Saturday,3656.31,CARD
CUST005763,4,Beauty Personal Care,12 59,Friday,2053.89,CASH
CUST005764,4,Fashion,20 48,Thursday,4562.22,UPI
CUST005765,1,Home Kitchen,23 43,Tuesday,2261.85,UPI
CUST005766,2,Grocery,08 58,Tuesday,2745.97,UPI
CUST005767,6,Beauty Personal Care,01 17,Saturday,1959.92,CASH
CUST005768,2,Sports Fitness,04 03,Friday,7523.55,UPI
CUST005769,6,Toys Games,11 03,Thursday,1735.73,UPI
CUST005770,3,Beauty Personal Care,02 43,Sunday,1020.47,CASH
CUST005771,5,Healthcare,21 57,Sunday,3664.45,CASH
CUST005772,1,Sports Fitness,15 07,Tuesday,4123.97,UPI
CUST005773,3,Sports Fitness,17 53,Monday,8700.12,UPI
CUST005774,4,Home Kitchen,20 34,Friday,4033.90,CARD
CUST005775,5,Food,18 10,Sunday,745.33,UPI
CUST005776,3,Grocery,01 11,Friday,970.65,UPI
CUST005777,6,Fashion,19 02,Sunday,3109.04,CASH
CUST005778,5,Fashion,15 39,Monday,2737.32,CARD
CUST005779,4,Home Kitchen,05 24,Tuesday,4994.36,UPI
CUST005780,4,Home Kitchen,02 22,Tuesday,7284.02,CASH
CUST005781,5,Healthcare,13 52,Wednesday,4976.74,CASH
CUST005782,1,Fashion,09 22,Tuesday,789.27,CASH
CUST005783,2,Fashion,01 02,Wednesday,3947.07,UPI
CUST005784,3,Food,19 31,Thursday,57.43,UPI
CUST005785,4,Books Stationery,08 06,Saturday,338.85,CASH
CUST005786,1,Home Kitchen,02 54,Thursday,9871.88,CARD
CUST005787,4,Home Kitchen,07 33,Friday,3599.56,UPI
CUST005788,2,Books Stationery,21 50,Tuesday,1670.40,UPI
CUST005789,2,Food,01 31,Thursday,338.39,CASH
CUST005790,6,Sports Fitness,10 44,Wednesday,12738.85,CASH
CUST005791,5,Beauty Personal Care,23 03,Friday,1079.88,UPI
CUST005792,5,Sports Fitness,07 30,Friday,10531.92,UPI
CUST005793,5,Electronics,12 54,Sunday,18028.48,CASH
CUST005794,3,Books Stationery,08 23,Friday,384.75,CASH
CUST005795,1,Sports Fitness,08 25,Saturday,7825.70,CARD
CUST005796,3,Beauty Personal Care,08 48,Monday,2501.74,UPI
CUST005797,2,Electronics,10 16,Saturday,13609.90,CARD
CUST005798,5,Grocery,08 23,Friday,2315.69,CASH
CUST005799,5,Home Kitchen,15 04,Friday,685.31,CARD
CUST005800,4,Toys Games,12 27,Tuesday,2331.90,CARD
CUST005801,2,Home Kitchen,08 39,Wednesday,526.46,CARD
CUST005802,2,Healthcare,08 26,Sunday,2513.17,UPI
CUST005803,2,Toys Games,04 48,Monday,1393.62,CASH
CUST005804,6,Sports Fitness,06 51,Monday,3642.68,CASH
CUST005805,4,Food,05 46,Saturday,581.99,CARD
CUST005806,3,Sports Fitness,11 44,Thursday,6793.23,CARD
CUST005807,4,Home Kitchen,13 13,Sunday,339.98,CASH
CUST005808,6,Toys Games,02 03,Thursday,3749.08,CARD
CUST005809,2,Beauty Personal Care,19 59,Wednesday,2961.02,CARD
CUST005810,5,Beauty Personal Care,02 22,Thursday,1923.99,UPI
CUST005811,1,Sports Fitness,09 50,Wednesday,1184.22,CASH
CUST005812,6,Sports Fitness,14 20,Friday,2073.36,UPI
CUST005813,5,Food,09 41,Tuesday,796.95,CARD
CUST005814,6,Grocery,12 00,Sunday,1361.66,UPI
CUST005815,2,Toys Games,20 36,Friday,2147.08,CASH
CUST005816,1,Fashion,01 19,Saturday,4847.63,CARD
CUST005817,3,Healthcare,05 33,Monday,2511.53,CARD
CUST005818,1,Sports Fitness,18 28,Sunday,6193.31,UPI
CUST005819,2,Beauty Personal Care,19 07,Monday,1126.61,CARD
CUST005820,6,Toys Games,18 12,Saturday,3319.38,UPI
CUST005821,3,Fashion,19 16,Monday,3559.23,CASH
CUST005822,5,Food,03 54,Wednesday,727.15,UPI
CUST005823,5,Home Kitchen,16 43,Sunday,3009.87,UPI
CUST005824,3,Healthcare,00 11,Monday,3774.63,CARD
CUST005825,4,Beauty Personal Care,11 12,Saturday,479.60,CARD
CUST005826,4,Healthcare,06 58,Tuesday,1448.01,CARD
CUST005827,4,Home Kitchen,04 00,Saturday,5646.64,CARD
CUST005828,3,Beauty Personal Care,02 15,Sunday,2970.39,UPI
CUST005829,6,Healthcare,10 34,Friday,3750.89,UPI
CUST005830,3,Healthcare,06 27,Sunday,1066.79,CASH
CUST005831,2,Books Stationery,12 38,Sunday,519.93,CASH
CUST005832,2,Toys Games,04 27,Friday,2972.76,UPI
CUST005833,1,Healthcare,18 37,Sunday,2461.62,CARD
CUST005834,4,Books Stationery,23 24,Friday,183.12,CARD
CUST005835,2,Food,00 03,Sunday,636.56,CARD
CUST005836,1,Home Kitchen,09 42,Thursday,4929.05,CASH
CUST005837,5,Fashion,23 33,Monday,980.58,CARD
CUST005838,3,Books Stationery,16 13,Tuesday,598.81,CASH
CUST005839,3,Home Kitchen,13 46,Thursday,2486.19,CASH
CUST005840,3,Food,20 12,Tuesday,295.65,CASH
CUST005841,5,Books Stationery,00 22,Saturday,1838.11,CARD
CUST005842,5,Books Stationery,06 23,Sunday,245.21,CASH
CUST005843,3,Healthcare,14 40,Thursday,1267.60,UPI
CUST005844,2,Grocery,09 21,Sunday,812.23,UPI
CUST005845,6,Books Stationery,23 31,Monday,1317.24,UPI
CUST005846,1,Healthcare,04 42,Wednesday,3581.91,CASH
CUST005847,4,Electronics,11 27,Wednesday,33452.26,CASH
CUST005848,1,Fashion,15 18,Monday,1807.04,CARD
CUST005849,3,Books Stationery,17 48,Wednesday,839.28,CASH
CUST005850,5,Grocery,21 08,Tuesday,411.62,UPI
CUST005851,4,Sports Fitness,07 17,Tuesday,13265.36,CASH
CUST005852,1,Beauty Personal Care,10 45,Monday,2651.89,CASH
CUST005853,6,Home Kitchen,02 12,Saturday,4024.39,UPI
CUST005854,3,Healthcare,08 14,Tuesday,4973.47,UPI
CUST005855,6,Toys Games,12 24,Friday,406.80,UPI
CUST005856,4,Home Kitchen,22 10,Friday,5275.73,CASH
CUST005857,6,Grocery,03 58,Sunday,1764.32,CASH
CUST005858,4,Sports Fitness,08 41,Wednesday,11068.91,UPI
CUST005859,1,Electronics,04 59,Sunday,14269.44,CASH
CUST005860,3,Electronics,19 19,Sunday,11549.98,UPI
CUST005861,2,Healthcare,09 50,Saturday,3359.41,CARD
CUST005862,2,Fashion,11 38,Friday,2116.86,UPI
CUST005863,4,Beauty Personal Care,10 16,Friday,1775.28,UPI
CUST005864,3,Beauty Personal Care,12 41,Monday,1226.51,CARD
CUST005865,2,Beauty Personal Care,19 34,Wednesday,483.11,UPI
CUST005866,4,Food,17 48,Saturday,367.68,CASH
CUST005867,5,Food,11 22,Thursday,723.73,CASH
CUST005868,5,Food,14 31,Saturday,195.09,UPI
CUST005869,5,Beauty Personal Care,09 57,Friday,2948.02,CARD
CUST005870,3,Toys Games,20 20,Friday,1160.94,UPI
CUST005871,6,Healthcare,06 32,Monday,733.90,CARD
CUST005872,4,Beauty Personal Care,23 39,Tuesday,2025.63,CARD
CUST005873,5,Food,03 22,Tuesday,329.34,UPI
CUST005874,3,Toys Games,07 09,Thursday,4138.87,UPI
CUST005875,4,Beauty Personal Care,21 12,Friday,2523.83,UPI
CUST005876,2,Books Stationery,07 35,Saturday,288.91,CARD
CUST005877,3,Fashion,11 53,Sunday,4409.26,CARD
CUST005878,3,Home Kitchen,00 42,Monday,9777.84,CARD
CUST005879,4,Beauty Personal Care,06 05,Thursday,1299.34,CASH
CUST005880,1,Healthcare,14 04,Friday,668.30,UPI
CUST005881,4,Home Kitchen,07 57,Saturday,3751.58,CARD
CUST005882,3,Toys Games,01 05,Friday,4815.06,UPI
CUST005883,2,Food,13 47,Wednesday,336.97,CASH
CUST005884,2,Beauty Personal Care,03 26,Sunday,2155.79,CASH
CUST005885,5,Home Kitchen,12 36,Friday,7187.69,CASH
CUST005886,6,Food,08 02,Thursday,439.72,UPI
CUST005887,4,Sports Fitness,14 44,Friday,893.08,CARD
CUST005888,1,Healthcare,17 45,Wednesday,2142.12,UPI
CUST005889,4,Food,18 08,Sunday,478.33,CARD
CUST005890,3,Books Stationery,19 42,Tuesday,481.87,CARD
CUST005891,6,Food,11 29,Thursday,122.56,CASH
CUST005892,4,Home Kitchen,18 43,Monday,7770.59,UPI
CUST005893,3,Books Stationery,17 22,Thursday,1090.00,CASH
CUST005894,3,Food,20 40,Monday,429.09,CASH
CUST005895,1,Grocery,18 38,Sunday,2956.17,UPI
CUST005896,1,Electronics,16 53,Saturday,20866.54,CARD
CUST005897,3,Fashion,00 48,Thursday,1959.82,CASH
CUST005898,1,Healthcare,21 28,Tuesday,3621.72,UPI
CUST005899,4,Grocery,04 44,Thursday,1286.57,UPI
CUST005900,4,Healthcare,13 41,Saturday,4241.91,UPI
CUST005901,6,Sports Fitness,14 29,Saturday,6356.10,UPI
CUST005902,3,Healthcare,22 40,Sunday,2529.58,CARD
CUST005903,1,Beauty Personal Care,01 24,Monday,2575.71,UPI
CUST005904,4,Food,17 40,Friday,270.43,CARD
CUST005905,2,Fashion,05 07,Friday,1650.44,UPI
CUST005906,1,Healthcare,13 36,Sunday,3757.59,UPI
CUST005907,6,Grocery,18 53,Monday,2817.36,CARD
CUST005908,5,Healthcare,17 27,Friday,4691.81,CASH
CUST005909,5,Home Kitchen,19 06,Friday,8077.66,UPI
CUST005910,3,Food,02 42,Sunday,483.50,UPI
CUST005911,4,Toys Games,18 18,Saturday,3861.21,CARD
CUST005912,6,Food,19 06,Friday,623.36,CASH
CUST005913,1,Sports Fitness,01 52,Sunday,4430.53,CARD
CUST005914,5,Beauty Personal Care,03 29,Saturday,252.30,CARD
CUST005915,4,Books Stationery,20 35,Monday,191.38,CASH
CUST005916,3,Toys Games,13 58,Saturday,3164.27,CARD
CUST005917,3,Books Stationery,14 37,Friday,995.47,CASH
CUST005918,1,Food,03 13,Friday,673.18,CASH
CUST005919,1,Sports Fitness,02 03,Sunday,9427.86,UPI
CUST005920,6,Home Kitchen,13 01,Sunday,8150.07,CARD
CUST005921,3,Electronics,23 22,Tuesday,1085.65,UPI
CUST005922,5,Books Stationery,12 42,Wednesday,1418.56,CASH
CUST005923,4,Healthcare,23 01,Monday,894.89,CARD
CUST005924,3,Home Kitchen,23 48,Thursday,2023.89,UPI
CUST005925,6,Grocery,11 19,Friday,1904.41,UPI
CUST005926,2,Grocery,08 40,Friday,1824.57,CARD
CUST005927,4,Beauty Personal Care,16 50,Monday,1786.52,UPI
CUST005928,2,Electronics,03 17,Tuesday,18347.79,UPI
CUST005929,1,Healthcare,03 26,Tuesday,4910.24,CASH
CUST005930,5,Books Stationery,05 58,Friday,1354.35,UPI
CUST005931,1,Grocery,17 39,Thursday,1240.78,UPI
CUST005932,5,Beauty Personal Care,06 21,Monday,2160.07,CARD
CUST005933,5,Beauty Personal Care,17 46,Friday,1353.08,CASH
CUST005934,3,Home Kitchen,09 27,Thursday,7828.34,UPI
CUST005935,6,Healthcare,07 38,Friday,2973.20,CARD
CUST005936,6,Sports Fitness,15 37,Monday,5959.74,CASH
CUST005937,4,Home Kitchen,03 16,Friday,6676.62,CARD
CUST005938,4,Beauty Personal Care,11 11,Saturday,2413.65,CARD
CUST005939,3,Home Kitchen,10 17,Saturday,3410.64,CARD
CUST005940,5,Books Stationery,02 48,Saturday,842.21,CASH
CUST005941,4,Food,18 10,Thursday,461.99,CASH
CUST005942,4,Healthcare,02 26,Saturday,3510.91,CARD
CUST005943,1,Home Kitchen,07 13,Sunday,6593.12,UPI
CUST005944,4,Beauty Personal Care,02 24,Wednesday,1835.39,CARD
CUST005945,5,Healthcare,07 18,Sunday,201.55,CASH
CUST005946,1,Healthcare,06 51,Monday,3056.07,CARD
CUST005947,1,Home Kitchen,09 53,Thursday,9358.75,CASH
CUST005948,2,Toys Games,03 35,Saturday,3550.97,CARD
CUST005949,4,Fashion,10 04,Sunday,859.37,UPI
CUST005950,4,Healthcare,00 34,Thursday,2916.29,UPI
CUST005951,5,Home Kitchen,19 21,Monday,9259.04,CASH
CUST005952,4,Beauty Personal Care,08 14,Friday,2314.29,CASH
CUST005953,3,Toys Games,18 13,Monday,1483.97,UPI
CUST005954,2,Beauty Personal Care,14 59,Saturday,2616.69,UPI
CUST005955,5,Sports Fitness,23 14,Friday,9892.21,UPI
CUST005956,1,Grocery,22 58,Tuesday,1333.43,CASH
CUST005957,1,Fashion,01 05,Tuesday,4836.31,UPI
CUST005958,6,Grocery,12 53,Tuesday,2247.04,UPI
CUST005959,6,Sports Fitness,10 20,Tuesday,5752.53,CASH
CUST005960,3,Sports Fitness,19 27,Saturday,11495.63,CARD
CUST005961,5,Home Kitchen,20 00,Saturday,9259.70,CARD
CUST005962,6,Home Kitchen,10 26,Thursday,6289.79,CASH
CUST005963,4,Grocery,07 49,Friday,1657.20,CASH
CUST005964,5,Books Stationery,15 15,Monday,1452.80,UPI
CUST005965,3,Toys Games,08 41,Thursday,294.90,CASH
CUST005966,1,Grocery,23 12,Monday,1412.97,CASH
CUST005967,3,Electronics,04 26,Thursday,28733.99,CARD
CUST005968,3,Electronics,12 05,Sunday,26634.87,CARD
CUST005969,1,Home Kitchen,18 06,Sunday,8585.65,CASH
CUST005970,4,Fashion,21 20,Tuesday,2006.96,CARD
CUST005971,4,Beauty Personal Care,07 16,Tuesday,628.22,CASH
CUST005972,5,Home Kitchen,08 56,Thursday,8460.47,UPI
CUST005973,2,Fashion,00 09,Friday,2354.51,CARD
CUST005974,5,Food,12 23,Saturday,661.85,CASH
CUST005975,3,Beauty Personal Care,10 35,Tuesday,1293.27,CASH
CUST005976,3,Books Stationery,04 05,Thursday,1915.58,CASH
CUST005977,1,Books Stationery,15 45,Friday,1290.84,UPI
CUST005978,2,Fashion,00 50,Thursday,2205.87,UPI
CUST005979,2,Sports Fitness,18 50,Tuesday,6328.08,UPI
CUST005980,1,Fashion,13 00,Tuesday,1943.42,CASH
CUST005981,4,Food,18 20,Monday,459.32,UPI
CUST005982,4,Books Stationery,21 57,Tuesday,1220.72,UPI
CUST005983,1,Home Kitchen,00 36,Wednesday,2655.34,CARD
CUST005984,1,Beauty Personal Care,12 42,Friday,2536.56,UPI
CUST005985,5,Toys Games,20 12,Wednesday,4338.57,UPI
CUST005986,1,Fashion,18 54,Thursday,3257.79,CASH
CUST005987,5,Grocery,21 16,Friday,758.59,CASH
CUST005988,2,Beauty Personal Care,04 57,Tuesday,1087.20,CARD
CUST005989,6,Food,04 18,Friday,647.94,CARD
CUST005990,2,Books Stationery,12 06,Saturday,168.95,CASH
CUST005991,6,Books Stationery,04 56,Tuesday,1712.44,CARD
CUST005992,2,Fashion,21 15,Saturday,2745.93,CARD
CUST005993,4,Grocery,07 17,Saturday,1800.34,UPI
CUST005994,1,Books Stationery,02 06,Sunday,1773.39,CARD
CUST005995,3,Sports Fitness,00 30,Saturday,4404.16,CARD
CUST005996,5,Healthcare,10 44,Tuesday,4423.52,CASH
CUST005997,1,Food,12 54,Friday,99.56,CASH
CUST005998,1,Sports Fitness,01 52,Friday,12281.23,CASH
CUST005999,5,Fashion,13 23,Friday,3038.79,CARD
CUST006000,2,Grocery,23 24,Sunday,608.95,UPI
CUST006001,6,Fashion,07 16,Saturday,2037.48,CASH
CUST006002,2,Beauty Personal Care,03 34,Tuesday,1107.48,CASH
CUST006003,3,Healthcare,17 00,Monday,1305.07,CARD
CUST006004,5,Healthcare,05 50,Wednesday,3527.17,UPI
CUST006005,3,Home Kitchen,06 32,Tuesday,7769.54,CASH
CUST006006,1,Books Stationery,09 38,Sunday,1203.39,CASH
CUST006007,1,Fashion,05 49,Sunday,3051.17,UPI
CUST006008,3,Healthcare,03 37,Thursday,1852.68,CASH
CUST006009,4,Beauty Personal Care,08 42,Friday,205.72,CARD
CUST006010,5,Beauty Personal Care,15 03,Monday,1607.42,CASH
CUST006011,4,Fashion,20 58,Tuesday,4945.28,UPI
CUST006012,2,Food,09 31,Saturday,665.27,CARD
CUST006013,4,Books Stationery,00 19,Friday,819.73,CASH
CUST006014,1,Electronics,11 00,Friday,26852.66,UPI
CUST006015,3,Food,18 21,Saturday,94.81,UPI
CUST006016,6,Books Stationery,21 49,Saturday,1671.21,CARD
CUST006017,6,Grocery,00 56,Thursday,1011.17,CARD
CUST006018,2,Fashion,11 05,Thursday,810.15,CARD
CUST006019,1,Home Kitchen,19 22,Saturday,1629.68,CARD
CUST006020,5,Books Stationery,13 49,Friday,1620.23,CASH
CUST006021,1,Books Stationery,18 01,Tuesday,1744.65,UPI
CUST006022,2,Fashion,04 45,Friday,3355.13,UPI
CUST006023,4,Sports Fitness,02 36,Thursday,11379.79,UPI
CUST006024,6,Toys Games,13 06,Saturday,3446.61,UPI
CUST006025,4,Books Stationery,13 44,Wednesday,495.19,CARD
CUST006026,5,Books Stationery,12 52,Sunday,836.44,CARD
CUST006027,2,Electronics,23 28,Sunday,26849.56,CASH
CUST006028,2,Grocery,14 59,Monday,444.72,CARD
CUST006029,5,Healthcare,20 08,Monday,2278.18,UPI
CUST006030,3,Healthcare,05 17,Saturday,1298.55,CARD
CUST006031,3,Beauty Personal Care,20 43,Monday,1252.54,CASH
CUST006032,4,Fashion,14 22,Saturday,4314.81,CASH
CUST006033,6,Food,02 48,Tuesday,443.05,UPI
CUST006034,6,Fashion,20 43,Friday,2382.96,CASH
CUST006035,3,Sports Fitness,03 21,Monday,11554.03,CASH
CUST006036,3,Electronics,05 08,Tuesday,11718.42,CARD
CUST006037,4,Grocery,01 29,Tuesday,477.98,CASH
CUST006038,6,Books Stationery,10 58,Saturday,1062.96,UPI
CUST006039,6,Fashion,20 57,Sunday,2550.12,UPI
CUST006040,3,Home Kitchen,02 06,Monday,8671.45,CARD
CUST006041,4,Grocery,10 21,Thursday,2249.67,CARD
CUST006042,1,Toys Games,19 11,Monday,1798.65,CARD
CUST006043,3,Grocery,14 12,Monday,1221.28,CARD
CUST006044,4,Electronics,06 17,Sunday,20089.68,UPI
CUST006045,5,Food,08 03,Thursday,529.77,CASH
CUST006046,4,Food,19 36,Saturday,388.10,CASH
CUST006047,3,Sports Fitness,21 35,Saturday,13827.05,CARD
CUST006048,3,Toys Games,22 53,Wednesday,4973.77,CASH
CUST006049,6,Electronics,08 24,Monday,19870.39,CASH
CUST006050,2,Sports Fitness,03 05,Saturday,14082.83,UPI
CUST006051,3,Toys Games,16 29,Friday,2687.31,CASH
CUST006052,3,Grocery,12 15,Sunday,181.26,CASH
CUST006053,2,Toys Games,19 04,Wednesday,2010.41,UPI
CUST006054,2,Fashion,09 23,Tuesday,837.41,UPI
CUST006055,1,Grocery,16 15,Sunday,1435.76,UPI
CUST006056,1,Electronics,07 29,Saturday,22173.73,CASH
CUST006057,1,Sports Fitness,03 31,Monday,8503.49,UPI
CUST006058,1,Beauty Personal Care,16 31,Saturday,1703.39,CASH
CUST006059,6,Food,02 13,Monday,156.27,CARD
CUST006060,4,Food,18 47,Thursday,455.72,CASH
CUST006061,4,Grocery,09 40,Wednesday,1920.98,CASH
CUST006062,5,Home Kitchen,04 02,Monday,3286.20,CARD
CUST006063,1,Healthcare,10 23,Tuesday,1145.77,UPI
CUST006064,1,Books Stationery,11 07,Sunday,1946.19,CASH
CUST006065,3,Electronics,07 20,Wednesday,40068.70,UPI
CUST006066,2,Toys Games,15 06,Monday,3691.65,UPI
CUST006067,2,Electronics,10 48,Tuesday,1705.66,CASH
CUST006068,2,Electronics,20 16,Friday,21462.86,CARD
CUST006069,2,Toys Games,18 53,Friday,3414.18,UPI
CUST006070,5,Food,19 44,Friday,387.02,UPI
CUST006071,4,Toys Games,05 54,Monday,2150.13,CASH
CUST006072,1,Food,10 27,Sunday,339.12,CARD
CUST006073,2,Books Stationery,12 40,Monday,1654.12,UPI
CUST006074,6,Toys Games,04 34,Monday,3757.73,CARD
CUST006075,3,Fashion,12 21,Thursday,591.56,CASH
CUST006076,4,Home Kitchen,04 43,Tuesday,9772.54,CARD
CUST006077,6,Fashion,19 40,Tuesday,1417.60,CARD
CUST006078,5,Sports Fitness,08 31,Saturday,11145.49,CARD
CUST006079,1,Beauty Personal Care,14 30,Tuesday,2331.96,UPI
CUST006080,6,Fashion,22 30,Saturday,1350.40,CASH
CUST006081,1,Sports Fitness,06 37,Thursday,1501.37,CARD
CUST006082,5,Books Stationery,17 42,Saturday,1612.54,CARD
CUST006083,5,Electronics,23 26,Sunday,14777.85,UPI
CUST006084,3,Food,04 45,Sunday,103.98,UPI
CUST006085,2,Beauty Personal Care,08 34,Thursday,217.70,CASH
CUST006086,4,Fashion,02 16,Monday,735.86,CASH
CUST006087,4,Grocery,13 59,Thursday,2354.43,CARD
CUST006088,2,Grocery,12 32,Tuesday,2074.61,CASH
CUST006089,5,Food,03 06,Friday,531.80,UPI
CUST006090,6,Toys Games,14 04,Thursday,1742.12,CASH
CUST006091,3,Food,21 27,Tuesday,487.23,UPI
CUST006092,5,Electronics,05 23,Wednesday,45458.22,CASH
CUST006093,5,Toys Games,04 23,Saturday,4152.67,CARD
CUST006094,4,Food,01 51,Tuesday,776.10,CARD
CUST006095,5,Home Kitchen,20 35,Saturday,6312.22,UPI
CUST006096,6,Healthcare,03 20,Saturday,1098.60,CASH
CUST006097,4,Toys Games,11 45,Monday,218.52,CASH
CUST006098,6,Food,13 53,Saturday,710.14,UPI
CUST006099,4,Beauty Personal Care,23 27,Wednesday,2598.95,CARD
CUST006100,1,Home Kitchen,02 13,Sunday,381.35,UPI
CUST006101,1,Healthcare,15 15,Thursday,3225.27,CARD
CUST006102,2,Food,04 22,Wednesday,286.30,CARD
CUST006103,5,Food,05 42,Monday,366.60,UPI
CUST006104,1,Beauty Personal Care,08 24,Tuesday,1755.22,UPI
CUST006105,4,Sports Fitness,04 52,Thursday,14207.59,CASH
CUST006106,1,Fashion,23 50,Tuesday,3169.96,CASH
CUST006107,5,Beauty Personal Care,22 54,Sunday,453.04,CARD
CUST006108,6,Grocery,00 06,Monday,2875.41,UPI
CUST006109,6,Grocery,06 26,Monday,2985.18,CASH
CUST006110,2,Fashion,15 07,Friday,1833.22,CASH
CUST006111,1,Fashion,06 18,Sunday,3353.38,UPI
CUST006112,5,Sports Fitness,15 52,Friday,13371.96,UPI
CUST006113,2,Electronics,03 34,Monday,14398.03,UPI
CUST006114,4,Home Kitchen,20 48,Monday,2790.17,CASH
CUST006115,1,Food,15 24,Monday,417.49,CARD
CUST006116,5,Sports Fitness,06 06,Monday,9649.67,CASH
CUST006117,4,Electronics,05 30,Thursday,33793.87,CARD
CUST006118,3,Healthcare,06 44,Thursday,2031.20,UPI
CUST006119,3,Toys Games,13 01,Thursday,2093.60,UPI
CUST006120,5,Healthcare,10 51,Thursday,2042.66,CARD
CUST006121,3,Food,12 51,Wednesday,478.37,CASH
CUST006122,5,Electronics,15 23,Sunday,5021.67,CARD
CUST006123,4,Grocery,10 43,Thursday,1150.18,CARD
CUST006124,1,Sports Fitness,08 49,Thursday,9683.68,CARD
CUST006125,1,Healthcare,07 05,Sunday,3249.74,UPI
CUST006126,3,Grocery,03 42,Wednesday,1024.85,CARD
CUST006127,1,Fashion,07 13,Monday,3117.59,UPI
CUST006128,4,Fashion,07 33,Friday,1043.16,CARD
CUST006129,2,Healthcare,18 37,Monday,4706.15,CASH
CUST006130,1,Healthcare,16 24,Thursday,3036.84,CASH
CUST006131,3,Healthcare,09 32,Tuesday,4832.30,UPI
CUST006132,2,Grocery,11 59,Monday,823.02,CARD
CUST006133,1,Books Stationery,13 56,Tuesday,1922.40,CARD
CUST006134,5,Books Stationery,04 04,Saturday,980.74,UPI
CUST006135,3,Beauty Personal Care,18 28,Saturday,668.68,UPI
CUST006136,6,Healthcare,22 16,Monday,1749.77,CASH
CUST006137,1,Toys Games,21 50,Wednesday,1225.93,CARD
CUST006138,3,Books Stationery,03 21,Friday,1240.20,UPI
CUST006139,5,Beauty Personal Care,22 46,Friday,2597.48,CASH
CUST006140,6,Electronics,10 28,Wednesday,25100.79,UPI
CUST006141,4,Food,15 43,Wednesday,657.71,CARD
CUST006142,6,Beauty Personal Care,04 16,Wednesday,778.39,CASH
CUST006143,4,Toys Games,23 46,Monday,4282.75,UPI
CUST006144,2,Sports Fitness,20 15,Sunday,14324.01,CASH
CUST006145,3,Beauty Personal Care,07 12,Tuesday,1106.81,CASH
CUST006146,3,Beauty Personal Care,22 30,Friday,1524.92,UPI
CUST006147,6,Food,05 42,Wednesday,162.92,CARD
CUST006148,5,Sports Fitness,06 07,Friday,4865.43,CASH
CUST006149,5,Toys Games,03 11,Thursday,609.15,CASH
CUST006150,3,Beauty Personal Care,11 46,Friday,2275.82,UPI
CUST006151,6,Food,09 58,Wednesday,71.67,CASH
CUST006152,2,Fashion,11 53,Sunday,2372.68,CARD
CUST006153,5,Electronics,18 47,Saturday,32032.22,UPI
CUST006154,2,Sports Fitness,21 45,Monday,1218.83,UPI
CUST006155,2,Fashion,02 05,Monday,2801.20,UPI
CUST006156,2,Grocery,22 52,Tuesday,2746.42,CARD
CUST006157,6,Food,15 18,Thursday,538.60,UPI
CUST006158,5,Fashion,07 08,Sunday,3716.73,UPI
CUST006159,2,Books Stationery,00 34,Monday,1112.59,CASH
CUST006160,4,Home Kitchen,15 12,Thursday,4874.84,CARD
CUST006161,6,Books Stationery,00 18,Monday,1981.88,UPI
CUST006162,1,Electronics,05 24,Friday,43045.86,CARD
CUST006163,5,Grocery,23 18,Wednesday,961.65,CASH
CUST006164,2,Healthcare,05 56,Sunday,3505.29,UPI
CUST006165,3,Sports Fitness,04 31,Wednesday,13051.85,CASH
CUST006166,3,Beauty Personal Care,23 21,Wednesday,1453.47,UPI
CUST006167,1,Healthcare,11 12,Friday,4552.56,CASH
CUST006168,5,Healthcare,09 24,Friday,2459.88,CASH
CUST006169,3,Sports Fitness,08 07,Tuesday,4767.26,CARD
CUST006170,4,Fashion,18 58,Tuesday,1981.92,CASH
CUST006171,5,Sports Fitness,09 12,Thursday,6117.84,CASH
CUST006172,4,Books Stationery,23 18,Saturday,812.79,CARD
CUST006173,2,Toys Games,20 01,Monday,3775.02,CARD
CUST006174,2,Electronics,17 13,Tuesday,9072.14,UPI
CUST006175,2,Grocery,14 13,Sunday,305.46,UPI
CUST006176,3,Grocery,17 32,Monday,1369.41,CASH
CUST006177,3,Home Kitchen,17 53,Thursday,1415.11,UPI
CUST006178,1,Fashion,01 25,Wednesday,4922.21,CASH
CUST006179,5,Electronics,14 44,Saturday,2985.64,UPI
CUST006180,6,Healthcare,05 42,Friday,1397.34,CARD
CUST006181,6,Fashion,00 36,Tuesday,4835.94,UPI
CUST006182,1,Electronics,02 46,Wednesday,36669.78,CASH
CUST006183,5,Beauty Personal Care,03 07,Monday,1241.51,UPI
CUST006184,1,Beauty Personal Care,01 12,Friday,481.34,UPI
CUST006185,2,Electronics,19 56,Thursday,16693.87,CASH
CUST006186,4,Fashion,21 50,Tuesday,682.24,UPI
CUST006187,3,Grocery,10 33,Friday,2081.30,CASH
CUST006188,4,Food,14 35,Saturday,382.93,CASH
CUST006189,3,Books Stationery,08 11,Saturday,1768.25,CASH
CUST006190,1,Books Stationery,23 19,Tuesday,1395.34,CARD
CUST006191,5,Electronics,22 51,Friday,49363.92,UPI
CUST006192,1,Toys Games,02 53,Friday,1613.49,CASH
CUST006193,2,Food,05 38,Tuesday,275.18,UPI
CUST006194,2,Toys Games,06 32,Thursday,992.41,UPI
CUST006195,2,Electronics,06 02,Sunday,22101.92,UPI
CUST006196,2,Healthcare,11 30,Wednesday,1171.43,CARD
CUST006197,1,Food,11 09,Friday,124.59,CARD
CUST006198,3,Toys Games,08 36,Saturday,3379.51,CASH
CUST006199,2,Food,18 03,Monday,668.85,CASH
CUST006200,6,Electronics,07 27,Monday,40312.64,UPI
CUST006201,3,Food,01 07,Thursday,141.20,CASH
CUST006202,3,Healthcare,04 06,Monday,1391.08,CASH
CUST006203,5,Books Stationery,06 21,Sunday,979.75,UPI
CUST006204,4,Grocery,17 31,Friday,2118.23,CASH
CUST006205,2,Food,05 19,Monday,575.35,CARD
CUST006206,6,Healthcare,17 18,Wednesday,1731.30,UPI
CUST006207,3,Sports Fitness,20 12,Monday,8792.22,CARD
CUST006208,2,Healthcare,03 58,Tuesday,1480.18,CASH
CUST006209,4,Grocery,00 58,Wednesday,1998.41,CASH
CUST006210,5,Books Stationery,00 46,Friday,271.18,CARD
CUST006211,6,Home Kitchen,12 01,Thursday,5899.78,UPI
CUST006212,2,Healthcare,21 32,Saturday,2021.92,CASH
CUST006213,3,Healthcare,21 07,Sunday,4560.66,UPI
CUST006214,2,Sports Fitness,08 29,Monday,12857.16,CASH
CUST006215,4,Healthcare,20 07,Monday,734.24,CASH
CUST006216,5,Fashion,15 19,Saturday,2042.03,CASH
CUST006217,4,Grocery,01 54,Monday,490.37,CARD
CUST006218,4,Grocery,20 58,Friday,2994.56,UPI
CUST006219,2,Healthcare,09 22,Friday,1896.46,CARD
CUST006220,6,Beauty Personal Care,21 23,Sunday,2052.89,UPI
CUST006221,5,Beauty Personal Care,20 20,Saturday,853.21,CARD
CUST006222,1,Electronics,02 33,Friday,38393.35,CASH
CUST006223,4,Food,23 08,Wednesday,707.90,CASH
CUST006224,5,Healthcare,14 55,Tuesday,1160.27,UPI
CUST006225,2,Beauty Personal Care,10 37,Wednesday,991.45,CARD
CUST006226,4,Toys Games,06 38,Friday,2965.49,CASH
CUST006227,5,Healthcare,22 38,Wednesday,2498.76,UPI
CUST006228,1,Home Kitchen,02 11,Saturday,2357.04,UPI
CUST006229,4,Food,10 41,Thursday,189.24,CARD
CUST006230,2,Beauty Personal Care,09 09,Friday,689.64,CARD
CUST006231,5,Healthcare,20 38,Sunday,2592.78,UPI
CUST006232,6,Grocery,19 10,Wednesday,1346.33,UPI
CUST006233,4,Fashion,16 10,Saturday,4195.27,UPI
CUST006234,1,Healthcare,14 46,Tuesday,1789.49,CASH
CUST006235,2,Books Stationery,15 56,Friday,1348.22,CASH
CUST006236,1,Healthcare,12 43,Tuesday,3963.09,UPI
CUST006237,4,Food,00 04,Thursday,281.79,UPI
CUST006238,5,Sports Fitness,21 31,Friday,2333.47,CARD
CUST006239,1,Electronics,20 55,Wednesday,13967.90,CASH
CUST006240,6,Electronics,05 51,Wednesday,34397.44,UPI
CUST006241,1,Home Kitchen,11 45,Thursday,589.27,CARD
CUST006242,5,Healthcare,02 49,Monday,2374.04,CARD
CUST006243,1,Fashion,05 55,Saturday,4035.31,CARD
CUST006244,6,Electronics,13 33,Friday,31091.28,CARD
CUST006245,2,Grocery,05 46,Monday,615.56,CASH
CUST006246,6,Healthcare,13 15,Monday,2938.29,CARD
CUST006247,6,Books Stationery,18 40,Monday,1864.94,UPI
CUST006248,6,Electronics,17 06,Saturday,7594.97,CASH
CUST006249,6,Food,10 24,Wednesday,93.67,CARD
CUST006250,6,Grocery,06 13,Tuesday,1008.34,UPI
CUST006251,1,Healthcare,22 41,Friday,2928.18,CASH
CUST006252,2,Electronics,00 05,Thursday,19079.84,CASH
CUST006253,1,Sports Fitness,21 43,Tuesday,5844.00,UPI
CUST006254,2,Food,04 03,Friday,549.34,CASH
CUST006255,6,Grocery,07 24,Thursday,1079.22,CASH
CUST006256,5,Healthcare,22 16,Thursday,3519.13,CARD
CUST006257,2,Sports Fitness,20 20,Sunday,14704.82,CARD
CUST006258,4,Toys Games,17 47,Tuesday,4534.58,UPI
CUST006259,4,Electronics,18 30,Saturday,4021.06,CARD
CUST006260,5,Food,13 13,Sunday,446.85,CASH
CUST006261,5,Electronics,02 54,Tuesday,13176.42,UPI
CUST006262,1,Fashion,15 15,Thursday,558.93,CARD
CUST006263,4,Beauty Personal Care,00 03,Tuesday,1781.90,CASH
CUST006264,1,Beauty Personal Care,12 10,Saturday,1739.04,CASH
CUST006265,5,Healthcare,00 51,Tuesday,4022.74,CASH
CUST006266,6,Books Stationery,03 46,Sunday,115.84,CASH
CUST006267,2,Electronics,13 59,Tuesday,10526.72,UPI
CUST006268,2,Books Stationery,12 01,Tuesday,295.27,CARD
CUST006269,4,Food,23 29,Wednesday,327.21,UPI
CUST006270,1,Home Kitchen,21 12,Tuesday,9594.64,CARD
CUST006271,3,Healthcare,00 00,Monday,2936.50,CARD
CUST006272,3,Food,19 56,Tuesday,506.31,CARD
CUST006273,2,Fashion,00 16,Thursday,4018.49,CARD
CUST006274,6,Home Kitchen,22 38,Friday,5190.25,UPI
CUST006275,6,Electronics,20 52,Sunday,22868.72,UPI
CUST006276,4,Electronics,19 16,Saturday,28603.24,CARD
CUST006277,3,Home Kitchen,01 17,Sunday,1476.96,CASH
CUST006278,2,Fashion,19 14,Wednesday,2813.50,UPI
CUST006279,6,Books Stationery,09 43,Sunday,1979.98,CARD
CUST006280,2,Beauty Personal Care,08 57,Monday,965.73,CARD
CUST006281,3,Beauty Personal Care,15 10,Thursday,1053.16,UPI
CUST006282,4,Fashion,09 05,Thursday,726.52,UPI
CUST006283,4,Food,00 02,Friday,764.69,UPI
CUST006284,1,Books Stationery,07 18,Tuesday,1688.50,CASH
CUST006285,2,Healthcare,10 14,Monday,2609.25,UPI
CUST006286,2,Healthcare,07 10,Wednesday,2274.96,CARD
CUST006287,6,Food,06 32,Saturday,385.70,CARD
CUST006288,6,Toys Games,02 57,Thursday,2696.65,CARD
CUST006289,3,Beauty Personal Care,02 48,Monday,1312.16,CARD
CUST006290,5,Sports Fitness,18 15,Saturday,13910.31,CARD
CUST006291,2,Healthcare,18 30,Monday,1860.47,CARD
CUST006292,4,Books Stationery,03 01,Friday,674.00,CARD
CUST006293,6,Beauty Personal Care,03 31,Sunday,2845.50,CASH
CUST006294,5,Sports Fitness,08 36,Monday,3663.08,UPI
CUST006295,1,Home Kitchen,05 31,Friday,447.26,UPI
CUST006296,3,Electronics,05 49,Sunday,42446.16,UPI
CUST006297,1,Books Stationery,23 08,Saturday,1939.72,CASH
CUST006298,3,Sports Fitness,16 07,Monday,5360.51,CARD
CUST006299,2,Beauty Personal Care,13 08,Saturday,2037.80,CARD
CUST006300,2,Grocery,06 19,Thursday,2514.30,CARD
CUST006301,2,Electronics,06 46,Friday,13731.15,CASH
CUST006302,5,Electronics,19 14,Sunday,8651.72,UPI
CUST006303,2,Grocery,06 22,Monday,1836.93,UPI
CUST006304,4,Fashion,08 40,Saturday,4048.57,CARD
CUST006305,2,Healthcare,08 55,Sunday,4041.65,CASH
CUST006306,5,Electronics,11 47,Monday,27218.63,CARD
CUST006307,1,Healthcare,09 07,Monday,4850.55,CARD
CUST006308,4,Toys Games,09 07,Saturday,731.30,UPI
CUST006309,6,Books Stationery,01 52,Friday,1956.44,CARD
CUST006310,4,Home Kitchen,20 50,Saturday,8200.83,CARD
CUST006311,5,Electronics,22 23,Wednesday,6669.69,UPI
CUST006312,3,Fashion,10 44,Thursday,1856.38,CARD
CUST006313,4,Grocery,12 47,Thursday,1252.03,CARD
CUST006314,3,Healthcare,17 03,Thursday,3945.65,CASH
CUST006315,6,Books Stationery,18 05,Tuesday,1798.73,CARD
CUST006316,5,Fashion,17 13,Sunday,2577.44,UPI
CUST006317,5,Food,11 50,Thursday,649.10,UPI
CUST006318,1,Beauty Personal Care,07 16,Thursday,1728.92,CARD
CUST006319,2,Sports Fitness,07 13,Friday,10871.74,CARD
CUST006320,4,Beauty Personal Care,01 33,Friday,516.75,UPI
CUST006321,1,Electronics,21 53,Thursday,29087.90,UPI
CUST006322,1,Toys Games,08 21,Wednesday,2617.17,CASH
CUST006323,1,Home Kitchen,14 38,Saturday,2366.01,CARD
CUST006324,3,Food,11 00,Monday,614.18,UPI
CUST006325,5,Books Stationery,22 26,Sunday,438.32,UPI
CUST006326,4,Food,04 38,Sunday,144.85,UPI
CUST006327,5,Electronics,08 43,Thursday,19066.58,UPI
CUST006328,3,Beauty Personal Care,01 58,Thursday,2016.60,CARD
CUST006329,6,Food,02 54,Monday,728.09,CASH
CUST006330,3,Books Stationery,04 46,Tuesday,375.89,UPI
CUST006331,1,Books Stationery,22 54,Friday,512.56,CARD
CUST006332,1,Healthcare,21 03,Wednesday,4008.31,UPI
CUST006333,2,Beauty Personal Care,11 53,Monday,1476.57,CASH
CUST006334,4,Food,23 19,Thursday,557.17,CASH
CUST006335,6,Fashion,09 19,Sunday,855.53,CARD
CUST006336,6,Electronics,05 41,Thursday,30550.18,CASH
CUST006337,6,Sports Fitness,03 24,Wednesday,8525.92,CASH
CUST006338,3,Electronics,23 37,Friday,20132.33,CASH
CUST006339,6,Healthcare,10 02,Saturday,355.67,CASH
CUST006340,5,Food,04 09,Sunday,731.44,CASH
CUST006341,6,Toys Games,00 02,Wednesday,3091.09,CASH
CUST006342,2,Books Stationery,23 56,Thursday,170.83,CARD
CUST006343,6,Grocery,06 43,Tuesday,736.81,UPI
CUST006344,2,Fashion,08 22,Saturday,4716.06,CARD
CUST006345,1,Healthcare,08 45,Sunday,446.52,CASH
CUST006346,1,Beauty Personal Care,02 42,Saturday,1949.60,CARD
CUST006347,1,Books Stationery,07 51,Sunday,1927.31,CASH
CUST006348,2,Sports Fitness,06 19,Thursday,7174.88,CASH
CUST006349,3,Electronics,22 14,Wednesday,36701.00,UPI
CUST006350,4,Grocery,00 55,Sunday,1397.43,CARD
CUST006351,4,Sports Fitness,03 41,Saturday,9869.87,CARD
CUST006352,1,Beauty Personal Care,18 38,Sunday,1441.34,CARD
CUST006353,1,Electronics,15 59,Thursday,24698.46,UPI
CUST006354,5,Toys Games,06 21,Friday,1790.04,CARD
CUST006355,2,Beauty Personal Care,16 04,Friday,2359.52,CARD
CUST006356,5,Grocery,08 11,Monday,466.38,CASH
CUST006357,1,Fashion,19 52,Thursday,3625.59,CARD
CUST006358,1,Food,19 33,Thursday,113.21,UPI
CUST006359,1,Fashion,09 38,Friday,2942.86,UPI
CUST006360,6,Sports Fitness,16 26,Thursday,7390.99,CASH
CUST006361,2,Fashion,21 30,Thursday,4091.13,CARD
CUST006362,2,Grocery,00 56,Monday,2893.62,CASH
CUST006363,5,Food,22 11,Friday,799.34,CASH
CUST006364,6,Beauty Personal Care,13 26,Tuesday,2922.18,CASH
CUST006365,4,Beauty Personal Care,16 56,Monday,2349.06,CASH
CUST006366,3,Beauty Personal Care,14 33,Saturday,279.75,CARD
CUST006367,4,Electronics,17 45,Tuesday,9292.45,CARD
CUST006368,4,Food,16 44,Sunday,660.92,CARD
CUST006369,3,Electronics,23 37,Thursday,16098.41,CARD
CUST006370,1,Grocery,18 35,Wednesday,1857.46,CASH
CUST006371,5,Beauty Personal Care,00 00,Thursday,1493.53,CARD
CUST006372,2,Healthcare,16 56,Saturday,3908.02,CASH
CUST006373,1,Fashion,17 31,Friday,2706.70,CARD
CUST006374,5,Sports Fitness,17 47,Saturday,13664.90,CARD
CUST006375,3,Food,03 40,Friday,582.22,CARD
CUST006376,3,Fashion,08 29,Thursday,4608.30,CASH
CUST006377,4,Toys Games,16 07,Wednesday,3596.07,CARD
CUST006378,1,Home Kitchen,06 35,Thursday,3244.98,CARD
CUST006379,2,Sports Fitness,01 18,Sunday,4359.46,CARD
CUST006380,5,Books Stationery,04 44,Wednesday,1212.33,UPI
CUST006381,1,Home Kitchen,06 13,Friday,2377.25,CASH
CUST006382,4,Healthcare,16 17,Monday,722.99,CARD
CUST006383,2,Grocery,07 24,Saturday,1702.68,CASH
CUST006384,6,Home Kitchen,00 37,Thursday,3983.44,CASH
CUST006385,1,Toys Games,00 40,Tuesday,3843.14,CARD
CUST006386,5,Sports Fitness,13 28,Friday,10893.87,CASH
CUST006387,6,Fashion,06 07,Monday,1141.37,CARD
CUST006388,4,Sports Fitness,04 31,Sunday,5633.46,CASH
CUST006389,1,Grocery,07 15,Wednesday,1304.29,CARD
CUST006390,2,Home Kitchen,13 32,Saturday,8014.09,CARD
CUST006391,3,Food,02 28,Friday,74.81,UPI
CUST006392,1,Food,19 21,Saturday,249.87,CARD
CUST006393,4,Grocery,07 09,Friday,268.68,UPI
CUST006394,5,Grocery,07 24,Wednesday,2481.96,CARD
CUST006395,5,Grocery,20 01,Saturday,2360.60,CASH
CUST006396,1,Sports Fitness,18 29,Friday,7702.41,CARD
CUST006397,1,Fashion,04 19,Wednesday,3432.01,CARD
CUST006398,4,Grocery,19 32,Monday,2423.85,UPI
CUST006399,6,Home Kitchen,00 24,Tuesday,3846.16,UPI
CUST006400,3,Sports Fitness,08 21,Tuesday,14781.30,CARD
CUST006401,6,Food,20 43,Friday,351.82,CARD
CUST006402,5,Electronics,05 40,Friday,34728.98,CASH
CUST006403,4,Sports Fitness,10 01,Thursday,1867.39,UPI
CUST006404,5,Toys Games,00 38,Tuesday,2009.09,CARD
CUST006405,6,Beauty Personal Care,04 25,Tuesday,1693.67,CARD
CUST006406,2,Grocery,08 17,Tuesday,2546.08,CARD
CUST006407,2,Toys Games,07 20,Saturday,1873.71,UPI
CUST006408,6,Sports Fitness,04 23,Tuesday,7536.81,CARD
CUST006409,4,Books Stationery,02 26,Saturday,619.30,CASH
CUST006410,2,Electronics,20 41,Thursday,39816.59,CARD
CUST006411,1,Beauty Personal Care,13 53,Tuesday,1818.91,CASH
CUST006412,5,Electronics,10 23,Wednesday,25489.73,CARD
CUST006413,2,Beauty Personal Care,17 29,Monday,2665.67,UPI
CUST006414,6,Books Stationery,12 58,Monday,351.28,UPI
CUST006415,5,Food,06 10,Saturday,705.38,CARD
CUST006416,4,Healthcare,14 34,Saturday,2885.01,CASH
CUST006417,3,Beauty Personal Care,00 14,Wednesday,1154.58,UPI
CUST006418,1,Home Kitchen,09 18,Thursday,4184.04,UPI
CUST006419,2,Fashion,14 05,Saturday,4530.66,CARD
CUST006420,6,Grocery,07 04,Saturday,1052.59,UPI
CUST006421,5,Toys Games,14 41,Friday,291.20,UPI
CUST006422,5,Toys Games,04 10,Thursday,4394.40,UPI
CUST006423,2,Toys Games,22 57,Monday,3940.57,CASH
CUST006424,2,Electronics,22 01,Friday,23591.45,CASH
CUST006425,3,Food,13 31,Tuesday,492.44,UPI
CUST006426,3,Electronics,11 28,Sunday,7820.71,CASH
CUST006427,5,Electronics,14 22,Saturday,24676.83,CASH
CUST006428,2,Fashion,11 42,Friday,4307.74,UPI
CUST006429,3,Grocery,06 41,Thursday,1460.13,UPI
CUST006430,5,Toys Games,06 29,Tuesday,2153.98,UPI
CUST006431,2,Home Kitchen,22 01,Monday,4089.16,CARD
CUST006432,2,Books Stationery,07 36,Thursday,1434.14,CARD
CUST006433,5,Food,21 22,Thursday,651.69,CASH
CUST006434,1,Electronics,13 51,Tuesday,16689.32,CARD
CUST006435,2,Food,01 38,Monday,764.25,UPI
CUST006436,5,Electronics,13 28,Saturday,8810.99,UPI
CUST006437,5,Sports Fitness,11 13,Thursday,1810.20,CARD
CUST006438,5,Books Stationery,22 09,Thursday,322.50,CARD
CUST006439,2,Sports Fitness,15 06,Friday,13436.33,UPI
CUST006440,2,Electronics,23 08,Monday,20077.58,CARD
CUST006441,1,Food,18 08,Tuesday,611.20,CASH
CUST006442,5,Sports Fitness,05 19,Wednesday,7895.28,CASH
CUST006443,4,Sports Fitness,00 04,Thursday,931.13,CARD
CUST006444,1,Beauty Personal Care,03 16,Thursday,1203.37,UPI
CUST006445,6,Toys Games,04 33,Wednesday,1273.50,CARD
CUST006446,3,Beauty Personal Care,03 50,Saturday,1817.70,CARD
CUST006447,2,Toys Games,00 29,Thursday,3308.28,UPI
CUST006448,2,Fashion,14 12,Wednesday,1553.13,CARD
CUST006449,2,Books Stationery,11 05,Saturday,958.98,UPI
CUST006450,5,Food,09 35,Tuesday,656.48,UPI
CUST006451,4,Beauty Personal Care,13 14,Sunday,2110.54,UPI
CUST006452,2,Healthcare,02 27,Friday,2023.78,CARD
CUST006453,5,Fashion,09 12,Saturday,2648.93,UPI
CUST006454,1,Books Stationery,14 18,Wednesday,518.97,CASH
CUST006455,2,Electronics,05 32,Friday,38460.84,CARD
CUST006456,5,Fashion,22 47,Friday,2600.41,UPI
CUST006457,3,Food,22 31,Thursday,456.71,CASH
CUST006458,2,Toys Games,17 32,Thursday,2074.18,UPI
CUST006459,4,Toys Games,15 42,Tuesday,4954.50,CASH
CUST006460,1,Food,09 47,Thursday,521.35,UPI
CUST006461,2,Toys Games,15 08,Thursday,384.14,CARD
CUST006462,5,Toys Games,02 43,Saturday,2607.05,UPI
CUST006463,1,Grocery,23 20,Tuesday,590.30,CASH
CUST006464,6,Fashion,02 50,Monday,3801.01,UPI
CUST006465,2,Books Stationery,08 22,Tuesday,1193.98,CARD
CUST006466,6,Electronics,13 37,Wednesday,27835.82,UPI
CUST006467,6,Healthcare,11 47,Monday,716.81,CASH
CUST006468,2,Home Kitchen,07 16,Wednesday,2375.92,CASH
CUST006469,2,Toys Games,14 21,Tuesday,293.63,UPI
CUST006470,6,Healthcare,03 45,Friday,236.66,CARD
CUST006471,3,Grocery,10 02,Saturday,2833.64,UPI
CUST006472,1,Toys Games,14 16,Tuesday,1813.76,CARD
CUST006473,3,Home Kitchen,09 30,Monday,6380.83,CASH
CUST006474,2,Grocery,18 26,Wednesday,1801.97,CASH
CUST006475,2,Toys Games,03 08,Wednesday,1557.64,CARD
CUST006476,6,Home Kitchen,00 43,Monday,2656.45,CASH
CUST006477,4,Toys Games,22 43,Saturday,2331.53,UPI
CUST006478,3,Fashion,12 34,Thursday,1898.64,CARD
CUST006479,4,Grocery,06 08,Wednesday,440.98,CARD
CUST006480,5,Books Stationery,01 16,Saturday,522.14,UPI
CUST006481,2,Food,18 19,Wednesday,486.65,CASH
CUST006482,6,Electronics,23 20,Sunday,7601.65,UPI
CUST006483,4,Beauty Personal Care,13 23,Thursday,2727.48,UPI
CUST006484,1,Grocery,01 21,Friday,325.64,CARD
CUST006485,2,Fashion,15 15,Saturday,2431.90,CARD
CUST006486,1,Food,18 52,Monday,791.93,UPI
CUST006487,6,Healthcare,12 59,Sunday,1633.16,CASH
CUST006488,6,Books Stationery,07 19,Thursday,325.51,UPI
CUST006489,1,Beauty Personal Care,04 22,Saturday,2174.89,UPI
CUST006490,2,Healthcare,11 40,Wednesday,2024.97,CASH
CUST006491,6,Healthcare,13 53,Sunday,3048.29,CARD
CUST006492,4,Sports Fitness,04 09,Friday,2177.00,CARD
CUST006493,4,Toys Games,10 26,Thursday,1301.44,CASH
CUST006494,3,Home Kitchen,19 24,Tuesday,5498.69,CASH
CUST006495,5,Books Stationery,12 05,Thursday,873.36,UPI
CUST006496,1,Sports Fitness,16 42,Friday,2593.89,CASH
CUST006497,6,Home Kitchen,12 31,Saturday,2246.34,UPI
CUST006498,6,Healthcare,11 29,Tuesday,3147.62,CASH
CUST006499,6,Beauty Personal Care,10 03,Monday,886.27,UPI
CUST006500,3,Electronics,15 18,Tuesday,34335.67,CARD
CUST006501,6,Toys Games,09 47,Sunday,1296.49,CARD
CUST006502,4,Grocery,23 57,Tuesday,1154.28,UPI
CUST006503,2,Fashion,05 52,Saturday,3040.17,CASH
CUST006504,6,Home Kitchen,14 50,Thursday,3214.18,CARD
CUST006505,4,Electronics,05 07,Sunday,10532.91,UPI
CUST006506,4,Fashion,09 26,Wednesday,4861.46,CASH
CUST006507,3,Sports Fitness,03 47,Thursday,10733.52,CASH
CUST006508,4,Food,17 47,Friday,306.77,UPI
CUST006509,6,Beauty Personal Care,04 45,Sunday,1141.41,CARD
CUST006510,3,Electronics,21 33,Wednesday,10583.46,CASH
CUST006511,1,Grocery,11 49,Sunday,678.72,CASH
CUST006512,4,Healthcare,20 16,Friday,3385.71,UPI
CUST006513,6,Healthcare,08 41,Sunday,4559.53,CASH
CUST006514,6,Toys Games,06 52,Saturday,1570.36,CARD
CUST006515,3,Books Stationery,17 28,Monday,762.09,CARD
CUST006516,1,Grocery,19 18,Monday,2112.84,CASH
CUST006517,6,Beauty Personal Care,23 46,Sunday,1484.96,UPI
CUST006518,2,Books Stationery,04 14,Friday,1038.17,CARD
CUST006519,3,Healthcare,01 37,Saturday,2489.86,CASH
CUST006520,1,Grocery,00 21,Thursday,2332.12,CARD
CUST006521,1,Toys Games,18 02,Saturday,1103.60,UPI
CUST006522,4,Home Kitchen,08 37,Tuesday,3244.44,CARD
CUST006523,5,Beauty Personal Care,13 56,Friday,883.11,CARD
CUST006524,4,Fashion,15 35,Sunday,4656.33,CARD
CUST006525,2,Home Kitchen,06 11,Thursday,7638.27,UPI
CUST006526,5,Books Stationery,04 31,Tuesday,148.17,CARD
CUST006527,1,Beauty Personal Care,06 26,Monday,865.50,CASH
CUST006528,5,Healthcare,23 06,Wednesday,2575.36,UPI
CUST006529,1,Food,04 20,Thursday,770.02,CASH
CUST006530,2,Home Kitchen,01 53,Saturday,3285.68,UPI
CUST006531,4,Electronics,17 23,Wednesday,23988.23,CASH
CUST006532,1,Books Stationery,04 39,Friday,848.69,CASH
CUST006533,2,Sports Fitness,22 35,Saturday,13168.25,CARD
CUST006534,3,Fashion,19 57,Tuesday,1111.53,UPI
CUST006535,3,Sports Fitness,09 37,Saturday,13438.80,CARD
CUST006536,4,Books Stationery,20 02,Friday,876.97,CARD
CUST006537,5,Sports Fitness,22 18,Wednesday,4972.60,UPI
CUST006538,1,Toys Games,04 15,Sunday,2091.69,UPI
CUST006539,5,Healthcare,10 08,Sunday,4986.46,CASH
CUST006540,3,Food,12 38,Sunday,448.03,CARD
CUST006541,1,Home Kitchen,15 08,Friday,2599.81,UPI
CUST006542,4,Grocery,14 31,Sunday,2482.72,CARD
CUST006543,5,Books Stationery,14 18,Sunday,1622.60,CARD
CUST006544,6,Toys Games,11 41,Sunday,2527.25,UPI
CUST006545,6,Fashion,20 05,Monday,3312.04,UPI
CUST006546,6,Grocery,18 38,Thursday,2032.84,CASH
CUST006547,3,Books Stationery,16 35,Friday,950.41,CASH
CUST006548,5,Healthcare,20 54,Wednesday,643.41,CARD
CUST006549,1,Books Stationery,04 49,Friday,121.28,CARD
CUST006550,3,Home Kitchen,19 49,Sunday,1618.57,CASH
CUST006551,5,Beauty Personal Care,13 56,Saturday,1178.73,UPI
CUST006552,4,Fashion,16 26,Thursday,3233.96,CARD
CUST006553,2,Healthcare,11 46,Friday,659.95,UPI
CUST006554,1,Beauty Personal Care,22 07,Friday,2131.44,CARD
CUST006555,1,Fashion,23 49,Thursday,4921.62,CARD
CUST006556,5,Food,21 43,Sunday,217.49,CASH
CUST006557,6,Books Stationery,08 33,Friday,1901.59,CARD
CUST006558,3,Electronics,04 09,Wednesday,28745.95,CARD
CUST006559,6,Toys Games,22 57,Sunday,517.04,CASH
CUST006560,4,Fashion,21 53,Thursday,1638.07,UPI
CUST006561,2,Sports Fitness,00 40,Sunday,3712.16,CASH
CUST006562,1,Electronics,03 52,Friday,22013.41,UPI
CUST006563,1,Books Stationery,10 27,Wednesday,1463.59,CARD
CUST006564,1,Electronics,14 09,Wednesday,11124.43,UPI
CUST006565,2,Home Kitchen,15 53,Saturday,5224.08,CASH
CUST006566,4,Toys Games,17 39,Tuesday,1135.65,CASH
CUST006567,4,Fashion,20 14,Thursday,1829.71,UPI
CUST006568,5,Home Kitchen,22 16,Tuesday,4071.46,UPI
CUST006569,2,Electronics,00 39,Wednesday,13655.80,CASH
CUST006570,5,Food,22 31,Saturday,709.37,CASH
CUST006571,1,Fashion,02 46,Wednesday,877.51,CASH
CUST006572,6,Grocery,17 31,Saturday,2401.81,CASH
CUST006573,4,Healthcare,12 33,Saturday,3694.02,UPI
CUST006574,4,Home Kitchen,02 18,Sunday,7731.74,CASH
CUST006575,6,Healthcare,00 50,Saturday,1439.01,UPI
CUST006576,5,Books Stationery,00 28,Thursday,641.69,CARD
CUST006577,5,Electronics,10 19,Wednesday,15483.97,CASH
CUST006578,1,Sports Fitness,22 29,Thursday,4304.02,CASH
CUST006579,6,Food,02 34,Monday,438.33,CARD
CUST006580,4,Sports Fitness,12 52,Tuesday,8100.23,CASH
CUST006581,2,Books Stationery,06 53,Friday,165.12,CARD
CUST006582,2,Sports Fitness,17 35,Friday,5177.31,UPI
CUST006583,1,Sports Fitness,02 23,Saturday,13500.26,UPI
CUST006584,3,Healthcare,15 27,Saturday,170.31,UPI
CUST006585,2,Healthcare,16 28,Tuesday,3572.37,CARD
CUST006586,4,Beauty Personal Care,08 54,Thursday,2660.42,CASH
CUST006587,1,Sports Fitness,12 36,Sunday,12228.49,UPI
CUST006588,1,Healthcare,10 32,Thursday,3953.97,UPI
CUST006589,4,Food,21 41,Friday,190.02,CASH
CUST006590,3,Home Kitchen,17 23,Wednesday,8192.76,CASH
CUST006591,5,Grocery,16 36,Friday,404.45,CARD
CUST006592,4,Beauty Personal Care,01 14,Tuesday,270.21,UPI
CUST006593,6,Home Kitchen,01 12,Tuesday,8169.91,UPI
CUST006594,3,Fashion,01 12,Sunday,4223.04,UPI
CUST006595,4,Home Kitchen,03 11,Thursday,6093.59,CARD
CUST006596,4,Books Stationery,22 39,Saturday,1218.97,UPI
CUST006597,6,Grocery,15 09,Thursday,1503.20,CARD
CUST006598,3,Fashion,02 30,Friday,1819.22,CASH
CUST006599,5,Grocery,16 26,Tuesday,312.75,CARD
CUST006600,4,Healthcare,10 02,Saturday,1391.35,CARD
CUST006601,4,Beauty Personal Care,20 12,Sunday,1360.19,CASH
CUST006602,6,Grocery,03 40,Monday,1642.30,CARD
CUST006603,1,Healthcare,02 50,Wednesday,3096.22,UPI
CUST006604,3,Healthcare,11 46,Monday,2719.12,CASH
CUST006605,2,Grocery,17 50,Tuesday,944.74,UPI
CUST006606,1,Fashion,17 27,Friday,2695.50,UPI
CUST006607,2,Grocery,17 59,Friday,1826.99,CARD
CUST006608,1,Beauty Personal Care,00 16,Wednesday,1914.32,UPI
CUST006609,5,Toys Games,14 55,Thursday,726.95,CASH
CUST006610,6,Toys Games,03 14,Sunday,3092.84,UPI
CUST006611,6,Toys Games,01 16,Friday,4249.94,UPI
CUST006612,4,Books Stationery,20 28,Friday,1803.53,CARD
CUST006613,2,Toys Games,06 28,Sunday,3392.48,CARD
CUST006614,4,Electronics,15 24,Friday,30756.59,CARD
CUST006615,2,Books Stationery,12 47,Monday,579.55,UPI
CUST006616,1,Home Kitchen,08 35,Friday,7386.97,CASH
CUST006617,1,Healthcare,02 58,Monday,833.62,CARD
CUST006618,3,Fashion,12 59,Saturday,4126.29,UPI
CUST006619,6,Books Stationery,06 02,Sunday,283.88,CARD
CUST006620,5,Electronics,19 42,Sunday,40970.92,CASH
CUST006621,1,Beauty Personal Care,17 50,Monday,649.91,CARD
CUST006622,3,Healthcare,03 08,Friday,4353.47,CASH
CUST006623,3,Books Stationery,06 00,Sunday,1310.64,UPI
CUST006624,4,Grocery,18 47,Thursday,2186.34,CASH
CUST006625,4,Food,13 47,Friday,514.86,UPI
CUST006626,3,Grocery,01 45,Tuesday,2949.28,CASH
CUST006627,2,Home Kitchen,05 54,Friday,1468.98,CARD
CUST006628,1,Grocery,16 58,Thursday,1351.04,UPI
CUST006629,6,Books Stationery,20 40,Monday,1831.95,CARD
CUST006630,5,Toys Games,09 18,Tuesday,4888.51,UPI
CUST006631,6,Fashion,06 04,Sunday,3368.46,CARD
CUST006632,5,Food,03 14,Sunday,448.96,CARD
CUST006633,4,Food,01 10,Wednesday,576.99,UPI
CUST006634,4,Beauty Personal Care,18 41,Wednesday,1174.18,CASH
CUST006635,2,Toys Games,06 37,Thursday,2588.04,CARD
CUST006636,6,Healthcare,05 27,Wednesday,3983.86,CARD
CUST006637,5,Grocery,13 30,Wednesday,2826.84,CARD
CUST006638,3,Electronics,04 13,Monday,28572.11,CASH
CUST006639,6,Beauty Personal Care,17 06,Monday,417.74,CASH
CUST006640,2,Grocery,06 51,Thursday,617.75,CARD
CUST006641,3,Beauty Personal Care,06 29,Wednesday,2453.77,CARD
CUST006642,1,Beauty Personal Care,20 30,Saturday,1419.63,UPI
CUST006643,1,Beauty Personal Care,07 43,Thursday,2633.01,UPI
CUST006644,5,Food,17 45,Thursday,686.50,CASH
CUST006645,4,Healthcare,04 14,Tuesday,2680.87,CASH
CUST006646,4,Fashion,00 13,Wednesday,3112.75,CARD
CUST006647,6,Healthcare,23 44,Sunday,1573.11,CASH
CUST006648,2,Fashion,17 11,Friday,615.64,CASH
CUST006649,3,Healthcare,04 02,Tuesday,2025.24,CARD
CUST006650,1,Beauty Personal Care,13 19,Sunday,942.92,CARD
CUST006651,3,Grocery,02 46,Sunday,2079.81,CARD
CUST006652,2,Sports Fitness,06 55,Saturday,2915.79,CARD
CUST006653,6,Home Kitchen,00 29,Saturday,2261.11,CASH
CUST006654,5,Sports Fitness,00 46,Sunday,3242.79,CARD
CUST006655,1,Sports Fitness,07 48,Thursday,4723.65,UPI
CUST006656,3,Home Kitchen,00 37,Friday,8282.84,CASH
CUST006657,1,Books Stationery,18 29,Sunday,523.29,CARD
CUST006658,2,Electronics,01 38,Friday,22036.83,UPI
CUST006659,5,Fashion,14 17,Tuesday,4395.37,UPI
CUST006660,2,Healthcare,02 08,Friday,2125.32,CARD
CUST006661,5,Electronics,18 03,Sunday,14881.90,CASH
CUST006662,6,Beauty Personal Care,16 57,Monday,1274.02,CARD
CUST006663,3,Beauty Personal Care,18 32,Saturday,1428.08,CARD
CUST006664,6,Fashion,15 46,Wednesday,4834.94,CASH
CUST006665,1,Grocery,18 48,Thursday,1676.54,CASH
CUST006666,3,Electronics,23 34,Friday,31221.41,CASH
CUST006667,6,Beauty Personal Care,01 42,Sunday,2859.88,CASH
CUST006668,6,Healthcare,08 35,Friday,232.81,UPI
CUST006669,2,Sports Fitness,05 45,Saturday,11074.01,CASH
CUST006670,2,Grocery,22 19,Tuesday,378.87,CARD
CUST006671,2,Grocery,08 19,Friday,405.87,CASH
CUST006672,4,Fashion,21 33,Wednesday,4479.64,CARD
CUST006673,1,Sports Fitness,03 31,Wednesday,8211.75,UPI
CUST006674,1,Books Stationery,07 05,Thursday,1566.37,CASH
CUST006675,2,Healthcare,10 45,Saturday,4549.48,CASH
CUST006676,2,Grocery,19 25,Thursday,2194.11,CARD
CUST006677,1,Healthcare,21 39,Wednesday,1139.27,CARD
CUST006678,3,Electronics,21 21,Thursday,20018.77,UPI
CUST006679,3,Healthcare,12 50,Thursday,2767.60,UPI
CUST006680,1,Grocery,00 06,Wednesday,2154.15,UPI
CUST006681,2,Home Kitchen,22 51,Thursday,6637.87,CARD
CUST006682,6,Toys Games,08 07,Friday,1697.74,CASH
CUST006683,5,Fashion,11 17,Thursday,2571.00,UPI
CUST006684,4,Electronics,11 48,Tuesday,9910.10,UPI
CUST006685,6,Sports Fitness,10 45,Sunday,6494.12,CASH
CUST006686,1,Home Kitchen,20 01,Sunday,885.59,CASH
CUST006687,4,Sports Fitness,23 18,Sunday,13738.76,CARD
CUST006688,4,Beauty Personal Care,01 25,Wednesday,1884.61,CARD
CUST006689,6,Fashion,23 23,Monday,651.20,UPI
CUST006690,1,Healthcare,13 19,Wednesday,1564.46,CASH
CUST006691,5,Healthcare,20 21,Tuesday,1160.72,CARD
CUST006692,4,Sports Fitness,01 59,Sunday,6170.32,CASH
CUST006693,4,Beauty Personal Care,13 10,Wednesday,663.78,UPI
CUST006694,1,Fashion,15 12,Thursday,3611.01,CARD
CUST006695,2,Home Kitchen,19 56,Monday,3729.72,UPI
CUST006696,5,Books Stationery,02 51,Tuesday,644.78,CARD
CUST006697,5,Books Stationery,06 07,Sunday,1797.60,CARD
CUST006698,2,Sports Fitness,23 07,Thursday,13892.61,CARD
CUST006699,6,Toys Games,02 03,Monday,3693.44,CASH
CUST006700,1,Home Kitchen,19 17,Monday,2100.40,CASH
CUST006701,6,Food,08 02,Tuesday,274.89,CASH
CUST006702,6,Home Kitchen,15 27,Sunday,9373.81,UPI
CUST006703,3,Fashion,18 27,Friday,4673.38,CARD
CUST006704,2,Electronics,02 55,Thursday,19788.14,UPI
CUST006705,1,Fashion,01 48,Wednesday,679.35,CARD
CUST006706,1,Fashion,13 14,Monday,3852.70,CARD
CUST006707,6,Books Stationery,11 13,Tuesday,1909.47,CASH
CUST006708,3,Electronics,09 20,Tuesday,7029.87,UPI
CUST006709,4,Sports Fitness,03 59,Wednesday,13253.38,UPI
CUST006710,1,Books Stationery,20 08,Monday,1410.17,UPI
CUST006711,5,Sports Fitness,06 23,Sunday,14326.74,UPI
CUST006712,5,Grocery,01 51,Friday,699.77,CARD
CUST006713,1,Toys Games,01 25,Sunday,1327.11,UPI
CUST006714,2,Toys Games,18 38,Tuesday,3819.24,CARD
CUST006715,4,Food,20 31,Wednesday,592.00,UPI
CUST006716,4,Beauty Personal Care,05 35,Sunday,1602.06,CARD
CUST006717,1,Toys Games,15 30,Thursday,3015.01,CASH
CUST006718,1,Beauty Personal Care,22 01,Tuesday,1431.17,CARD
CUST006719,2,Beauty Personal Care,04 26,Saturday,1004.12,UPI
CUST006720,6,Fashion,23 19,Tuesday,4925.72,CASH
CUST006721,1,Grocery,05 10,Thursday,2320.31,CASH
CUST006722,1,Home Kitchen,06 47,Friday,5812.89,CASH
CUST006723,2,Books Stationery,06 27,Friday,168.15,CARD
CUST006724,4,Food,08 08,Wednesday,489.98,CARD
CUST006725,4,Home Kitchen,10 08,Thursday,3241.29,UPI
CUST006726,5,Healthcare,18 04,Saturday,990.52,CARD
CUST006727,6,Toys Games,02 56,Friday,4242.75,CARD
CUST006728,2,Toys Games,22 22,Monday,2376.84,UPI
CUST006729,6,Food,15 26,Sunday,216.95,CASH
CUST006730,1,Home Kitchen,21 24,Monday,6106.96,UPI
CUST006731,5,Sports Fitness,16 51,Saturday,14445.01,CASH
CUST006732,5,Grocery,17 27,Sunday,2259.89,CASH
CUST006733,2,Sports Fitness,22 40,Tuesday,11941.46,CARD
CUST006734,2,Sports Fitness,05 30,Tuesday,610.02,CARD
CUST006735,1,Books Stationery,18 47,Sunday,341.73,CASH
CUST006736,3,Home Kitchen,04 48,Friday,5779.94,CARD
CUST006737,5,Fashion,19 36,Saturday,3447.11,CARD
CUST006738,1,Home Kitchen,19 42,Tuesday,8334.62,UPI
CUST006739,3,Toys Games,13 27,Thursday,3373.47,UPI
CUST006740,4,Food,05 41,Thursday,357.34,UPI
CUST006741,1,Healthcare,02 42,Wednesday,390.99,CASH
CUST006742,2,Healthcare,23 33,Friday,3057.19,CARD
CUST006743,2,Beauty Personal Care,16 47,Saturday,363.63,UPI
CUST006744,3,Toys Games,17 09,Monday,3902.48,UPI
CUST006745,3,Toys Games,08 21,Monday,4373.62,CASH
CUST006746,3,Food,01 38,Sunday,210.69,UPI
CUST006747,4,Beauty Personal Care,14 56,Monday,2783.92,CARD
CUST006748,6,Grocery,16 11,Wednesday,1542.83,UPI
CUST006749,4,Food,04 34,Saturday,723.89,CARD
CUST006750,6,Healthcare,10 47,Sunday,511.37,CARD
CUST006751,1,Home Kitchen,02 19,Sunday,9952.35,UPI
CUST006752,4,Electronics,10 34,Tuesday,36335.78,UPI
CUST006753,3,Home Kitchen,05 56,Friday,7553.68,CARD
CUST006754,2,Electronics,20 45,Saturday,21432.68,CASH
CUST006755,3,Books Stationery,08 47,Tuesday,327.62,UPI
CUST006756,3,Beauty Personal Care,21 24,Wednesday,1433.96,CARD
CUST006757,5,Toys Games,13 36,Monday,4780.62,UPI
CUST006758,1,Sports Fitness,07 21,Saturday,4346.51,CASH
CUST006759,3,Toys Games,18 31,Thursday,1410.42,CARD
CUST006760,5,Home Kitchen,14 31,Monday,9061.60,CARD
CUST006761,1,Books Stationery,17 14,Thursday,181.64,CARD
CUST006762,6,Food,15 53,Sunday,563.01,CASH
CUST006763,5,Toys Games,14 56,Saturday,3675.19,UPI
CUST006764,3,Food,23 55,Wednesday,205.87,CASH
CUST006765,3,Healthcare,14 03,Sunday,2074.10,CASH
CUST006766,5,Food,20 44,Saturday,317.20,UPI
CUST006767,4,Grocery,01 37,Thursday,1460.19,UPI
CUST006768,1,Grocery,05 41,Saturday,1784.78,UPI
CUST006769,6,Home Kitchen,16 04,Friday,6749.31,CARD
CUST006770,1,Toys Games,08 55,Wednesday,943.29,CASH
CUST006771,3,Healthcare,05 16,Monday,2283.84,UPI
CUST006772,3,Healthcare,20 13,Saturday,4093.47,CARD
CUST006773,6,Food,02 20,Saturday,128.20,CASH
CUST006774,6,Toys Games,09 36,Thursday,2072.06,UPI
CUST006775,6,Food,03 19,Wednesday,86.54,CASH
CUST006776,3,Fashion,22 13,Tuesday,3359.68,CASH
CUST006777,3,Grocery,11 45,Saturday,1512.41,UPI
CUST006778,3,Food,11 42,Wednesday,476.15,CASH
CUST006779,1,Books Stationery,18 30,Sunday,637.46,CASH
CUST006780,2,Electronics,14 40,Friday,36239.47,UPI
CUST006781,3,Home Kitchen,05 25,Tuesday,9462.05,CASH
CUST006782,3,Toys Games,17 12,Monday,3131.38,CASH
CUST006783,6,Beauty Personal Care,16 02,Monday,2193.41,CARD
CUST006784,6,Home Kitchen,11 51,Friday,2350.59,CARD
CUST006785,3,Fashion,21 54,Friday,3750.65,CASH
CUST006786,5,Grocery,16 13,Saturday,1728.99,CASH
CUST006787,5,Food,15 43,Saturday,683.22,UPI
CUST006788,4,Electronics,22 51,Friday,8598.52,CARD
CUST006789,5,Books Stationery,02 19,Wednesday,1488.48,CARD
CUST006790,4,Healthcare,12 46,Saturday,4767.88,CASH
CUST006791,6,Home Kitchen,14 46,Wednesday,1701.38,UPI
CUST006792,6,Grocery,21 21,Friday,649.87,CASH
CUST006793,3,Grocery,21 40,Thursday,2875.51,CASH
CUST006794,2,Sports Fitness,01 07,Thursday,1158.03,CASH
CUST006795,2,Toys Games,11 10,Friday,2731.17,CASH
CUST006796,4,Books Stationery,13 56,Sunday,344.38,CARD
CUST006797,2,Healthcare,16 21,Wednesday,454.83,UPI
CUST006798,5,Books Stationery,20 20,Friday,368.75,CASH
CUST006799,4,Books Stationery,02 20,Sunday,282.13,CARD
CUST006800,1,Toys Games,11 55,Saturday,1897.06,CASH
CUST006801,1,Toys Games,23 27,Sunday,3893.87,UPI
CUST006802,4,Home Kitchen,09 28,Saturday,3362.65,CASH
CUST006803,5,Electronics,05 09,Sunday,18870.85,UPI
CUST006804,2,Home Kitchen,07 46,Sunday,7740.36,CARD
CUST006805,2,Beauty Personal Care,02 27,Saturday,1694.28,CASH
CUST006806,2,Books Stationery,23 26,Thursday,1818.17,CASH
CUST006807,1,Books Stationery,22 13,Thursday,1910.68,UPI
CUST006808,5,Food,01 10,Monday,643.42,UPI
CUST006809,5,Books Stationery,02 51,Thursday,856.17,UPI
CUST006810,4,Books Stationery,08 42,Friday,856.56,UPI
CUST006811,6,Food,08 21,Thursday,205.51,UPI
CUST006812,3,Beauty Personal Care,09 04,Wednesday,994.13,CARD
CUST006813,2,Fashion,14 49,Monday,2492.26,UPI
CUST006814,1,Fashion,17 25,Thursday,4842.40,CASH
CUST006815,6,Books Stationery,01 56,Friday,504.11,CARD
CUST006816,6,Beauty Personal Care,23 26,Saturday,1718.85,CASH
CUST006817,2,Grocery,18 58,Saturday,1684.38,CASH
CUST006818,4,Food,14 00,Thursday,784.30,UPI
CUST006819,1,Toys Games,14 22,Saturday,4961.39,CARD
CUST006820,6,Healthcare,19 53,Tuesday,697.18,CASH
CUST006821,5,Sports Fitness,00 30,Sunday,13722.17,CASH
CUST006822,5,Toys Games,21 34,Tuesday,3478.09,CASH
CUST006823,5,Grocery,01 57,Monday,2123.38,CASH
CUST006824,6,Grocery,01 01,Tuesday,2057.20,CARD
CUST006825,3,Fashion,19 08,Tuesday,4520.10,CARD
CUST006826,2,Fashion,08 30,Wednesday,1745.27,CARD
CUST006827,6,Food,06 10,Tuesday,465.45,CASH
CUST006828,6,Food,05 17,Wednesday,263.44,CASH
CUST006829,3,Books Stationery,11 51,Thursday,1908.36,UPI
CUST006830,5,Food,12 09,Monday,290.57,UPI
CUST006831,2,Beauty Personal Care,17 19,Wednesday,351.04,UPI
CUST006832,3,Fashion,11 24,Monday,4720.91,CASH
CUST006833,5,Toys Games,11 20,Thursday,846.34,CARD
CUST006834,5,Food,22 22,Wednesday,296.64,UPI
CUST006835,4,Sports Fitness,23 43,Saturday,8107.71,CARD
CUST006836,2,Books Stationery,06 38,Monday,563.43,CARD
CUST006837,3,Home Kitchen,07 07,Sunday,1376.61,CASH
CUST006838,1,Electronics,02 59,Thursday,15077.33,CASH
CUST006839,1,Grocery,09 50,Saturday,2281.52,UPI
CUST006840,3,Home Kitchen,09 29,Thursday,4179.85,CARD
CUST006841,5,Beauty Personal Care,06 22,Saturday,1055.15,CASH
CUST006842,4,Home Kitchen,03 41,Friday,2340.32,UPI
CUST006843,5,Food,14 53,Monday,486.42,CASH
CUST006844,5,Grocery,19 12,Sunday,1769.81,UPI
CUST006845,2,Food,01 32,Thursday,209.67,UPI
CUST006846,4,Fashion,03 13,Thursday,916.88,UPI
CUST006847,1,Sports Fitness,22 46,Monday,7667.23,CARD
CUST006848,5,Sports Fitness,09 27,Monday,3721.71,CARD
CUST006849,5,Grocery,03 27,Monday,1234.94,CASH
CUST006850,3,Grocery,10 09,Sunday,556.55,CASH
CUST006851,1,Toys Games,08 28,Tuesday,4647.82,CARD
CUST006852,5,Electronics,04 21,Thursday,8738.85,CASH
CUST006853,1,Toys Games,20 32,Wednesday,3506.77,UPI
CUST006854,2,Home Kitchen,04 35,Thursday,7666.20,CASH
CUST006855,2,Electronics,17 56,Monday,12205.56,CASH
CUST006856,5,Sports Fitness,22 31,Tuesday,3181.13,UPI
CUST006857,2,Fashion,22 30,Monday,4012.35,CARD
CUST006858,6,Toys Games,04 23,Saturday,1591.27,CARD
CUST006859,6,Grocery,10 31,Sunday,734.21,CARD
CUST006860,6,Fashion,22 52,Monday,3446.95,CASH
CUST006861,5,Sports Fitness,08 20,Sunday,14746.06,CARD
CUST006862,4,Healthcare,15 53,Wednesday,3308.22,CASH
CUST006863,4,Toys Games,02 03,Tuesday,3875.44,CASH
CUST006864,4,Food,09 39,Monday,78.40,CARD
CUST006865,4,Sports Fitness,13 23,Wednesday,2300.53,CASH
CUST006866,1,Grocery,05 11,Friday,2348.63,CARD
CUST006867,4,Electronics,15 43,Wednesday,36566.23,CASH
CUST006868,2,Grocery,05 23,Tuesday,1393.16,CASH
CUST006869,1,Grocery,04 10,Tuesday,1668.22,CASH
CUST006870,5,Healthcare,07 38,Wednesday,491.65,CASH
CUST006871,1,Electronics,09 30,Friday,12015.96,UPI
CUST006872,3,Toys Games,03 00,Wednesday,1224.10,CARD
CUST006873,5,Toys Games,13 27,Monday,210.85,CARD
CUST006874,5,Books Stationery,03 09,Monday,1806.65,CARD
CUST006875,2,Healthcare,13 49,Sunday,2994.41,CASH
CUST006876,2,Books Stationery,16 46,Tuesday,137.90,CARD
CUST006877,4,Fashion,10 39,Wednesday,3659.28,UPI
CUST006878,2,Books Stationery,05 41,Wednesday,197.90,CASH
CUST006879,5,Books Stationery,17 05,Wednesday,290.22,UPI
CUST006880,3,Food,18 00,Saturday,717.58,UPI
CUST006881,4,Electronics,03 08,Sunday,46275.80,UPI
CUST006882,1,Toys Games,01 35,Thursday,1710.50,UPI
CUST006883,5,Sports Fitness,12 39,Wednesday,13332.01,UPI
CUST006884,6,Sports Fitness,15 11,Thursday,5660.11,CARD
CUST006885,1,Fashion,14 18,Friday,3799.42,UPI
CUST006886,4,Grocery,20 21,Monday,673.26,CASH
CUST006887,6,Books Stationery,00 45,Sunday,809.43,CARD
CUST006888,5,Fashion,08 39,Thursday,2976.03,UPI
CUST006889,6,Books Stationery,08 03,Saturday,612.12,UPI
CUST006890,1,Food,02 02,Tuesday,86.55,CARD
CUST006891,5,Toys Games,07 47,Sunday,461.50,CASH
CUST006892,6,Toys Games,02 02,Monday,3017.20,CARD
CUST006893,5,Grocery,06 43,Sunday,1543.59,UPI
CUST006894,3,Healthcare,16 33,Wednesday,4759.10,UPI
CUST006895,2,Beauty Personal Care,01 57,Wednesday,2364.81,CARD
CUST006896,5,Books Stationery,08 47,Monday,1232.42,CARD
CUST006897,6,Food,09 11,Thursday,139.97,CASH
CUST006898,6,Books Stationery,02 06,Monday,759.09,UPI
CUST006899,6,Toys Games,15 21,Friday,3307.61,CASH
CUST006900,4,Healthcare,17 30,Thursday,2371.08,CARD
CUST006901,6,Toys Games,23 51,Tuesday,3835.09,CARD
CUST006902,3,Books Stationery,05 08,Thursday,1462.34,CASH
CUST006903,3,Electronics,15 22,Sunday,44666.56,CARD
CUST006904,1,Home Kitchen,07 47,Monday,6236.88,CARD
CUST006905,4,Home Kitchen,16 14,Saturday,612.14,CARD
CUST006906,2,Home Kitchen,23 02,Friday,4767.96,UPI
CUST006907,1,Toys Games,10 21,Saturday,843.53,CASH
CUST006908,1,Books Stationery,08 04,Thursday,1302.52,UPI
CUST006909,5,Electronics,01 52,Saturday,46140.32,CASH
CUST006910,4,Grocery,08 43,Tuesday,1534.42,UPI
CUST006911,4,Toys Games,02 28,Saturday,1804.69,UPI
CUST006912,1,Books Stationery,22 50,Wednesday,1006.83,CASH
CUST006913,5,Food,07 50,Friday,274.43,CASH
CUST006914,2,Books Stationery,08 09,Sunday,1477.24,CASH
CUST006915,2,Toys Games,11 29,Sunday,685.21,CASH
CUST006916,3,Healthcare,18 24,Wednesday,4613.56,CASH
CUST006917,5,Healthcare,06 48,Thursday,4049.42,UPI
CUST006918,6,Home Kitchen,23 26,Sunday,9004.74,CARD
CUST006919,2,Grocery,22 53,Sunday,1564.96,UPI
CUST006920,1,Books Stationery,07 03,Wednesday,1988.88,CASH
CUST006921,5,Beauty Personal Care,01 52,Saturday,781.07,CARD
CUST006922,1,Books Stationery,07 33,Thursday,1207.87,CASH
CUST006923,4,Sports Fitness,17 44,Saturday,859.95,CARD
CUST006924,1,Home Kitchen,09 16,Thursday,2002.51,UPI
CUST006925,2,Books Stationery,11 44,Friday,821.68,CARD
CUST006926,6,Sports Fitness,21 43,Sunday,14153.77,CASH
CUST006927,4,Sports Fitness,10 09,Thursday,8154.98,UPI
CUST006928,6,Books Stationery,16 55,Sunday,916.12,UPI
CUST006929,5,Food,21 01,Monday,763.20,CARD
CUST006930,3,Fashion,04 53,Monday,4394.02,CASH
CUST006931,4,Healthcare,00 49,Wednesday,3511.86,CASH
CUST006932,5,Home Kitchen,07 20,Sunday,3407.46,CARD
CUST006933,3,Home Kitchen,00 26,Friday,512.17,CASH
CUST006934,3,Food,20 21,Sunday,461.40,CARD
CUST006935,5,Sports Fitness,20 33,Sunday,11808.34,CARD
CUST006936,6,Food,10 12,Tuesday,285.52,CARD
CUST006937,6,Sports Fitness,18 18,Sunday,12796.36,CARD
CUST006938,3,Beauty Personal Care,16 16,Thursday,269.95,CARD
CUST006939,2,Beauty Personal Care,06 37,Sunday,289.05,CARD
CUST006940,3,Sports Fitness,11 29,Friday,633.15,CASH
CUST006941,1,Food,20 13,Sunday,687.29,CASH
CUST006942,5,Toys Games,15 47,Saturday,1022.54,UPI
CUST006943,1,Electronics,03 01,Monday,28063.79,CARD
CUST006944,1,Home Kitchen,20 33,Thursday,2589.88,CARD
CUST006945,2,Home Kitchen,04 42,Friday,2547.59,UPI
CUST006946,5,Books Stationery,04 15,Tuesday,534.75,CARD
CUST006947,2,Sports Fitness,11 38,Thursday,5538.64,UPI
CUST006948,3,Books Stationery,05 05,Wednesday,1102.15,CASH
CUST006949,2,Toys Games,02 34,Sunday,652.85,CARD
CUST006950,3,Books Stationery,17 55,Monday,778.54,CARD
CUST006951,6,Grocery,17 01,Tuesday,2543.31,CASH
CUST006952,5,Fashion,18 28,Monday,1092.65,UPI
CUST006953,4,Beauty Personal Care,08 04,Monday,2033.63,CARD
CUST006954,1,Grocery,06 31,Saturday,830.37,CASH
CUST006955,2,Home Kitchen,23 02,Sunday,1316.04,CARD
CUST006956,5,Healthcare,04 45,Saturday,1884.14,CARD
CUST006957,6,Fashion,20 40,Monday,2124.60,CASH
CUST006958,4,Books Stationery,15 12,Friday,1952.11,CARD
CUST006959,6,Fashion,11 29,Tuesday,1764.17,CASH
CUST006960,1,Electronics,11 27,Friday,15081.31,CARD
CUST006961,2,Grocery,02 41,Friday,311.37,CARD
CUST006962,1,Books Stationery,23 44,Saturday,1578.70,CARD
CUST006963,6,Food,06 14,Wednesday,741.88,CASH
CUST006964,5,Healthcare,19 09,Monday,474.81,CASH
CUST006965,3,Fashion,06 37,Thursday,2108.61,CASH
CUST006966,1,Books Stationery,18 24,Saturday,144.76,CARD
CUST006967,2,Grocery,03 48,Thursday,1255.37,CARD
CUST006968,3,Fashion,07 26,Thursday,530.60,CARD
CUST006969,3,Sports Fitness,11 07,Saturday,13375.22,UPI
CUST006970,2,Beauty Personal Care,09 39,Saturday,2378.45,CASH
CUST006971,1,Food,06 30,Friday,715.99,CARD
CUST006972,4,Electronics,22 45,Monday,12510.86,CASH
CUST006973,1,Healthcare,16 15,Monday,2541.30,CASH
CUST006974,3,Healthcare,21 15,Sunday,4574.43,CARD
CUST006975,6,Books Stationery,04 47,Saturday,1505.28,CASH
CUST006976,3,Fashion,03 40,Saturday,4820.42,CASH
CUST006977,3,Sports Fitness,19 49,Saturday,13048.87,CASH
CUST006978,3,Food,15 23,Friday,292.78,UPI
CUST006979,3,Grocery,20 43,Sunday,1040.20,CARD
CUST006980,5,Books Stationery,16 28,Wednesday,1448.35,UPI
CUST006981,2,Electronics,13 24,Sunday,12565.84,UPI
CUST006982,5,Beauty Personal Care,01 58,Tuesday,967.76,UPI
CUST006983,4,Beauty Personal Care,03 10,Friday,2003.34,CASH
CUST006984,3,Toys Games,12 32,Friday,1747.63,CARD
CUST006985,4,Toys Games,12 37,Sunday,3167.28,CASH
CUST006986,4,Fashion,19 59,Friday,3274.21,UPI
CUST006987,5,Beauty Personal Care,18 14,Friday,557.13,CASH
CUST006988,1,Food,07 24,Saturday,311.86,CASH
CUST006989,2,Beauty Personal Care,12 02,Wednesday,809.73,CASH
CUST006990,2,Healthcare,15 23,Monday,2187.77,UPI
CUST006991,2,Beauty Personal Care,07 09,Wednesday,1641.44,CASH
CUST006992,1,Fashion,07 06,Monday,1144.10,CASH
CUST006993,1,Fashion,08 30,Wednesday,3259.18,CARD
CUST006994,2,Toys Games,11 29,Sunday,3126.33,UPI
CUST006995,5,Food,08 51,Saturday,625.94,UPI
CUST006996,2,Home Kitchen,21 42,Sunday,6755.68,CARD
CUST006997,1,Electronics,11 20,Monday,31731.92,CARD
CUST006998,1,Books Stationery,10 25,Sunday,970.16,CASH
CUST006999,1,Books Stationery,17 48,Wednesday,863.97,UPI
CUST007000,4,Electronics,10 57,Wednesday,32452.78,CASH
CUST007001,1,Grocery,03 41,Sunday,713.95,UPI
CUST007002,6,Home Kitchen,14 23,Sunday,6553.85,CARD
CUST007003,4,Books Stationery,06 57,Thursday,1797.28,UPI
CUST007004,2,Healthcare,15 14,Tuesday,2820.80,CASH
CUST007005,5,Grocery,05 54,Saturday,2425.90,CASH
CUST007006,4,Sports Fitness,00 03,Sunday,7397.59,UPI
CUST007007,3,Fashion,17 12,Tuesday,1598.23,CARD
CUST007008,2,Home Kitchen,10 28,Thursday,5000.60,CASH
CUST007009,1,Food,03 00,Friday,495.74,UPI
CUST007010,4,Beauty Personal Care,02 04,Sunday,2751.65,CASH
CUST007011,2,Food,22 15,Monday,509.59,CARD
CUST007012,2,Sports Fitness,00 05,Monday,2189.00,UPI
CUST007013,4,Sports Fitness,15 10,Thursday,6100.54,UPI
CUST007014,1,Books Stationery,11 35,Saturday,1520.62,UPI
CUST007015,2,Food,10 01,Sunday,88.05,CASH
CUST007016,1,Fashion,20 33,Wednesday,1918.66,CARD
CUST007017,6,Fashion,03 37,Monday,2047.66,CASH
CUST007018,4,Food,23 33,Tuesday,472.58,CARD
CUST007019,3,Healthcare,20 13,Sunday,3617.50,UPI
CUST007020,3,Beauty Personal Care,05 36,Tuesday,753.88,UPI
CUST007021,4,Home Kitchen,08 54,Sunday,5407.27,CARD
CUST007022,2,Home Kitchen,12 53,Sunday,1962.52,CARD
CUST007023,3,Home Kitchen,15 05,Monday,4801.79,CASH
CUST007024,1,Grocery,15 19,Monday,886.68,UPI
CUST007025,1,Home Kitchen,12 35,Tuesday,4715.97,CARD
CUST007026,3,Grocery,14 28,Friday,2479.09,UPI
CUST007027,5,Grocery,15 29,Wednesday,208.86,CARD
CUST007028,4,Electronics,23 09,Tuesday,26043.90,UPI
CUST007029,1,Electronics,04 37,Monday,35730.28,CARD
CUST007030,3,Toys Games,15 36,Thursday,2163.74,CARD
CUST007031,5,Grocery,13 08,Sunday,2785.70,UPI
CUST007032,6,Grocery,00 44,Tuesday,1319.78,CARD
CUST007033,2,Fashion,01 22,Tuesday,825.92,CARD
CUST007034,6,Healthcare,18 40,Monday,3143.23,CASH
CUST007035,1,Home Kitchen,08 23,Monday,1185.63,CARD
CUST007036,5,Grocery,15 25,Tuesday,1158.62,UPI
CUST007037,4,Grocery,22 22,Thursday,2003.52,CASH
CUST007038,6,Toys Games,07 59,Thursday,3403.17,CASH
CUST007039,4,Fashion,11 42,Tuesday,3185.57,CASH
CUST007040,2,Toys Games,15 35,Wednesday,3700.33,UPI
CUST007041,5,Home Kitchen,20 57,Sunday,2399.28,UPI
CUST007042,1,Electronics,21 41,Thursday,4217.29,CASH
CUST007043,4,Food,13 08,Monday,291.78,CARD
CUST007044,4,Electronics,15 35,Friday,1142.68,CARD
CUST007045,5,Books Stationery,11 37,Wednesday,1315.80,UPI
CUST007046,2,Fashion,18 16,Wednesday,2724.37,UPI
CUST007047,3,Beauty Personal Care,07 47,Friday,612.57,UPI
CUST007048,1,Sports Fitness,08 06,Sunday,14133.18,CARD
CUST007049,5,Food,05 26,Sunday,531.17,CASH
CUST007050,1,Electronics,15 43,Tuesday,13938.16,CASH
CUST007051,3,Sports Fitness,19 01,Thursday,3699.63,CASH
CUST007052,2,Home Kitchen,14 48,Sunday,5926.72,UPI
CUST007053,5,Food,23 12,Wednesday,369.64,UPI
CUST007054,2,Sports Fitness,12 28,Saturday,4986.71,UPI
CUST007055,4,Electronics,19 36,Wednesday,15986.25,UPI
CUST007056,3,Healthcare,03 53,Tuesday,1448.12,CASH
CUST007057,3,Healthcare,11 37,Monday,2292.26,CASH
CUST007058,1,Toys Games,18 46,Wednesday,241.97,UPI
CUST007059,6,Healthcare,22 44,Monday,937.24,UPI
CUST007060,4,Healthcare,23 29,Monday,1760.60,CARD
CUST007061,3,Fashion,09 09,Monday,3093.17,UPI
CUST007062,4,Books Stationery,07 18,Friday,1570.89,CASH
CUST007063,3,Grocery,08 04,Saturday,2749.66,CASH
CUST007064,1,Home Kitchen,16 42,Sunday,8467.53,CASH
CUST007065,4,Fashion,17 36,Wednesday,4358.94,CASH
CUST007066,6,Beauty Personal Care,11 03,Saturday,2621.76,CARD
CUST007067,4,Home Kitchen,15 11,Wednesday,6038.08,CASH
CUST007068,2,Beauty Personal Care,16 08,Monday,1773.14,UPI
CUST007069,3,Books Stationery,16 51,Friday,1706.28,CARD
CUST007070,3,Home Kitchen,15 38,Tuesday,7529.37,CARD
CUST007071,6,Books Stationery,23 58,Monday,1947.45,CASH
CUST007072,3,Sports Fitness,07 32,Saturday,7490.53,CASH
CUST007073,4,Sports Fitness,13 23,Tuesday,9961.95,UPI
CUST007074,3,Home Kitchen,23 05,Thursday,6890.55,CARD
CUST007075,3,Home Kitchen,15 17,Friday,9814.82,UPI
CUST007076,5,Grocery,11 09,Saturday,374.41,CARD
CUST007077,6,Home Kitchen,02 14,Tuesday,4152.83,CASH
CUST007078,5,Electronics,05 28,Thursday,17016.07,CASH
CUST007079,4,Healthcare,01 03,Wednesday,3782.20,UPI
CUST007080,3,Home Kitchen,12 35,Sunday,862.19,CASH
CUST007081,4,Healthcare,02 27,Thursday,586.75,CASH
CUST007082,2,Toys Games,21 55,Friday,4680.01,CARD
CUST007083,4,Grocery,08 11,Wednesday,2885.07,UPI
CUST007084,5,Home Kitchen,05 36,Friday,8640.42,CARD
CUST007085,2,Home Kitchen,08 37,Sunday,6473.33,CARD
CUST007086,3,Food,17 57,Friday,751.06,CARD
CUST007087,1,Toys Games,05 24,Sunday,587.44,CARD
CUST007088,5,Toys Games,18 00,Friday,4830.38,UPI
CUST007089,2,Home Kitchen,23 47,Wednesday,2608.03,UPI
CUST007090,1,Toys Games,11 46,Monday,2109.62,CARD
CUST007091,5,Home Kitchen,21 09,Sunday,6605.55,UPI
CUST007092,1,Sports Fitness,17 12,Friday,1975.72,UPI
CUST007093,3,Healthcare,01 27,Monday,1867.18,CASH
CUST007094,4,Healthcare,14 00,Friday,3074.65,CASH
CUST007095,4,Healthcare,08 36,Friday,1689.67,CARD
CUST007096,6,Books Stationery,15 14,Wednesday,241.85,CARD
CUST007097,2,Toys Games,01 47,Tuesday,3845.99,CASH
CUST007098,6,Healthcare,04 16,Wednesday,750.86,CASH
CUST007099,6,Sports Fitness,21 23,Wednesday,12405.70,CARD
CUST007100,6,Sports Fitness,15 30,Saturday,2437.82,UPI
CUST007101,5,Toys Games,00 27,Tuesday,2124.57,UPI
CUST007102,3,Books Stationery,12 58,Sunday,1647.57,UPI
CUST007103,3,Beauty Personal Care,08 32,Friday,2548.69,CARD
CUST007104,3,Books Stationery,02 52,Sunday,404.48,CASH
CUST007105,4,Books Stationery,04 36,Sunday,787.36,CASH
CUST007106,2,Beauty Personal Care,16 36,Tuesday,538.89,CARD
CUST007107,3,Home Kitchen,01 15,Tuesday,2274.69,UPI
CUST007108,5,Grocery,07 31,Friday,2733.47,CASH
CUST007109,3,Home Kitchen,15 09,Monday,5551.66,UPI
CUST007110,6,Books Stationery,10 43,Monday,600.33,CASH
CUST007111,6,Fashion,01 34,Sunday,3413.94,UPI
CUST007112,3,Electronics,10 23,Thursday,43421.10,CARD
CUST007113,6,Fashion,06 01,Monday,4782.86,CASH
CUST007114,4,Electronics,20 39,Monday,39096.39,CASH
CUST007115,4,Healthcare,12 31,Saturday,3880.76,UPI
CUST007116,5,Food,11 11,Tuesday,255.34,CASH
CUST007117,4,Toys Games,11 00,Friday,2261.37,CARD
CUST007118,6,Books Stationery,10 53,Saturday,1681.48,CASH
CUST007119,3,Home Kitchen,06 59,Sunday,991.93,CARD
CUST007120,4,Beauty Personal Care,10 54,Tuesday,876.06,CASH
CUST007121,5,Toys Games,18 09,Thursday,1007.31,CASH
CUST007122,5,Grocery,11 00,Saturday,2281.31,CARD
CUST007123,5,Food,06 02,Sunday,559.94,CASH
CUST007124,4,Sports Fitness,09 48,Thursday,8916.28,CARD
CUST007125,4,Electronics,10 35,Saturday,8934.65,CASH
CUST007126,4,Beauty Personal Care,15 56,Wednesday,358.96,CARD
CUST007127,3,Healthcare,08 27,Friday,470.71,CASH
CUST007128,6,Grocery,00 54,Sunday,682.66,CASH
CUST007129,3,Food,20 58,Sunday,606.83,UPI
CUST007130,3,Healthcare,09 14,Monday,4699.89,CASH
CUST007131,3,Sports Fitness,00 23,Friday,7492.26,UPI
CUST007132,4,Food,17 37,Wednesday,510.67,CASH
CUST007133,2,Books Stationery,04 43,Thursday,464.79,UPI
CUST007134,5,Beauty Personal Care,14 35,Tuesday,376.12,UPI
CUST007135,5,Beauty Personal Care,06 33,Monday,476.14,UPI
CUST007136,3,Food,08 36,Friday,63.49,UPI
CUST007137,5,Electronics,13 55,Friday,1165.23,CARD
CUST007138,6,Fashion,01 36,Monday,2402.55,CARD
CUST007139,2,Healthcare,01 02,Monday,4503.87,CARD
CUST007140,3,Books Stationery,00 59,Tuesday,671.81,CARD
CUST007141,4,Beauty Personal Care,08 08,Wednesday,774.03,CASH
CUST007142,1,Books Stationery,02 41,Wednesday,1422.36,CASH
CUST007143,2,Healthcare,23 43,Tuesday,4107.59,UPI
CUST007144,4,Books Stationery,07 24,Sunday,951.07,UPI
CUST007145,3,Food,08 42,Friday,753.14,CASH
CUST007146,2,Home Kitchen,13 41,Saturday,3422.79,CASH
CUST007147,6,Healthcare,17 26,Friday,3173.00,UPI
CUST007148,2,Healthcare,20 58,Saturday,2738.67,UPI
CUST007149,3,Healthcare,10 13,Wednesday,4434.50,UPI
CUST007150,3,Toys Games,12 08,Tuesday,3419.39,UPI
CUST007151,6,Grocery,11 49,Saturday,360.55,CASH
CUST007152,4,Healthcare,16 36,Friday,4808.86,UPI
CUST007153,3,Healthcare,18 50,Sunday,813.01,CASH
CUST007154,3,Beauty Personal Care,00 03,Saturday,929.88,CARD
CUST007155,3,Food,12 59,Thursday,298.01,CASH
CUST007156,1,Fashion,18 43,Monday,2532.64,UPI
CUST007157,1,Grocery,23 18,Sunday,1898.11,UPI
CUST007158,4,Toys Games,22 00,Thursday,2801.30,CARD
CUST007159,2,Sports Fitness,06 25,Thursday,14097.42,CARD
CUST007160,5,Beauty Personal Care,01 45,Saturday,656.13,UPI
CUST007161,1,Beauty Personal Care,01 22,Wednesday,1066.23,CARD
CUST007162,5,Electronics,05 42,Sunday,20034.70,CARD
CUST007163,2,Healthcare,20 40,Thursday,3302.74,CARD
CUST007164,2,Sports Fitness,11 43,Wednesday,4344.02,UPI
CUST007165,1,Food,18 54,Friday,453.59,CARD
CUST007166,2,Home Kitchen,22 19,Sunday,6680.00,UPI
CUST007167,3,Beauty Personal Care,04 50,Tuesday,2974.09,UPI
CUST007168,3,Books Stationery,19 37,Tuesday,951.82,CARD
CUST007169,5,Grocery,20 21,Wednesday,1340.31,CASH
CUST007170,5,Fashion,22 48,Sunday,705.17,UPI
CUST007171,3,Sports Fitness,02 03,Monday,14814.24,CARD
CUST007172,3,Healthcare,15 54,Monday,4993.80,UPI
CUST007173,5,Fashion,02 46,Wednesday,2933.98,UPI
CUST007174,3,Home Kitchen,08 18,Friday,9366.59,CARD
CUST007175,1,Food,02 35,Tuesday,251.98,UPI
CUST007176,1,Beauty Personal Care,05 12,Friday,978.56,UPI
CUST007177,5,Food,07 48,Saturday,379.74,UPI
CUST007178,4,Toys Games,17 01,Tuesday,2321.80,CARD
CUST007179,6,Home Kitchen,10 02,Saturday,8295.11,CARD
CUST007180,3,Home Kitchen,19 20,Saturday,6952.03,UPI
CUST007181,6,Food,05 19,Saturday,513.75,CASH
CUST007182,2,Home Kitchen,10 08,Wednesday,4217.14,CASH
CUST007183,5,Food,05 42,Wednesday,127.42,UPI
CUST007184,1,Electronics,10 24,Sunday,34476.51,UPI
CUST007185,2,Toys Games,15 41,Thursday,749.46,UPI
CUST007186,2,Toys Games,06 41,Friday,1867.31,UPI
CUST007187,2,Home Kitchen,21 03,Sunday,8691.42,CASH
CUST007188,6,Food,08 02,Sunday,677.54,CARD
CUST007189,5,Sports Fitness,23 21,Monday,7292.20,UPI
CUST007190,2,Sports Fitness,18 54,Saturday,11958.39,UPI
CUST007191,4,Books Stationery,21 41,Saturday,707.31,UPI
CUST007192,5,Electronics,13 04,Friday,27140.54,CARD
CUST007193,2,Food,05 07,Thursday,783.05,UPI
CUST007194,4,Sports Fitness,06 35,Wednesday,4251.54,UPI
CUST007195,1,Grocery,12 20,Friday,989.98,CASH
CUST007196,1,Beauty Personal Care,20 30,Sunday,1730.48,CASH
CUST007197,2,Electronics,15 17,Wednesday,3406.46,CARD
CUST007198,6,Healthcare,14 31,Thursday,4972.44,CASH
CUST007199,4,Toys Games,06 48,Friday,2811.49,CARD
CUST007200,3,Electronics,12 55,Friday,45985.84,CASH
CUST007201,1,Books Stationery,04 19,Friday,1065.59,UPI
CUST007202,2,Grocery,15 16,Wednesday,947.95,CASH
CUST007203,6,Toys Games,07 39,Saturday,3348.31,CARD
CUST007204,1,Home Kitchen,12 14,Tuesday,8693.11,CASH
CUST007205,1,Sports Fitness,16 45,Friday,3098.16,UPI
CUST007206,1,Food,13 15,Sunday,127.38,UPI
CUST007207,6,Electronics,13 59,Monday,33158.83,CARD
CUST007208,2,Healthcare,02 59,Tuesday,2306.53,CARD
CUST007209,5,Sports Fitness,02 48,Friday,6481.50,UPI
CUST007210,5,Electronics,11 00,Sunday,42256.70,CARD
CUST007211,4,Toys Games,23 17,Monday,1041.89,CASH
CUST007212,2,Sports Fitness,23 48,Saturday,4618.69,CASH
CUST007213,3,Beauty Personal Care,14 55,Monday,1025.51,CARD
CUST007214,6,Beauty Personal Care,03 58,Tuesday,489.01,CARD
CUST007215,5,Grocery,16 53,Saturday,1512.83,CASH
CUST007216,2,Food,22 44,Saturday,69.64,CASH
CUST007217,3,Home Kitchen,13 42,Wednesday,3815.35,CARD
CUST007218,5,Beauty Personal Care,22 27,Monday,2448.25,UPI
CUST007219,2,Fashion,23 10,Sunday,698.88,CASH
CUST007220,6,Grocery,22 25,Monday,252.78,UPI
CUST007221,5,Fashion,05 18,Thursday,3413.68,UPI
CUST007222,5,Food,14 49,Sunday,780.83,UPI
CUST007223,3,Books Stationery,03 56,Wednesday,1962.98,UPI
CUST007224,4,Healthcare,23 17,Friday,3413.09,CASH
CUST007225,3,Toys Games,14 58,Tuesday,2051.06,CASH
CUST007226,1,Healthcare,11 19,Thursday,2182.22,UPI
CUST007227,3,Books Stationery,14 42,Thursday,1801.59,CARD
CUST007228,4,Toys Games,16 42,Thursday,2604.24,CASH
CUST007229,4,Books Stationery,01 04,Monday,574.80,UPI
CUST007230,3,Sports Fitness,15 20,Saturday,6326.53,CASH
CUST007231,1,Home Kitchen,07 17,Sunday,3185.64,UPI
CUST007232,5,Fashion,08 35,Friday,4224.30,UPI
CUST007233,4,Beauty Personal Care,01 17,Saturday,874.79,UPI
CUST007234,6,Toys Games,21 55,Sunday,2100.21,CARD
CUST007235,1,Beauty Personal Care,01 14,Sunday,439.78,UPI
CUST007236,6,Fashion,05 05,Thursday,3812.64,UPI
CUST007237,4,Fashion,20 46,Saturday,1019.58,CASH
CUST007238,3,Toys Games,07 17,Sunday,837.72,CASH
CUST007239,6,Home Kitchen,08 44,Thursday,2825.14,CASH
CUST007240,1,Electronics,04 18,Sunday,47990.50,CASH
CUST007241,6,Fashion,20 38,Friday,3514.97,CASH
CUST007242,5,Toys Games,11 30,Monday,2000.20,CASH
CUST007243,4,Sports Fitness,06 14,Sunday,6977.65,CASH
CUST007244,5,Grocery,00 13,Wednesday,2763.36,CASH
CUST007245,2,Healthcare,09 55,Wednesday,4477.40,UPI
CUST007246,4,Electronics,16 49,Thursday,8779.95,CARD
CUST007247,5,Food,14 22,Sunday,366.85,UPI
CUST007248,1,Healthcare,20 04,Friday,1626.96,CASH
CUST007249,5,Beauty Personal Care,04 19,Sunday,2470.77,UPI
CUST007250,3,Healthcare,15 37,Tuesday,2104.94,UPI
CUST007251,3,Grocery,21 35,Thursday,305.22,UPI
CUST007252,2,Healthcare,01 32,Sunday,666.94,UPI
CUST007253,1,Fashion,11 16,Thursday,1134.50,UPI
CUST007254,5,Electronics,13 06,Monday,11235.89,UPI
CUST007255,3,Electronics,20 49,Thursday,37013.93,CASH
CUST007256,3,Toys Games,23 57,Saturday,797.28,CARD
CUST007257,2,Sports Fitness,21 53,Saturday,11561.54,UPI
CUST007258,1,Healthcare,08 12,Tuesday,3261.50,CARD
CUST007259,2,Fashion,23 51,Monday,1455.05,CASH
CUST007260,6,Fashion,08 02,Friday,4176.69,UPI
CUST007261,3,Fashion,02 17,Thursday,4390.95,UPI
CUST007262,3,Sports Fitness,23 34,Sunday,6909.16,CARD
CUST007263,3,Home Kitchen,17 03,Wednesday,7870.81,CASH
CUST007264,1,Toys Games,23 32,Saturday,4531.71,UPI
CUST007265,2,Home Kitchen,01 35,Tuesday,4700.65,CASH
CUST007266,3,Grocery,04 44,Thursday,1953.80,UPI
CUST007267,4,Beauty Personal Care,23 46,Sunday,871.11,CASH
CUST007268,1,Healthcare,21 53,Thursday,2799.40,UPI
CUST007269,5,Home Kitchen,10 19,Friday,1682.45,CASH
CUST007270,2,Electronics,06 29,Wednesday,11027.08,CARD
CUST007271,6,Sports Fitness,00 38,Monday,14567.05,UPI
CUST007272,6,Electronics,13 29,Wednesday,18270.37,CARD
CUST007273,2,Electronics,12 25,Sunday,24580.91,UPI
CUST007274,2,Healthcare,18 52,Monday,460.21,UPI
CUST007275,1,Grocery,06 48,Wednesday,754.13,CASH
CUST007276,5,Food,18 26,Saturday,232.27,CASH
CUST007277,4,Fashion,17 08,Saturday,4366.27,CASH
CUST007278,6,Toys Games,17 17,Tuesday,2088.81,CASH
CUST007279,6,Beauty Personal Care,02 24,Friday,434.20,CARD
CUST007280,4,Sports Fitness,06 56,Monday,4528.42,CARD
CUST007281,6,Toys Games,22 23,Thursday,697.34,CASH
CUST007282,4,Fashion,15 01,Monday,896.93,UPI
CUST007283,2,Fashion,18 55,Saturday,3146.91,CASH
CUST007284,6,Grocery,22 11,Thursday,1510.17,CASH
CUST007285,2,Healthcare,06 07,Thursday,426.58,CASH
CUST007286,6,Books Stationery,23 34,Sunday,925.79,CASH
CUST007287,3,Grocery,19 47,Sunday,1221.96,CASH
CUST007288,2,Books Stationery,23 54,Saturday,1296.72,CARD
CUST007289,1,Grocery,17 54,Tuesday,504.17,UPI
CUST007290,3,Food,00 51,Friday,570.10,CASH
CUST007291,3,Grocery,10 00,Friday,1389.08,CARD
CUST007292,1,Beauty Personal Care,15 53,Monday,2600.90,CARD
CUST007293,3,Fashion,16 35,Monday,3499.21,UPI
CUST007294,6,Books Stationery,20 18,Saturday,1421.49,CASH
CUST007295,2,Toys Games,00 00,Monday,585.42,CARD
CUST007296,5,Fashion,15 58,Saturday,1383.41,CASH
CUST007297,6,Fashion,21 33,Friday,1621.71,UPI
CUST007298,4,Healthcare,21 37,Thursday,3427.65,CASH
CUST007299,2,Toys Games,05 56,Monday,4654.03,UPI
CUST007300,5,Fashion,15 36,Monday,2290.44,UPI
CUST007301,2,Fashion,22 37,Thursday,1080.96,CASH
CUST007302,4,Food,03 02,Wednesday,395.65,UPI
CUST007303,4,Books Stationery,01 37,Thursday,888.29,CASH
CUST007304,2,Fashion,21 05,Friday,3368.29,CASH
CUST007305,5,Electronics,04 25,Thursday,12027.12,CASH
CUST007306,2,Home Kitchen,18 32,Friday,1014.85,CASH
CUST007307,5,Beauty Personal Care,02 51,Sunday,456.02,CASH
CUST007308,1,Home Kitchen,16 59,Friday,4693.14,UPI
CUST007309,1,Fashion,14 20,Monday,1464.80,CARD
CUST007310,3,Electronics,14 33,Wednesday,10639.37,CARD
CUST007311,6,Food,00 26,Tuesday,239.00,CARD
CUST007312,3,Beauty Personal Care,01 32,Saturday,2599.92,CASH
CUST007313,4,Beauty Personal Care,20 43,Sunday,1132.05,CASH
CUST007314,2,Beauty Personal Care,21 51,Sunday,996.80,CARD
CUST007315,5,Electronics,20 37,Saturday,37695.80,CASH
CUST007316,3,Home Kitchen,19 39,Wednesday,4151.54,UPI
CUST007317,6,Fashion,12 50,Wednesday,3080.48,CASH
CUST007318,3,Home Kitchen,02 53,Monday,2159.71,UPI
CUST007319,4,Toys Games,19 22,Wednesday,2659.92,CASH
CUST007320,5,Toys Games,15 47,Saturday,3561.56,CASH
CUST007321,6,Healthcare,23 14,Thursday,3522.27,CARD
CUST007322,2,Grocery,20 41,Friday,2394.74,CARD
CUST007323,4,Beauty Personal Care,11 15,Tuesday,661.04,UPI
CUST007324,2,Electronics,09 41,Saturday,33011.39,CASH
CUST007325,4,Healthcare,06 27,Wednesday,4943.98,UPI
CUST007326,2,Home Kitchen,02 57,Friday,8408.89,CARD
CUST007327,1,Food,04 36,Wednesday,455.22,CARD
CUST007328,5,Electronics,12 12,Monday,20223.77,UPI
CUST007329,5,Home Kitchen,03 57,Friday,2027.20,CARD
CUST007330,1,Fashion,08 23,Tuesday,4054.90,CASH
CUST007331,4,Fashion,09 05,Sunday,1132.29,CASH
CUST007332,2,Beauty Personal Care,11 18,Wednesday,1276.81,CARD
CUST007333,6,Food,07 02,Thursday,128.46,UPI
CUST007334,6,Electronics,20 25,Saturday,19960.18,UPI
CUST007335,5,Grocery,09 24,Friday,1902.33,CASH
CUST007336,3,Sports Fitness,13 22,Tuesday,8011.81,CARD
CUST007337,2,Grocery,07 56,Friday,1244.88,UPI
CUST007338,4,Electronics,18 17,Wednesday,6124.95,CASH
CUST007339,3,Grocery,06 31,Wednesday,104.11,CASH
CUST007340,2,Healthcare,13 45,Wednesday,2429.69,UPI
CUST007341,3,Home Kitchen,18 10,Saturday,7085.66,CASH
CUST007342,5,Grocery,07 50,Wednesday,1036.20,CARD
CUST007343,3,Food,17 57,Tuesday,268.25,UPI
CUST007344,3,Food,04 04,Sunday,503.51,CARD
CUST007345,2,Grocery,00 27,Tuesday,2984.16,UPI
CUST007346,6,Home Kitchen,03 51,Thursday,5126.17,CARD
CUST007347,3,Fashion,19 12,Friday,1214.82,UPI
CUST007348,3,Books Stationery,06 34,Tuesday,903.94,CASH
CUST007349,4,Fashion,12 29,Tuesday,4657.41,UPI
CUST007350,2,Home Kitchen,06 21,Wednesday,6072.10,CASH
CUST007351,1,Grocery,09 35,Sunday,2476.39,CARD
CUST007352,1,Home Kitchen,01 10,Friday,4890.60,CASH
CUST007353,1,Food,11 06,Wednesday,393.37,CARD
CUST007354,6,Electronics,17 45,Monday,2322.97,CASH
CUST007355,3,Toys Games,10 40,Friday,974.91,CARD
CUST007356,5,Food,19 17,Saturday,283.98,CARD
CUST007357,6,Beauty Personal Care,11 41,Thursday,1140.50,CARD
CUST007358,4,Food,10 03,Sunday,524.85,UPI
CUST007359,5,Sports Fitness,00 13,Wednesday,2622.83,UPI
CUST007360,2,Electronics,11 50,Thursday,14198.81,CASH
CUST007361,5,Food,13 57,Sunday,383.93,CASH
CUST007362,6,Beauty Personal Care,03 18,Thursday,1466.34,UPI
CUST007363,5,Toys Games,07 10,Friday,526.57,CARD
CUST007364,3,Toys Games,18 20,Saturday,2465.60,UPI
CUST007365,2,Books Stationery,12 41,Sunday,725.87,UPI
CUST007366,3,Electronics,12 49,Saturday,2252.32,CARD
CUST007367,2,Sports Fitness,08 04,Monday,3366.05,UPI
CUST007368,4,Home Kitchen,15 19,Monday,2802.36,CASH
CUST007369,5,Healthcare,04 26,Tuesday,4737.53,CASH
CUST007370,2,Fashion,05 36,Thursday,982.19,CASH
CUST007371,4,Toys Games,01 18,Friday,4108.71,CARD
CUST007372,4,Books Stationery,17 43,Thursday,1228.98,CASH
CUST007373,2,Fashion,05 11,Thursday,2155.28,CASH
CUST007374,3,Fashion,12 33,Friday,4646.94,UPI
CUST007375,6,Toys Games,19 44,Tuesday,4414.80,CASH
CUST007376,6,Home Kitchen,21 35,Saturday,9941.45,UPI
CUST007377,6,Home Kitchen,05 36,Friday,4156.65,CASH
CUST007378,1,Healthcare,22 07,Wednesday,3684.88,UPI
CUST007379,2,Sports Fitness,09 36,Tuesday,9746.98,CASH
CUST007380,5,Fashion,15 54,Saturday,4292.08,CASH
CUST007381,3,Home Kitchen,17 37,Thursday,6226.37,CASH
CUST007382,2,Electronics,06 31,Friday,46655.89,UPI
CUST007383,4,Healthcare,03 52,Thursday,4069.59,CARD
CUST007384,6,Toys Games,12 51,Monday,1967.39,UPI
CUST007385,4,Toys Games,07 04,Tuesday,3294.39,CARD
CUST007386,3,Electronics,20 42,Tuesday,23659.16,CASH
CUST007387,6,Books Stationery,10 52,Sunday,253.51,CARD
CUST007388,2,Books Stationery,02 01,Friday,1484.54,CARD
CUST007389,6,Beauty Personal Care,17 01,Wednesday,2602.33,CARD
CUST007390,3,Toys Games,00 42,Monday,3364.75,CASH
CUST007391,3,Electronics,12 43,Saturday,43878.31,CARD
CUST007392,3,Food,22 50,Tuesday,258.98,CARD
CUST007393,5,Fashion,01 23,Friday,3702.03,UPI
CUST007394,4,Sports Fitness,10 59,Friday,6538.00,CARD
CUST007395,6,Sports Fitness,07 23,Friday,11144.69,CARD
CUST007396,6,Food,07 46,Saturday,542.49,CASH
CUST007397,5,Beauty Personal Care,20 54,Thursday,1799.68,UPI
CUST007398,3,Sports Fitness,00 25,Sunday,8356.43,UPI
CUST007399,3,Healthcare,21 08,Tuesday,2510.40,CARD
CUST007400,3,Home Kitchen,02 49,Thursday,8569.22,CARD
CUST007401,2,Toys Games,15 47,Saturday,3799.22,CARD
CUST007402,6,Books Stationery,20 25,Sunday,1772.02,CARD
CUST007403,5,Healthcare,04 20,Thursday,897.78,CASH
CUST007404,3,Food,05 40,Saturday,113.75,CASH
CUST007405,6,Sports Fitness,08 01,Saturday,12432.71,CARD
CUST007406,2,Fashion,11 10,Tuesday,3355.47,CARD
CUST007407,5,Healthcare,02 12,Saturday,1070.84,UPI
CUST007408,2,Food,13 12,Saturday,620.58,CASH
CUST007409,2,Electronics,01 06,Wednesday,44268.63,CASH
CUST007410,3,Toys Games,03 56,Sunday,3171.23,UPI
CUST007411,6,Books Stationery,16 11,Sunday,843.53,CASH
CUST007412,4,Healthcare,05 28,Wednesday,3972.82,UPI
CUST007413,1,Toys Games,11 20,Tuesday,1794.45,CARD
CUST007414,4,Fashion,22 02,Monday,959.95,CASH
CUST007415,3,Books Stationery,10 17,Wednesday,1119.09,UPI
CUST007416,4,Toys Games,10 42,Thursday,4208.39,CASH
CUST007417,4,Healthcare,02 05,Monday,2619.42,UPI
CUST007418,1,Food,09 14,Saturday,330.24,CARD
CUST007419,6,Fashion,14 22,Wednesday,3704.89,CARD
CUST007420,6,Grocery,16 20,Monday,1254.70,CARD
CUST007421,3,Toys Games,10 39,Tuesday,1171.25,CARD
CUST007422,3,Beauty Personal Care,15 42,Thursday,1026.67,UPI
CUST007423,2,Food,21 12,Wednesday,635.64,CARD
CUST007424,4,Food,05 03,Saturday,430.88,UPI
CUST007425,1,Books Stationery,12 02,Thursday,1623.40,CARD
CUST007426,5,Sports Fitness,19 24,Monday,1762.20,UPI
CUST007427,5,Healthcare,20 28,Friday,3178.32,CASH
CUST007428,1,Healthcare,17 13,Friday,1791.27,CARD
CUST007429,5,Fashion,00 47,Sunday,1379.75,CARD
CUST007430,1,Home Kitchen,22 34,Sunday,1475.94,CASH
CUST007431,1,Healthcare,14 56,Tuesday,4590.75,CARD
CUST007432,6,Fashion,14 53,Thursday,2984.50,UPI
CUST007433,6,Sports Fitness,09 31,Sunday,4794.36,CASH
CUST007434,4,Healthcare,08 11,Saturday,4132.54,CARD
CUST007435,3,Fashion,20 08,Saturday,788.25,CARD
CUST007436,2,Beauty Personal Care,03 33,Thursday,1808.03,UPI
CUST007437,6,Home Kitchen,14 22,Monday,5879.16,UPI
CUST007438,5,Toys Games,11 03,Friday,2944.53,CARD
CUST007439,4,Fashion,05 26,Monday,4928.46,UPI
CUST007440,3,Electronics,17 26,Wednesday,18150.09,CARD
CUST007441,2,Books Stationery,01 38,Saturday,1556.98,CARD
CUST007442,1,Electronics,10 27,Wednesday,25671.84,UPI
CUST007443,4,Books Stationery,09 09,Thursday,128.30,CARD
CUST007444,5,Grocery,12 39,Friday,2633.80,CARD
CUST007445,4,Sports Fitness,09 48,Monday,14730.51,CARD
CUST007446,2,Home Kitchen,11 46,Saturday,2407.17,CARD
CUST007447,1,Books Stationery,19 00,Sunday,1050.11,CARD
CUST007448,4,Food,05 45,Monday,610.71,UPI
CUST007449,6,Food,06 24,Friday,212.32,UPI
CUST007450,2,Fashion,02 02,Friday,1280.13,CARD
CUST007451,2,Toys Games,06 49,Wednesday,3311.88,CASH
CUST007452,6,Food,18 24,Tuesday,639.86,CARD
CUST007453,4,Toys Games,16 48,Wednesday,3747.61,CASH
CUST007454,5,Fashion,06 10,Tuesday,1674.15,CARD
CUST007455,5,Home Kitchen,10 22,Saturday,2413.53,CARD
CUST007456,6,Sports Fitness,00 23,Friday,13631.88,CARD
CUST007457,4,Grocery,15 42,Tuesday,2453.99,CARD
CUST007458,3,Toys Games,20 22,Tuesday,1032.59,UPI
CUST007459,4,Home Kitchen,16 39,Monday,6916.21,CARD
CUST007460,6,Healthcare,00 01,Sunday,4129.42,CARD
CUST007461,3,Sports Fitness,10 12,Saturday,12820.82,CARD
CUST007462,1,Food,02 04,Friday,780.80,UPI
CUST007463,6,Electronics,08 02,Thursday,30696.71,CARD
CUST007464,4,Fashion,13 43,Sunday,3625.47,CASH
CUST007465,5,Electronics,09 29,Tuesday,30123.94,CARD
CUST007466,6,Fashion,06 29,Monday,2272.46,CARD
CUST007467,3,Toys Games,02 24,Wednesday,710.60,CARD
CUST007468,4,Books Stationery,00 21,Tuesday,408.67,UPI
CUST007469,5,Toys Games,17 01,Friday,3717.04,UPI
CUST007470,3,Toys Games,23 29,Tuesday,592.03,CARD
CUST007471,3,Fashion,09 45,Saturday,2104.71,UPI
CUST007472,5,Food,04 19,Tuesday,126.01,CARD
CUST007473,4,Beauty Personal Care,19 23,Wednesday,2781.27,UPI
CUST007474,1,Beauty Personal Care,23 05,Wednesday,2908.26,UPI
CUST007475,5,Sports Fitness,19 24,Wednesday,8356.01,CARD
CUST007476,4,Beauty Personal Care,22 31,Tuesday,1068.89,CARD
CUST007477,5,Grocery,02 13,Thursday,848.15,UPI
CUST007478,5,Electronics,19 41,Monday,17058.87,UPI
CUST007479,5,Electronics,00 34,Friday,32862.08,UPI
CUST007480,5,Sports Fitness,14 22,Sunday,4280.81,CASH
CUST007481,6,Sports Fitness,22 46,Monday,1382.93,CASH
CUST007482,1,Grocery,08 43,Monday,1970.69,CARD
CUST007483,1,Home Kitchen,07 01,Thursday,7635.76,UPI
CUST007484,1,Books Stationery,15 05,Sunday,1418.19,CASH
CUST007485,1,Food,15 07,Saturday,91.05,CASH
CUST007486,6,Home Kitchen,17 14,Sunday,5291.19,CARD
CUST007487,5,Home Kitchen,19 50,Thursday,1773.01,CARD
CUST007488,4,Beauty Personal Care,18 16,Monday,1284.63,CASH
CUST007489,3,Food,21 05,Monday,402.46,CASH
CUST007490,6,Sports Fitness,06 17,Friday,9654.11,CARD
CUST007491,3,Books Stationery,00 44,Monday,1936.40,CASH
CUST007492,5,Home Kitchen,05 57,Friday,2109.31,CARD
CUST007493,3,Grocery,11 11,Sunday,213.24,CASH
CUST007494,3,Food,00 11,Saturday,169.97,CARD
CUST007495,2,Home Kitchen,07 43,Thursday,3166.54,CARD
CUST007496,5,Food,10 03,Wednesday,561.09,CASH
CUST007497,1,Food,09 21,Wednesday,697.12,CASH
CUST007498,1,Toys Games,17 07,Sunday,4849.59,CASH
CUST007499,5,Sports Fitness,10 57,Sunday,14827.40,CARD
CUST007500,4,Toys Games,21 25,Monday,3256.45,CARD
CUST007501,4,Home Kitchen,01 19,Tuesday,1188.05,CASH
CUST007502,2,Beauty Personal Care,00 04,Tuesday,1059.88,CARD
CUST007503,1,Healthcare,06 04,Tuesday,885.36,CASH
CUST007504,6,Beauty Personal Care,16 44,Thursday,449.25,CARD
CUST007505,4,Grocery,08 33,Friday,269.66,CASH
CUST007506,1,Beauty Personal Care,12 13,Thursday,2368.98,CARD
CUST007507,1,Toys Games,12 50,Monday,1691.01,CARD
CUST007508,6,Fashion,12 48,Monday,522.33,CASH
CUST007509,4,Books Stationery,17 07,Tuesday,239.78,UPI
CUST007510,6,Home Kitchen,09 57,Tuesday,857.35,CARD
CUST007511,1,Beauty Personal Care,22 55,Monday,1337.75,CASH
CUST007512,5,Healthcare,04 54,Monday,4236.43,UPI
CUST007513,3,Books Stationery,02 43,Wednesday,1187.45,CASH
CUST007514,2,Sports Fitness,17 43,Tuesday,7819.17,UPI
CUST007515,5,Grocery,13 00,Sunday,960.09,UPI
CUST007516,5,Electronics,12 44,Wednesday,26836.91,CASH
CUST007517,1,Home Kitchen,03 45,Wednesday,1354.00,CASH
CUST007518,2,Beauty Personal Care,02 59,Wednesday,729.23,CASH
CUST007519,1,Toys Games,23 25,Thursday,3045.46,CASH
CUST007520,2,Healthcare,18 16,Tuesday,4711.32,UPI
CUST007521,2,Healthcare,18 21,Wednesday,4623.65,UPI
CUST007522,4,Beauty Personal Care,10 05,Thursday,2793.15,CARD
CUST007523,2,Beauty Personal Care,05 08,Monday,515.91,CASH
CUST007524,6,Beauty Personal Care,05 12,Monday,2281.40,CARD
CUST007525,3,Grocery,07 27,Wednesday,462.99,CASH
CUST007526,6,Fashion,09 15,Monday,3505.22,UPI
CUST007527,6,Books Stationery,06 46,Wednesday,1425.20,CASH
CUST007528,2,Books Stationery,08 35,Sunday,1852.08,CARD
CUST007529,3,Grocery,07 20,Tuesday,2717.27,UPI
CUST007530,6,Electronics,14 38,Saturday,26435.60,UPI
CUST007531,5,Toys Games,03 09,Sunday,498.91,CASH
CUST007532,3,Grocery,17 40,Saturday,977.35,UPI
CUST007533,3,Grocery,15 45,Friday,2570.50,CARD
CUST007534,4,Grocery,01 55,Wednesday,2059.09,CASH
CUST007535,4,Food,09 15,Friday,315.61,CASH
CUST007536,1,Healthcare,15 43,Monday,4187.25,UPI
CUST007537,2,Sports Fitness,20 03,Tuesday,4147.03,CARD
CUST007538,6,Food,15 18,Sunday,742.25,CARD
CUST007539,4,Electronics,00 57,Monday,31036.54,CARD
CUST007540,4,Beauty Personal Care,06 45,Wednesday,1885.11,UPI
CUST007541,5,Home Kitchen,13 39,Saturday,3044.26,CARD
CUST007542,3,Electronics,20 17,Tuesday,21367.97,UPI
CUST007543,4,Food,21 47,Friday,51.54,CARD
CUST007544,5,Beauty Personal Care,14 14,Sunday,1549.22,CASH
CUST007545,6,Sports Fitness,06 25,Tuesday,14795.71,UPI
CUST007546,4,Electronics,17 58,Saturday,16998.94,UPI
CUST007547,6,Grocery,22 34,Thursday,966.18,CASH
CUST007548,1,Fashion,22 16,Sunday,1720.69,CARD
CUST007549,3,Toys Games,14 51,Thursday,4215.17,CASH
CUST007550,4,Beauty Personal Care,18 58,Friday,2411.57,CARD
CUST007551,6,Healthcare,05 55,Saturday,1795.15,UPI
CUST007552,5,Home Kitchen,23 01,Friday,5126.38,CASH
CUST007553,4,Toys Games,01 09,Wednesday,675.96,CARD
CUST007554,2,Food,20 23,Sunday,285.12,CARD
CUST007555,6,Healthcare,09 49,Friday,1454.96,UPI
CUST007556,6,Sports Fitness,01 17,Sunday,6388.98,CARD
CUST007557,3,Electronics,00 26,Monday,33081.75,CARD
CUST007558,3,Home Kitchen,15 31,Thursday,7705.78,UPI
CUST007559,6,Grocery,05 01,Monday,2882.59,CARD
CUST007560,3,Electronics,18 13,Tuesday,43709.12,CASH
CUST007561,6,Fashion,19 13,Monday,3597.14,UPI
CUST007562,1,Books Stationery,00 01,Friday,928.03,CASH
CUST007563,4,Electronics,17 30,Sunday,39343.93,CARD
CUST007564,4,Electronics,13 55,Thursday,19990.65,CASH
CUST007565,3,Fashion,11 58,Monday,2175.06,CARD
CUST007566,2,Home Kitchen,23 16,Friday,9275.58,UPI
CUST007567,4,Healthcare,20 24,Saturday,2930.38,UPI
CUST007568,1,Sports Fitness,21 51,Sunday,10392.33,UPI
CUST007569,4,Electronics,10 26,Monday,24098.20,UPI
CUST007570,2,Healthcare,20 28,Friday,2813.64,CASH
CUST007571,4,Sports Fitness,18 40,Saturday,13805.17,CASH
CUST007572,2,Books Stationery,01 32,Saturday,393.70,CASH
CUST007573,3,Fashion,08 18,Wednesday,1619.21,UPI
CUST007574,3,Beauty Personal Care,16 38,Thursday,2573.84,CARD
CUST007575,6,Home Kitchen,05 54,Wednesday,8394.64,UPI
CUST007576,6,Healthcare,20 40,Wednesday,4101.77,UPI
CUST007577,5,Beauty Personal Care,17 27,Friday,1932.70,CARD
CUST007578,5,Sports Fitness,19 58,Thursday,3021.62,CASH
CUST007579,5,Toys Games,20 32,Sunday,4869.90,CASH
CUST007580,3,Home Kitchen,23 27,Saturday,1044.90,UPI
CUST007581,3,Electronics,06 43,Monday,16776.94,CASH
CUST007582,4,Electronics,09 24,Monday,6359.70,CARD
CUST007583,1,Healthcare,12 54,Tuesday,1298.93,CASH
CUST007584,6,Home Kitchen,11 19,Saturday,7370.06,UPI
CUST007585,3,Electronics,04 24,Tuesday,5752.89,CARD
CUST007586,4,Food,06 45,Wednesday,758.94,UPI
CUST007587,2,Sports Fitness,20 31,Saturday,2740.30,CASH
CUST007588,2,Books Stationery,23 02,Friday,1172.46,CARD
CUST007589,1,Fashion,14 08,Tuesday,3775.04,CARD
CUST007590,5,Grocery,03 43,Saturday,1289.01,UPI
CUST007591,6,Toys Games,13 49,Wednesday,2098.68,UPI
CUST007592,6,Food,03 24,Tuesday,752.05,UPI
CUST007593,2,Home Kitchen,08 36,Friday,9298.53,UPI
CUST007594,6,Food,04 38,Wednesday,548.32,UPI
CUST007595,4,Electronics,22 33,Thursday,39617.23,CARD
CUST007596,4,Food,09 08,Friday,242.55,CARD
CUST007597,4,Healthcare,14 51,Sunday,4633.45,CASH
CUST007598,6,Beauty Personal Care,20 11,Friday,1158.41,UPI
CUST007599,5,Beauty Personal Care,23 03,Monday,2175.57,CARD
CUST007600,6,Sports Fitness,09 51,Sunday,13536.07,UPI
CUST007601,5,Food,16 58,Tuesday,209.27,CARD
CUST007602,2,Books Stationery,10 49,Thursday,1289.34,CARD
CUST007603,2,Toys Games,09 12,Tuesday,1375.13,CASH
CUST007604,5,Toys Games,08 47,Friday,2211.84,CARD
CUST007605,2,Grocery,08 20,Thursday,1110.64,CASH
CUST007606,3,Toys Games,03 32,Saturday,734.70,CASH
CUST007607,6,Food,16 03,Monday,191.17,CARD
CUST007608,5,Toys Games,01 49,Saturday,4502.31,CARD
CUST007609,5,Home Kitchen,19 03,Wednesday,2016.22,UPI
CUST007610,4,Toys Games,18 49,Wednesday,1540.92,CASH
CUST007611,6,Books Stationery,13 32,Saturday,811.14,CASH
CUST007612,1,Sports Fitness,15 30,Friday,9446.02,CASH
CUST007613,3,Healthcare,04 38,Tuesday,4294.68,CARD
CUST007614,6,Books Stationery,14 21,Tuesday,851.96,CASH
CUST007615,5,Home Kitchen,13 03,Tuesday,1001.22,CARD
CUST007616,2,Food,23 56,Sunday,200.56,CASH
CUST007617,3,Books Stationery,21 08,Friday,1568.62,CASH
CUST007618,2,Beauty Personal Care,12 32,Tuesday,2557.88,UPI
CUST007619,6,Beauty Personal Care,16 41,Monday,2906.54,CARD
CUST007620,2,Electronics,06 01,Monday,29212.79,CARD
CUST007621,1,Grocery,06 06,Friday,1126.22,UPI
CUST007622,1,Grocery,14 45,Thursday,1056.21,CARD
CUST007623,6,Electronics,17 48,Friday,12469.07,CARD
CUST007624,1,Food,12 09,Monday,197.78,UPI
CUST007625,1,Home Kitchen,02 49,Sunday,3843.40,UPI
CUST007626,3,Grocery,16 27,Thursday,564.67,UPI
CUST007627,4,Books Stationery,13 11,Saturday,285.63,UPI
CUST007628,1,Toys Games,11 39,Wednesday,464.42,CARD
CUST007629,4,Books Stationery,09 39,Friday,1635.29,CARD
CUST007630,3,Home Kitchen,20 12,Monday,2060.52,UPI
CUST007631,6,Fashion,08 06,Friday,2120.65,CARD
CUST007632,2,Home Kitchen,15 37,Monday,1567.95,CARD
CUST007633,2,Beauty Personal Care,16 37,Friday,538.89,UPI
CUST007634,5,Beauty Personal Care,10 21,Saturday,2804.46,CASH
CUST007635,3,Electronics,08 08,Friday,42904.73,UPI
CUST007636,3,Fashion,22 52,Sunday,2602.48,CASH
CUST007637,2,Home Kitchen,22 06,Thursday,5092.20,CASH
CUST007638,3,Home Kitchen,04 05,Tuesday,2397.67,CARD
CUST007639,6,Books Stationery,22 30,Saturday,1322.48,CASH
CUST007640,6,Fashion,03 30,Tuesday,4674.21,UPI
CUST007641,6,Beauty Personal Care,16 36,Wednesday,2519.08,UPI
CUST007642,4,Sports Fitness,00 35,Saturday,13726.12,CARD
CUST007643,4,Beauty Personal Care,14 38,Monday,609.44,CARD
CUST007644,5,Home Kitchen,09 22,Tuesday,7364.50,UPI
CUST007645,2,Home Kitchen,15 06,Wednesday,1306.86,CARD
CUST007646,5,Food,10 13,Monday,621.36,UPI
CUST007647,2,Electronics,09 42,Friday,45353.04,CASH
CUST007648,3,Food,02 41,Sunday,413.21,UPI
CUST007649,1,Grocery,05 58,Friday,1105.89,CARD
CUST007650,5,Healthcare,11 53,Tuesday,303.83,CASH
CUST007651,3,Food,20 36,Thursday,267.36,CARD
CUST007652,6,Home Kitchen,11 41,Monday,9682.08,CARD
CUST007653,4,Books Stationery,19 42,Tuesday,339.28,CASH
CUST007654,5,Food,17 59,Monday,542.50,CASH
CUST007655,6,Fashion,03 24,Monday,970.71,CARD
CUST007656,3,Fashion,09 45,Friday,814.44,CASH
CUST007657,5,Grocery,14 07,Wednesday,2481.82,CARD
CUST007658,6,Home Kitchen,14 59,Tuesday,2139.42,CASH
CUST007659,4,Home Kitchen,04 24,Thursday,755.84,CARD
CUST007660,2,Healthcare,06 18,Friday,4389.59,CASH
CUST007661,5,Fashion,10 38,Sunday,962.95,CASH
CUST007662,6,Healthcare,12 02,Wednesday,2359.53,CASH
CUST007663,5,Books Stationery,13 59,Saturday,738.15,UPI
CUST007664,6,Grocery,14 42,Friday,2903.88,UPI
CUST007665,1,Sports Fitness,19 41,Saturday,12843.31,CASH
CUST007666,5,Healthcare,07 53,Thursday,2473.79,UPI
CUST007667,5,Books Stationery,21 30,Monday,528.95,CASH
CUST007668,5,Beauty Personal Care,10 10,Tuesday,2915.15,CASH
CUST007669,2,Electronics,15 13,Wednesday,3658.37,CARD
CUST007670,1,Electronics,12 58,Friday,18899.72,CARD
CUST007671,5,Food,15 14,Thursday,582.59,UPI
CUST007672,1,Food,03 53,Saturday,171.92,CARD
CUST007673,4,Sports Fitness,03 31,Wednesday,11752.89,CARD
CUST007674,5,Books Stationery,15 35,Sunday,1844.17,UPI
CUST007675,6,Healthcare,18 04,Thursday,2967.86,CARD
CUST007676,3,Books Stationery,04 32,Saturday,1717.40,UPI
CUST007677,1,Toys Games,05 28,Thursday,3081.42,UPI
CUST007678,3,Food,14 32,Saturday,782.87,UPI
CUST007679,6,Grocery,09 15,Tuesday,1351.90,CASH
CUST007680,4,Electronics,14 17,Monday,13349.31,CARD
CUST007681,5,Grocery,22 18,Thursday,1705.36,UPI
CUST007682,4,Fashion,08 53,Tuesday,3173.40,CASH
CUST007683,6,Fashion,09 54,Saturday,1436.63,CARD
CUST007684,6,Books Stationery,14 31,Thursday,1329.81,UPI
CUST007685,4,Home Kitchen,00 04,Sunday,8218.80,UPI
CUST007686,2,Beauty Personal Care,22 25,Monday,620.42,CASH
CUST007687,5,Books Stationery,02 28,Sunday,110.60,CASH
CUST007688,4,Healthcare,11 16,Thursday,3820.96,CARD
CUST007689,2,Toys Games,18 14,Wednesday,724.32,UPI
CUST007690,3,Fashion,20 30,Thursday,2512.44,UPI
CUST007691,4,Sports Fitness,04 52,Monday,4464.98,CARD
CUST007692,6,Home Kitchen,21 49,Sunday,5309.81,UPI
CUST007693,5,Toys Games,17 35,Friday,3145.97,CARD
CUST007694,2,Healthcare,20 50,Thursday,3260.27,UPI
CUST007695,4,Fashion,22 23,Sunday,1499.22,CASH
CUST007696,5,Healthcare,22 15,Tuesday,4133.60,UPI
CUST007697,2,Grocery,13 01,Saturday,2695.32,CARD
CUST007698,2,Beauty Personal Care,20 10,Friday,2513.04,CARD
CUST007699,5,Sports Fitness,17 46,Tuesday,6420.45,CASH
CUST007700,4,Food,15 35,Monday,279.17,CARD
CUST007701,6,Healthcare,13 14,Tuesday,4948.14,UPI
CUST007702,5,Toys Games,22 18,Thursday,4232.00,CARD
CUST007703,5,Grocery,07 21,Saturday,731.71,UPI
CUST007704,1,Beauty Personal Care,02 32,Saturday,1273.51,CARD
CUST007705,5,Food,22 20,Wednesday,271.81,CASH
CUST007706,3,Home Kitchen,16 49,Monday,2309.56,CARD
CUST007707,2,Home Kitchen,04 43,Sunday,6946.67,UPI
CUST007708,1,Grocery,17 32,Tuesday,2782.45,CARD
CUST007709,3,Home Kitchen,06 18,Thursday,3564.67,UPI
CUST007710,5,Home Kitchen,02 47,Thursday,1293.57,UPI
CUST007711,4,Sports Fitness,04 37,Thursday,1965.06,CARD
CUST007712,4,Fashion,23 57,Monday,2338.69,CARD
CUST007713,6,Fashion,22 45,Saturday,1150.16,UPI
CUST007714,6,Toys Games,00 23,Sunday,4075.65,CASH
CUST007715,5,Food,03 52,Thursday,376.55,CARD
CUST007716,2,Fashion,03 46,Thursday,1598.99,CARD
CUST007717,2,Books Stationery,05 14,Sunday,527.81,CASH
CUST007718,6,Grocery,06 21,Monday,1315.81,CASH
CUST007719,4,Grocery,19 19,Monday,2027.53,UPI
CUST007720,2,Electronics,03 22,Monday,35633.64,CASH
CUST007721,1,Sports Fitness,16 14,Tuesday,9246.06,UPI
CUST007722,3,Home Kitchen,22 41,Wednesday,6852.25,UPI
CUST007723,2,Fashion,00 03,Sunday,3342.32,UPI
CUST007724,2,Electronics,20 13,Tuesday,29335.53,UPI
CUST007725,6,Sports Fitness,03 33,Friday,3603.41,CASH
CUST007726,2,Electronics,04 56,Saturday,6102.81,CASH
CUST007727,4,Beauty Personal Care,05 24,Saturday,2260.67,CASH
CUST007728,3,Fashion,18 55,Sunday,1037.41,UPI
CUST007729,3,Electronics,15 10,Saturday,49740.98,UPI
CUST007730,6,Food,18 54,Monday,177.66,CARD
CUST007731,5,Beauty Personal Care,06 05,Saturday,1012.84,UPI
CUST007732,4,Home Kitchen,10 27,Thursday,4245.63,CASH
CUST007733,6,Toys Games,02 33,Friday,2967.08,CARD
CUST007734,2,Electronics,04 13,Sunday,36327.52,CASH
CUST007735,1,Fashion,07 43,Wednesday,4950.61,CASH
CUST007736,2,Electronics,19 14,Sunday,14828.15,CASH
CUST007737,6,Toys Games,09 54,Monday,3360.01,UPI
CUST007738,2,Fashion,02 29,Wednesday,2560.99,CASH
CUST007739,5,Books Stationery,02 23,Monday,184.17,UPI
CUST007740,1,Beauty Personal Care,03 26,Monday,1655.84,CASH
CUST007741,5,Toys Games,00 44,Friday,515.10,CARD
CUST007742,5,Beauty Personal Care,12 15,Thursday,792.50,CARD
CUST007743,6,Fashion,18 06,Thursday,3152.30,UPI
CUST007744,1,Food,20 44,Monday,294.11,CASH
CUST007745,4,Books Stationery,04 53,Monday,965.92,UPI
CUST007746,6,Electronics,08 24,Thursday,35547.21,CARD
CUST007747,2,Food,13 36,Tuesday,505.60,CASH
CUST007748,6,Beauty Personal Care,20 06,Saturday,1913.89,CASH
CUST007749,3,Healthcare,03 07,Monday,4650.85,CASH
CUST007750,5,Grocery,05 10,Sunday,2101.22,CASH
CUST007751,1,Electronics,08 30,Tuesday,25261.58,UPI
CUST007752,5,Beauty Personal Care,08 49,Friday,2400.45,UPI
CUST007753,6,Electronics,00 39,Saturday,7709.57,CASH
CUST007754,4,Beauty Personal Care,22 46,Wednesday,2371.79,CASH
CUST007755,1,Toys Games,01 39,Saturday,1592.48,CARD
CUST007756,1,Grocery,18 55,Monday,2732.59,CARD
CUST007757,2,Food,18 38,Wednesday,633.77,CASH
CUST007758,3,Food,00 35,Friday,282.88,CASH
CUST007759,6,Healthcare,00 24,Saturday,3902.63,UPI
CUST007760,1,Toys Games,06 06,Thursday,4250.47,CASH
CUST007761,5,Grocery,16 37,Saturday,1475.05,CARD
CUST007762,6,Toys Games,03 17,Saturday,1555.29,CASH
CUST007763,2,Sports Fitness,01 29,Sunday,3968.57,CARD
CUST007764,6,Books Stationery,02 09,Wednesday,781.12,CARD
CUST007765,1,Grocery,06 00,Tuesday,2291.03,CASH
CUST007766,1,Toys Games,05 59,Saturday,3071.96,UPI
CUST007767,1,Beauty Personal Care,03 42,Friday,789.46,CASH
CUST007768,4,Grocery,14 40,Sunday,2368.24,CASH
CUST007769,4,Healthcare,10 19,Saturday,807.95,CASH
CUST007770,5,Home Kitchen,21 13,Sunday,301.89,CASH
CUST007771,5,Grocery,15 02,Saturday,368.18,CARD
CUST007772,1,Toys Games,04 51,Saturday,919.92,UPI
CUST007773,2,Sports Fitness,20 56,Monday,9520.24,CASH
CUST007774,6,Beauty Personal Care,03 20,Sunday,1961.96,CARD
CUST007775,4,Fashion,23 02,Thursday,864.09,CARD
CUST007776,1,Fashion,13 25,Monday,4602.93,CASH
CUST007777,1,Books Stationery,22 58,Saturday,1976.82,CARD
CUST007778,3,Home Kitchen,18 07,Monday,9486.42,UPI
CUST007779,3,Books Stationery,08 21,Thursday,1118.67,CASH
CUST007780,2,Healthcare,18 18,Wednesday,4663.10,CASH
CUST007781,5,Healthcare,05 46,Monday,423.09,CARD
CUST007782,6,Books Stationery,13 40,Tuesday,1657.99,CARD
CUST007783,5,Sports Fitness,05 29,Tuesday,9403.56,UPI
CUST007784,3,Beauty Personal Care,01 22,Monday,2084.19,CARD
CUST007785,1,Fashion,19 20,Saturday,2648.79,CASH
CUST007786,3,Fashion,22 01,Sunday,600.27,CASH
CUST007787,3,Electronics,23 11,Thursday,37862.03,CASH
CUST007788,6,Home Kitchen,22 03,Thursday,889.53,UPI
CUST007789,2,Home Kitchen,08 12,Saturday,8193.43,CARD
CUST007790,1,Books Stationery,02 01,Monday,1313.46,UPI
CUST007791,2,Books Stationery,12 56,Friday,256.46,UPI
CUST007792,1,Fashion,05 29,Wednesday,952.58,CASH
CUST007793,5,Sports Fitness,03 38,Tuesday,13653.14,CARD
CUST007794,6,Grocery,10 09,Tuesday,2090.89,CASH
CUST007795,2,Books Stationery,19 05,Monday,872.88,CASH
CUST007796,1,Books Stationery,12 39,Friday,1924.64,CASH
CUST007797,3,Toys Games,14 54,Wednesday,3241.53,UPI
CUST007798,3,Home Kitchen,20 15,Tuesday,3218.24,UPI
CUST007799,5,Healthcare,10 45,Thursday,4500.11,CASH
CUST007800,4,Books Stationery,22 34,Sunday,1737.49,UPI
CUST007801,5,Fashion,18 24,Thursday,2657.42,CARD
CUST007802,6,Fashion,17 18,Sunday,2657.19,CARD
CUST007803,2,Beauty Personal Care,00 30,Wednesday,2838.14,UPI
CUST007804,1,Sports Fitness,01 31,Wednesday,2485.98,UPI
CUST007805,4,Fashion,20 14,Wednesday,998.61,CASH
CUST007806,5,Toys Games,01 21,Saturday,1545.90,CARD
CUST007807,3,Fashion,05 50,Saturday,756.67,UPI
CUST007808,2,Electronics,09 51,Monday,44246.31,UPI
CUST007809,4,Beauty Personal Care,11 48,Thursday,1387.36,CARD
CUST007810,4,Books Stationery,18 05,Thursday,1349.93,CASH
CUST007811,5,Fashion,02 51,Monday,1326.17,CASH
CUST007812,1,Toys Games,17 01,Saturday,3180.65,UPI
CUST007813,6,Home Kitchen,17 20,Monday,9481.91,CASH
CUST007814,2,Grocery,14 26,Wednesday,499.88,UPI
CUST007815,5,Grocery,01 44,Monday,545.63,CARD
CUST007816,2,Electronics,15 14,Tuesday,8749.76,CASH
CUST007817,1,Electronics,14 48,Wednesday,14549.95,UPI
CUST007818,6,Electronics,16 15,Wednesday,26949.19,UPI
CUST007819,2,Grocery,14 04,Monday,2375.81,CASH
CUST007820,1,Fashion,20 22,Wednesday,2776.00,CARD
CUST007821,1,Sports Fitness,22 11,Thursday,9145.54,UPI
CUST007822,1,Electronics,06 10,Friday,19472.31,CARD
CUST007823,6,Home Kitchen,12 48,Thursday,9277.48,CASH
CUST007824,6,Home Kitchen,02 32,Tuesday,4102.65,UPI
CUST007825,2,Sports Fitness,00 32,Sunday,7640.51,CASH
CUST007826,1,Healthcare,19 55,Wednesday,2003.37,UPI
CUST007827,5,Sports Fitness,10 35,Wednesday,12674.49,CARD
CUST007828,2,Electronics,21 57,Thursday,1841.38,CARD
CUST007829,1,Electronics,01 18,Friday,26048.82,CASH
CUST007830,5,Food,03 18,Sunday,286.74,UPI
CUST007831,6,Fashion,11 21,Monday,4131.71,CARD
CUST007832,4,Home Kitchen,02 06,Monday,2886.02,CASH
CUST007833,2,Healthcare,05 00,Friday,1169.93,CASH
CUST007834,1,Sports Fitness,17 01,Thursday,6630.28,CARD
CUST007835,3,Healthcare,11 15,Thursday,3373.69,CASH
CUST007836,3,Fashion,09 36,Thursday,4225.88,CARD
CUST007837,4,Books Stationery,22 38,Monday,681.51,UPI
CUST007838,1,Home Kitchen,11 37,Monday,7692.50,UPI
CUST007839,4,Sports Fitness,23 54,Thursday,678.63,CASH
CUST007840,1,Beauty Personal Care,17 57,Thursday,521.56,CASH
CUST007841,5,Home Kitchen,05 40,Wednesday,6818.61,CARD
CUST007842,4,Food,07 06,Saturday,525.10,UPI
CUST007843,3,Toys Games,11 16,Thursday,344.63,CARD
CUST007844,1,Toys Games,05 03,Tuesday,2688.49,CASH
CUST007845,1,Fashion,08 20,Thursday,4948.23,UPI
CUST007846,5,Fashion,05 40,Monday,4630.84,CARD
CUST007847,4,Healthcare,11 27,Sunday,4789.13,CARD
CUST007848,1,Toys Games,18 47,Saturday,1283.43,CASH
CUST007849,3,Grocery,08 13,Tuesday,942.88,CARD
CUST007850,2,Sports Fitness,16 22,Thursday,12251.17,UPI
CUST007851,1,Beauty Personal Care,11 39,Wednesday,1708.03,UPI
CUST007852,1,Food,20 34,Thursday,792.68,CARD
CUST007853,3,Food,09 40,Tuesday,436.40,CARD
CUST007854,1,Books Stationery,23 44,Wednesday,1847.34,CARD
CUST007855,1,Healthcare,11 51,Friday,2148.25,UPI
CUST007856,6,Grocery,14 09,Sunday,1378.34,CARD
CUST007857,5,Electronics,12 57,Friday,14128.08,UPI
CUST007858,3,Books Stationery,09 53,Sunday,1756.60,CASH
CUST007859,4,Healthcare,09 19,Thursday,2244.98,UPI
CUST007860,5,Beauty Personal Care,00 06,Tuesday,500.12,CARD
CUST007861,2,Electronics,17 37,Friday,21507.36,CASH
CUST007862,5,Fashion,21 05,Sunday,3415.63,UPI
CUST007863,6,Toys Games,18 58,Thursday,884.87,CASH
CUST007864,6,Sports Fitness,23 55,Thursday,14545.76,CARD
CUST007865,4,Fashion,00 05,Thursday,4933.16,CASH
CUST007866,5,Beauty Personal Care,22 49,Tuesday,2746.67,CARD
CUST007867,2,Healthcare,05 39,Tuesday,1108.57,CASH
CUST007868,1,Healthcare,07 47,Saturday,4097.44,UPI
CUST007869,4,Toys Games,23 02,Friday,4636.44,CARD
CUST007870,5,Sports Fitness,17 31,Saturday,7147.86,CARD
CUST007871,5,Home Kitchen,01 01,Friday,8394.55,CARD
CUST007872,3,Home Kitchen,06 55,Saturday,4628.48,UPI
CUST007873,3,Books Stationery,08 16,Monday,1754.46,CASH
CUST007874,6,Sports Fitness,22 22,Saturday,7273.27,UPI
CUST007875,3,Sports Fitness,06 27,Saturday,5151.77,UPI
CUST007876,5,Sports Fitness,12 58,Wednesday,5528.74,CARD
CUST007877,6,Fashion,18 07,Saturday,2481.66,UPI
CUST007878,4,Beauty Personal Care,21 49,Monday,2033.26,UPI
CUST007879,6,Electronics,02 53,Sunday,25882.70,CASH
CUST007880,2,Grocery,00 02,Thursday,1804.08,CASH
CUST007881,3,Healthcare,04 20,Monday,2854.10,CASH
CUST007882,5,Beauty Personal Care,05 15,Wednesday,2975.95,UPI
CUST007883,6,Sports Fitness,05 37,Wednesday,9868.35,CASH
CUST007884,4,Sports Fitness,06 49,Sunday,11828.43,CARD
CUST007885,6,Toys Games,15 01,Monday,3446.11,CARD
CUST007886,4,Electronics,08 48,Sunday,45897.44,UPI
CUST007887,3,Toys Games,06 29,Saturday,2542.26,CASH
CUST007888,3,Books Stationery,09 39,Thursday,736.04,CARD
CUST007889,1,Healthcare,10 20,Tuesday,1973.27,CARD
CUST007890,5,Electronics,08 22,Thursday,48812.17,UPI
CUST007891,6,Electronics,10 14,Friday,49292.89,CASH
CUST007892,6,Electronics,19 00,Thursday,18387.10,UPI
CUST007893,2,Grocery,04 11,Saturday,814.40,UPI
CUST007894,4,Toys Games,11 47,Monday,4167.87,CARD
CUST007895,3,Fashion,16 00,Tuesday,2943.45,CARD
CUST007896,4,Food,21 17,Wednesday,92.76,UPI
CUST007897,3,Beauty Personal Care,11 59,Saturday,1874.28,UPI
CUST007898,2,Toys Games,15 12,Monday,2896.44,CASH
CUST007899,6,Fashion,11 05,Friday,4354.71,UPI
CUST007900,5,Food,16 19,Thursday,316.76,UPI
CUST007901,1,Home Kitchen,22 20,Monday,4838.73,CARD
CUST007902,5,Fashion,04 32,Thursday,2699.22,UPI
CUST007903,1,Electronics,19 07,Tuesday,30912.59,CASH
CUST007904,2,Fashion,05 22,Wednesday,4619.98,CARD
CUST007905,5,Sports Fitness,01 13,Tuesday,1492.54,CARD
CUST007906,1,Home Kitchen,07 00,Monday,3805.26,CARD
CUST007907,4,Toys Games,03 16,Monday,3811.12,CARD
CUST007908,1,Electronics,04 52,Sunday,15345.51,CASH
CUST007909,4,Electronics,13 57,Monday,26975.47,CARD
CUST007910,3,Books Stationery,21 19,Wednesday,473.67,CARD
CUST007911,5,Electronics,16 10,Saturday,49025.77,CASH
CUST007912,6,Home Kitchen,04 21,Sunday,3274.20,UPI
CUST007913,4,Home Kitchen,03 47,Saturday,5380.98,CARD
CUST007914,5,Electronics,07 51,Saturday,5868.18,CARD
CUST007915,6,Grocery,15 00,Monday,1123.72,CARD
CUST007916,4,Electronics,10 24,Tuesday,45249.03,UPI
CUST007917,2,Home Kitchen,06 39,Friday,2912.28,CASH
CUST007918,3,Grocery,15 24,Tuesday,1884.39,UPI
CUST007919,2,Books Stationery,00 33,Saturday,469.75,UPI
CUST007920,5,Healthcare,18 23,Tuesday,4148.01,UPI
CUST007921,1,Food,02 04,Friday,407.28,CASH
CUST007922,4,Home Kitchen,10 07,Tuesday,1835.51,CASH
CUST007923,2,Sports Fitness,11 54,Thursday,10816.95,UPI
CUST007924,3,Healthcare,12 06,Wednesday,1467.38,UPI
CUST007925,5,Home Kitchen,23 49,Saturday,9310.62,UPI
CUST007926,3,Food,06 42,Friday,305.19,CARD
CUST007927,4,Food,01 18,Tuesday,222.74,UPI
CUST007928,6,Toys Games,10 26,Wednesday,3533.35,CARD
CUST007929,5,Books Stationery,08 14,Wednesday,1073.07,UPI
CUST007930,1,Toys Games,04 08,Sunday,352.16,CASH
CUST007931,5,Beauty Personal Care,11 03,Monday,1606.30,UPI
CUST007932,6,Toys Games,10 04,Sunday,4109.62,CASH
CUST007933,3,Fashion,14 57,Wednesday,2261.32,UPI
CUST007934,3,Electronics,10 39,Tuesday,21647.13,UPI
CUST007935,3,Sports Fitness,17 57,Saturday,8228.62,UPI
CUST007936,6,Books Stationery,04 13,Friday,1924.27,CASH
CUST007937,1,Home Kitchen,10 59,Thursday,6254.25,UPI
CUST007938,5,Sports Fitness,03 08,Tuesday,1913.78,CASH
CUST007939,3,Sports Fitness,10 16,Saturday,7210.63,UPI
CUST007940,3,Fashion,00 57,Saturday,2873.66,UPI
CUST007941,5,Toys Games,02 31,Sunday,1400.65,UPI
CUST007942,4,Electronics,13 39,Thursday,44707.43,CARD
CUST007943,4,Beauty Personal Care,19 37,Tuesday,381.87,CARD
CUST007944,4,Sports Fitness,07 39,Wednesday,2815.23,CASH
CUST007945,6,Food,10 36,Monday,158.49,CARD
CUST007946,6,Beauty Personal Care,04 16,Monday,513.08,CARD
CUST007947,3,Grocery,11 52,Monday,594.46,CARD
CUST007948,2,Toys Games,02 40,Tuesday,587.64,CASH
CUST007949,5,Healthcare,02 08,Tuesday,3088.31,CASH
CUST007950,2,Books Stationery,15 33,Thursday,1073.01,UPI
CUST007951,3,Healthcare,06 05,Monday,2972.95,CASH
CUST007952,1,Healthcare,20 53,Thursday,4438.30,CARD
CUST007953,5,Grocery,11 00,Tuesday,776.86,CASH
CUST007954,6,Food,18 01,Friday,414.18,UPI
CUST007955,5,Grocery,14 49,Friday,1790.61,CARD
CUST007956,1,Grocery,23 33,Tuesday,1395.39,UPI
CUST007957,6,Fashion,11 57,Friday,3304.17,UPI
CUST007958,5,Sports Fitness,11 16,Friday,5466.95,CARD
CUST007959,2,Books Stationery,11 17,Wednesday,816.76,UPI
CUST007960,2,Healthcare,10 50,Friday,3777.16,CASH
CUST007961,2,Books Stationery,05 17,Thursday,1610.13,CARD
CUST007962,3,Food,12 38,Friday,745.13,CASH
CUST007963,1,Electronics,09 21,Thursday,1817.38,UPI
CUST007964,1,Electronics,22 57,Thursday,12937.26,CARD
CUST007965,1,Home Kitchen,16 23,Friday,3005.67,CARD
CUST007966,2,Home Kitchen,15 34,Sunday,709.30,CASH
CUST007967,5,Electronics,17 12,Sunday,20063.56,CASH
CUST007968,5,Electronics,15 41,Wednesday,20073.78,UPI
CUST007969,1,Electronics,05 45,Sunday,3497.21,UPI
CUST007970,2,Home Kitchen,17 19,Thursday,5608.44,CASH
CUST007971,3,Beauty Personal Care,06 45,Saturday,2555.18,CASH
CUST007972,6,Toys Games,17 10,Sunday,2971.73,CASH
CUST007973,2,Home Kitchen,03 39,Thursday,6617.39,UPI
CUST007974,4,Sports Fitness,20 04,Wednesday,13108.37,CARD
CUST007975,2,Electronics,11 52,Sunday,6284.10,CARD
CUST007976,2,Books Stationery,16 20,Tuesday,1026.75,CARD
CUST007977,2,Home Kitchen,09 50,Wednesday,3813.97,CARD
CUST007978,2,Healthcare,08 44,Wednesday,3875.61,CASH
CUST007979,4,Fashion,03 52,Tuesday,2358.19,UPI
CUST007980,2,Healthcare,18 30,Monday,1939.00,UPI
CUST007981,4,Beauty Personal Care,21 46,Friday,2710.35,CARD
CUST007982,1,Electronics,07 24,Sunday,30774.18,UPI
CUST007983,2,Grocery,14 05,Tuesday,897.72,UPI
CUST007984,5,Food,22 13,Sunday,90.98,UPI
CUST007985,2,Grocery,04 08,Tuesday,2263.68,CASH
CUST007986,3,Grocery,20 40,Monday,2856.53,UPI
CUST007987,1,Sports Fitness,15 06,Friday,10291.50,CARD
CUST007988,4,Toys Games,08 55,Sunday,4786.60,UPI
CUST007989,3,Fashion,01 50,Tuesday,2681.32,UPI
CUST007990,4,Grocery,15 20,Sunday,2366.30,CARD
CUST007991,5,Electronics,21 51,Friday,14980.08,CASH
CUST007992,3,Beauty Personal Care,16 31,Thursday,2010.60,UPI
CUST007993,1,Healthcare,18 43,Friday,3264.98,CARD
CUST007994,5,Fashion,10 37,Wednesday,4364.66,CARD
CUST007995,6,Electronics,19 23,Sunday,35014.95,CARD
CUST007996,3,Grocery,12 18,Friday,2504.62,UPI
CUST007997,1,Food,05 11,Sunday,795.98,CARD
CUST007998,1,Grocery,11 15,Wednesday,1113.86,UPI
CUST007999,1,Books Stationery,23 57,Monday,1254.03,CASH
CUST008000,6,Healthcare,00 55,Saturday,1204.96,UPI
CUST008001,3,Toys Games,11 11,Sunday,2926.79,CASH
CUST008002,5,Toys Games,10 26,Wednesday,2562.42,CASH
CUST008003,5,Books Stationery,03 52,Saturday,1604.92,CASH
CUST008004,4,Grocery,01 17,Tuesday,1326.19,UPI
CUST008005,4,Electronics,23 29,Wednesday,23439.99,UPI
CUST008006,5,Sports Fitness,16 07,Sunday,14103.10,CASH
CUST008007,2,Home Kitchen,07 31,Friday,5634.92,CASH
CUST008008,6,Home Kitchen,01 19,Tuesday,5841.73,CASH
CUST008009,5,Books Stationery,09 51,Monday,1342.86,CARD
CUST008010,1,Home Kitchen,16 01,Thursday,5724.05,CARD
CUST008011,1,Toys Games,15 51,Monday,3605.97,CASH
CUST008012,5,Healthcare,18 35,Thursday,709.43,CARD
CUST008013,1,Healthcare,19 04,Saturday,1889.93,CARD
CUST008014,6,Healthcare,01 40,Tuesday,1992.39,CARD
CUST008015,2,Books Stationery,14 56,Thursday,680.76,CASH
CUST008016,2,Sports Fitness,18 35,Friday,6176.24,CASH
CUST008017,5,Electronics,21 45,Monday,35413.86,UPI
CUST008018,6,Food,03 21,Saturday,259.59,CARD
CUST008019,4,Grocery,01 03,Sunday,304.58,CARD
CUST008020,2,Healthcare,14 50,Tuesday,4282.21,CASH
CUST008021,5,Food,18 22,Monday,588.79,UPI
CUST008022,1,Books Stationery,21 56,Thursday,246.94,UPI
CUST008023,6,Healthcare,23 35,Sunday,3227.59,CASH
CUST008024,4,Food,22 40,Tuesday,343.94,CARD
CUST008025,3,Beauty Personal Care,00 42,Thursday,1286.40,UPI
CUST008026,5,Beauty Personal Care,03 47,Thursday,2349.66,CARD
CUST008027,4,Fashion,08 58,Sunday,2882.30,CASH
CUST008028,2,Grocery,15 14,Saturday,1308.62,UPI
CUST008029,1,Toys Games,20 57,Thursday,4812.50,CASH
CUST008030,5,Electronics,02 54,Tuesday,17848.25,CARD
CUST008031,1,Grocery,02 26,Thursday,973.62,UPI
CUST008032,6,Beauty Personal Care,21 03,Sunday,2472.99,CASH
CUST008033,4,Home Kitchen,09 32,Monday,7637.81,CASH
CUST008034,2,Fashion,00 19,Monday,2517.90,UPI
CUST008035,3,Home Kitchen,03 56,Monday,4999.92,CASH
CUST008036,3,Toys Games,03 57,Monday,4683.24,CARD
CUST008037,1,Fashion,01 12,Tuesday,1528.04,CASH
CUST008038,5,Fashion,08 35,Tuesday,3369.23,UPI
CUST008039,3,Beauty Personal Care,22 31,Thursday,1273.45,CASH
CUST008040,3,Toys Games,19 11,Sunday,4980.05,CASH
CUST008041,5,Toys Games,23 09,Friday,4376.95,CASH
CUST008042,1,Healthcare,07 17,Monday,2003.18,CARD
CUST008043,5,Beauty Personal Care,01 10,Sunday,2309.31,UPI
CUST008044,6,Toys Games,03 57,Friday,3916.97,UPI
CUST008045,4,Toys Games,12 14,Thursday,3958.52,CASH
CUST008046,1,Sports Fitness,06 27,Monday,6007.85,UPI
CUST008047,5,Grocery,01 27,Wednesday,995.73,CARD
CUST008048,4,Grocery,15 31,Sunday,180.72,CASH
CUST008049,5,Sports Fitness,01 50,Thursday,14761.28,CARD
CUST008050,4,Beauty Personal Care,15 48,Friday,2363.41,CARD
CUST008051,1,Electronics,10 23,Wednesday,4111.72,CARD
CUST008052,3,Healthcare,10 11,Friday,4212.33,CASH
CUST008053,4,Books Stationery,09 21,Monday,1450.21,CARD
CUST008054,4,Toys Games,21 51,Saturday,1885.06,CASH
CUST008055,4,Food,23 04,Tuesday,172.02,CASH
CUST008056,4,Healthcare,05 17,Wednesday,1434.10,CASH
CUST008057,2,Beauty Personal Care,19 15,Friday,1933.56,CASH
CUST008058,3,Healthcare,14 53,Monday,3084.52,CARD
CUST008059,2,Sports Fitness,14 20,Monday,8971.24,CASH
CUST008060,4,Beauty Personal Care,15 57,Friday,2543.51,UPI
CUST008061,5,Beauty Personal Care,18 37,Sunday,396.86,UPI
CUST008062,2,Food,09 39,Thursday,748.78,UPI
CUST008063,2,Fashion,13 30,Thursday,3952.76,CASH
CUST008064,5,Books Stationery,22 05,Friday,833.61,UPI
CUST008065,4,Electronics,03 53,Saturday,30212.66,CASH
CUST008066,1,Home Kitchen,04 21,Tuesday,6340.55,UPI
CUST008067,1,Healthcare,13 39,Thursday,3974.16,CASH
CUST008068,2,Healthcare,05 20,Friday,717.76,CARD
CUST008069,1,Beauty Personal Care,08 44,Sunday,711.63,UPI
CUST008070,4,Electronics,07 29,Tuesday,11800.94,CARD
CUST008071,3,Grocery,08 49,Tuesday,2279.28,UPI
CUST008072,2,Food,16 31,Thursday,457.65,CARD
CUST008073,6,Electronics,21 29,Friday,12292.11,UPI
CUST008074,1,Home Kitchen,22 34,Saturday,3262.24,CARD
CUST008075,2,Healthcare,16 22,Sunday,4714.03,CASH
CUST008076,3,Sports Fitness,04 56,Friday,2752.76,CARD
CUST008077,1,Beauty Personal Care,16 37,Wednesday,1350.01,CASH
CUST008078,2,Grocery,11 41,Wednesday,940.41,UPI
CUST008079,4,Fashion,15 53,Friday,4784.11,CASH
CUST008080,6,Home Kitchen,13 45,Wednesday,7929.56,UPI
CUST008081,3,Fashion,21 35,Friday,2083.09,CARD
CUST008082,2,Healthcare,13 41,Sunday,4823.03,UPI
CUST008083,1,Electronics,04 36,Wednesday,12621.57,UPI
CUST008084,2,Sports Fitness,16 42,Wednesday,6065.21,UPI
CUST008085,5,Books Stationery,09 54,Thursday,1340.45,CASH
CUST008086,2,Electronics,07 22,Tuesday,46927.66,UPI
CUST008087,3,Fashion,04 33,Friday,3319.80,UPI
CUST008088,6,Grocery,03 53,Thursday,1184.94,CARD
CUST008089,6,Electronics,13 14,Saturday,45184.51,CASH
CUST008090,4,Toys Games,17 17,Sunday,3280.62,UPI
CUST008091,1,Healthcare,22 55,Tuesday,305.05,UPI
CUST008092,6,Fashion,04 24,Friday,641.89,UPI
CUST008093,2,Healthcare,03 37,Monday,2699.91,CARD
CUST008094,4,Food,13 19,Thursday,207.94,UPI
CUST008095,1,Sports Fitness,18 48,Monday,9970.91,CASH
CUST008096,3,Home Kitchen,09 04,Friday,8470.69,UPI
CUST008097,1,Electronics,22 03,Thursday,36858.58,CARD
CUST008098,5,Food,00 47,Thursday,458.13,UPI
CUST008099,5,Fashion,13 41,Thursday,2211.43,UPI
CUST008100,1,Healthcare,05 45,Thursday,930.95,UPI
CUST008101,1,Home Kitchen,16 28,Thursday,7830.03,CASH
CUST008102,2,Beauty Personal Care,18 15,Saturday,2500.55,CASH
CUST008103,6,Beauty Personal Care,10 26,Saturday,865.96,CARD
CUST008104,3,Grocery,05 59,Monday,1044.82,CARD
CUST008105,4,Toys Games,11 50,Wednesday,1889.89,CASH
CUST008106,2,Beauty Personal Care,08 11,Thursday,1865.93,CASH
CUST008107,6,Books Stationery,11 15,Monday,867.04,CARD
CUST008108,3,Healthcare,15 33,Tuesday,4644.29,CARD
CUST008109,2,Grocery,16 27,Sunday,1140.38,UPI
CUST008110,2,Healthcare,13 33,Saturday,2705.91,CARD
CUST008111,1,Food,06 39,Friday,718.36,CARD
CUST008112,3,Electronics,09 58,Saturday,24683.17,UPI
CUST008113,2,Healthcare,05 10,Friday,379.16,CASH
CUST008114,3,Beauty Personal Care,05 59,Saturday,1347.37,CARD
CUST008115,5,Food,02 57,Sunday,141.94,UPI
CUST008116,1,Electronics,11 27,Friday,8171.36,CASH
CUST008117,2,Food,13 36,Monday,570.27,CARD
CUST008118,4,Sports Fitness,06 34,Thursday,11268.04,CARD
CUST008119,2,Healthcare,09 03,Wednesday,1029.11,CASH
CUST008120,5,Sports Fitness,18 45,Friday,13557.27,CARD
CUST008121,5,Sports Fitness,17 01,Tuesday,14638.76,CARD
CUST008122,1,Home Kitchen,00 02,Saturday,7676.65,CARD
CUST008123,5,Food,08 51,Sunday,315.90,CASH
CUST008124,2,Grocery,02 19,Tuesday,1195.41,CARD
CUST008125,2,Toys Games,16 24,Monday,4942.23,UPI
CUST008126,6,Food,09 41,Saturday,578.31,UPI
CUST008127,3,Grocery,07 54,Friday,788.15,CASH
CUST008128,5,Electronics,21 44,Thursday,16197.18,CARD
CUST008129,3,Toys Games,01 22,Friday,3798.29,CASH
CUST008130,3,Electronics,13 48,Saturday,37039.12,CARD
CUST008131,1,Beauty Personal Care,11 48,Saturday,2240.89,CASH
CUST008132,4,Sports Fitness,03 49,Monday,10138.24,CASH
CUST008133,6,Sports Fitness,09 29,Tuesday,12695.33,UPI
CUST008134,3,Food,16 14,Tuesday,210.75,CARD
CUST008135,3,Fashion,13 50,Friday,3111.16,UPI
CUST008136,3,Toys Games,14 40,Monday,3192.88,CASH
CUST008137,5,Toys Games,13 47,Sunday,3366.96,UPI
CUST008138,4,Fashion,19 29,Tuesday,1371.29,CARD
CUST008139,6,Home Kitchen,09 33,Friday,4532.31,UPI
CUST008140,6,Home Kitchen,22 35,Wednesday,8718.80,CARD
CUST008141,5,Healthcare,17 54,Saturday,1173.77,UPI
CUST008142,3,Toys Games,13 51,Saturday,1571.35,CARD
CUST008143,3,Food,11 51,Wednesday,615.34,CASH
CUST008144,1,Food,04 45,Saturday,100.86,CARD
CUST008145,4,Healthcare,02 45,Saturday,4990.98,CASH
CUST008146,2,Food,06 50,Thursday,59.82,CARD
CUST008147,6,Books Stationery,07 02,Saturday,1740.09,UPI
CUST008148,4,Toys Games,10 19,Monday,1279.01,CASH
CUST008149,5,Food,14 22,Tuesday,360.17,UPI
CUST008150,4,Sports Fitness,16 53,Tuesday,13096.26,CARD
CUST008151,4,Electronics,15 46,Thursday,21894.03,UPI
CUST008152,5,Grocery,13 02,Thursday,2561.09,UPI
CUST008153,6,Toys Games,05 00,Wednesday,258.72,CARD
CUST008154,1,Toys Games,19 47,Friday,1273.00,CARD
CUST008155,4,Healthcare,17 15,Tuesday,4914.26,CASH
CUST008156,4,Grocery,10 51,Tuesday,1048.70,CARD
CUST008157,1,Food,21 34,Wednesday,648.74,UPI
CUST008158,1,Home Kitchen,12 45,Tuesday,4014.08,CARD
CUST008159,5,Toys Games,05 04,Monday,4397.44,CARD
CUST008160,4,Fashion,05 15,Monday,652.88,CASH
CUST008161,5,Home Kitchen,17 15,Friday,519.45,UPI
CUST008162,3,Fashion,05 13,Thursday,4526.99,CASH
CUST008163,6,Beauty Personal Care,01 50,Tuesday,2376.39,CASH
CUST008164,6,Books Stationery,06 47,Wednesday,245.90,UPI
CUST008165,1,Grocery,11 54,Tuesday,1493.30,UPI
CUST008166,5,Sports Fitness,12 50,Thursday,10487.44,UPI
CUST008167,2,Sports Fitness,14 04,Monday,1356.29,CASH
CUST008168,4,Beauty Personal Care,08 58,Sunday,2506.91,CARD
CUST008169,3,Electronics,03 16,Sunday,16480.24,CARD
CUST008170,5,Fashion,01 51,Monday,4426.55,CARD
CUST008171,5,Home Kitchen,01 19,Sunday,6863.74,UPI
CUST008172,1,Electronics,18 40,Monday,13948.83,UPI
CUST008173,6,Food,12 09,Friday,660.52,UPI
CUST008174,5,Electronics,07 38,Saturday,23431.37,CASH
CUST008175,3,Books Stationery,19 05,Sunday,561.15,CASH
CUST008176,5,Fashion,19 58,Tuesday,2631.74,CARD
CUST008177,2,Home Kitchen,08 21,Sunday,775.96,CARD
CUST008178,1,Books Stationery,21 59,Monday,1899.55,CARD
CUST008179,6,Sports Fitness,15 55,Friday,1951.53,UPI
CUST008180,6,Fashion,10 31,Sunday,513.71,UPI
CUST008181,4,Home Kitchen,05 31,Tuesday,1098.72,CASH
CUST008182,4,Fashion,18 36,Thursday,1470.32,CASH
CUST008183,6,Food,19 35,Saturday,394.09,CARD
CUST008184,3,Grocery,18 37,Sunday,2484.29,CARD
CUST008185,2,Grocery,11 31,Sunday,2947.71,CARD
CUST008186,5,Beauty Personal Care,19 39,Tuesday,2581.56,UPI
CUST008187,6,Electronics,10 39,Monday,13810.37,CARD
CUST008188,1,Grocery,22 30,Sunday,2933.86,UPI
CUST008189,5,Sports Fitness,07 05,Tuesday,6389.39,CARD
CUST008190,4,Grocery,22 16,Wednesday,2262.42,UPI
CUST008191,1,Sports Fitness,23 56,Friday,4545.34,CARD
CUST008192,6,Electronics,23 55,Tuesday,21755.60,CASH
CUST008193,6,Sports Fitness,12 38,Tuesday,7513.96,CASH
CUST008194,2,Toys Games,20 38,Saturday,2400.55,CASH
CUST008195,5,Electronics,14 06,Friday,44474.84,UPI
CUST008196,6,Grocery,20 40,Saturday,2258.18,CARD
CUST008197,5,Healthcare,19 42,Wednesday,3379.30,CASH
CUST008198,4,Sports Fitness,18 44,Tuesday,14100.50,CARD
CUST008199,6,Food,01 26,Saturday,293.97,UPI
CUST008200,6,Books Stationery,13 34,Friday,330.07,CASH
CUST008201,5,Electronics,06 15,Tuesday,24794.56,CASH
CUST008202,2,Sports Fitness,13 26,Saturday,6769.46,CARD
CUST008203,2,Grocery,04 01,Friday,2146.33,CASH
CUST008204,5,Books Stationery,07 24,Thursday,1176.37,CARD
CUST008205,2,Electronics,05 27,Sunday,44601.11,CARD
CUST008206,1,Books Stationery,06 33,Wednesday,1533.66,UPI
CUST008207,3,Toys Games,16 33,Tuesday,3491.82,UPI
CUST008208,2,Fashion,03 25,Monday,4268.08,UPI
CUST008209,2,Books Stationery,10 13,Sunday,396.19,UPI
CUST008210,2,Beauty Personal Care,09 04,Tuesday,2043.68,UPI
CUST008211,3,Food,21 16,Friday,115.22,UPI
CUST008212,6,Sports Fitness,13 03,Thursday,12789.29,CASH
CUST008213,2,Healthcare,05 23,Sunday,1873.53,CASH
CUST008214,5,Healthcare,20 31,Monday,2152.78,UPI
CUST008215,5,Home Kitchen,12 45,Sunday,2119.28,CARD
CUST008216,2,Books Stationery,02 07,Monday,139.95,UPI
CUST008217,5,Beauty Personal Care,10 05,Saturday,2405.09,CARD
CUST008218,4,Food,11 44,Wednesday,394.10,UPI
CUST008219,4,Food,02 36,Friday,492.04,CARD
CUST008220,5,Toys Games,00 55,Monday,1570.74,UPI
CUST008221,3,Home Kitchen,03 34,Monday,3255.38,CARD
CUST008222,4,Beauty Personal Care,08 04,Saturday,2392.61,CASH
CUST008223,4,Fashion,10 49,Monday,3847.96,CASH
CUST008224,3,Sports Fitness,01 20,Sunday,6889.18,CASH
CUST008225,3,Healthcare,18 10,Saturday,4182.64,CARD
CUST008226,1,Books Stationery,03 08,Monday,1474.07,CASH
CUST008227,3,Electronics,14 52,Tuesday,19459.45,CASH
CUST008228,4,Home Kitchen,06 57,Wednesday,8096.87,CARD
CUST008229,4,Grocery,00 29,Thursday,1639.93,CARD
CUST008230,2,Food,06 38,Monday,761.59,UPI
CUST008231,6,Grocery,14 21,Tuesday,1023.81,CARD
CUST008232,5,Sports Fitness,19 58,Sunday,1363.72,CASH
CUST008233,4,Electronics,03 41,Wednesday,40295.59,CARD
CUST008234,6,Home Kitchen,03 46,Tuesday,6295.07,CARD
CUST008235,4,Electronics,08 06,Thursday,7050.30,CARD
CUST008236,1,Sports Fitness,06 02,Thursday,6530.40,CASH
CUST008237,4,Healthcare,12 10,Saturday,4787.74,UPI
CUST008238,3,Fashion,00 17,Saturday,1626.60,CARD
CUST008239,3,Sports Fitness,22 14,Tuesday,10319.19,CARD
CUST008240,3,Home Kitchen,19 01,Friday,3526.96,CASH
CUST008241,1,Grocery,14 55,Tuesday,1645.88,CARD
CUST008242,6,Sports Fitness,11 52,Thursday,4577.41,CARD
CUST008243,5,Fashion,09 46,Thursday,583.14,CASH
CUST008244,4,Toys Games,15 00,Tuesday,951.85,CASH
CUST008245,2,Healthcare,02 55,Tuesday,4584.15,CARD
CUST008246,5,Healthcare,19 27,Thursday,2215.44,UPI
CUST008247,1,Toys Games,07 02,Sunday,4557.51,UPI
CUST008248,1,Home Kitchen,20 35,Thursday,5401.49,UPI
CUST008249,6,Home Kitchen,02 32,Tuesday,3493.43,UPI
CUST008250,6,Books Stationery,09 47,Monday,731.62,CARD
CUST008251,4,Sports Fitness,17 59,Sunday,7196.39,CASH
CUST008252,4,Home Kitchen,01 45,Sunday,460.45,UPI
CUST008253,5,Sports Fitness,20 41,Saturday,7038.71,UPI
CUST008254,6,Beauty Personal Care,02 08,Sunday,2247.90,CARD
CUST008255,6,Fashion,04 56,Tuesday,2526.62,CARD
CUST008256,1,Fashion,02 52,Tuesday,2501.02,CARD
CUST008257,2,Healthcare,13 03,Monday,4750.95,UPI
CUST008258,5,Books Stationery,10 23,Friday,1705.81,CARD
CUST008259,2,Healthcare,15 45,Tuesday,2757.53,CASH
CUST008260,2,Food,18 53,Friday,632.14,CASH
CUST008261,3,Healthcare,02 49,Sunday,3090.23,UPI
CUST008262,3,Grocery,21 47,Tuesday,1918.51,CARD
CUST008263,1,Food,08 30,Saturday,234.41,CASH
CUST008264,2,Home Kitchen,05 49,Tuesday,6211.46,UPI
CUST008265,4,Home Kitchen,11 05,Friday,1669.72,CASH
CUST008266,2,Toys Games,18 57,Saturday,1475.18,UPI
CUST008267,2,Toys Games,08 01,Monday,1538.39,CASH
CUST008268,5,Fashion,03 57,Wednesday,1738.62,UPI
CUST008269,6,Home Kitchen,19 17,Sunday,9313.01,UPI
CUST008270,3,Food,15 57,Wednesday,755.13,UPI
CUST008271,4,Grocery,00 58,Monday,2207.73,CASH
CUST008272,2,Grocery,13 02,Tuesday,1455.38,CARD
CUST008273,3,Food,11 41,Thursday,439.67,CARD
CUST008274,2,Toys Games,16 55,Monday,3340.27,CASH
CUST008275,2,Grocery,16 16,Sunday,1354.03,CARD
CUST008276,5,Electronics,11 47,Wednesday,48902.03,CASH
CUST008277,3,Food,02 26,Saturday,477.92,UPI
CUST008278,3,Sports Fitness,06 16,Monday,691.71,UPI
CUST008279,5,Toys Games,00 52,Friday,1756.37,CASH
CUST008280,1,Food,17 35,Sunday,791.76,UPI
CUST008281,1,Food,06 15,Wednesday,712.34,CARD
CUST008282,2,Toys Games,19 35,Friday,4070.64,UPI
CUST008283,2,Fashion,23 49,Wednesday,4246.70,CASH
CUST008284,1,Electronics,00 04,Sunday,44251.01,CASH
CUST008285,2,Healthcare,19 20,Sunday,3534.18,CARD
CUST008286,6,Beauty Personal Care,08 52,Tuesday,1066.43,CARD
CUST008287,4,Toys Games,15 28,Friday,3468.55,CARD
CUST008288,6,Books Stationery,15 15,Sunday,581.80,CASH
CUST008289,4,Home Kitchen,15 15,Saturday,1042.41,UPI
CUST008290,1,Beauty Personal Care,14 48,Monday,1193.89,UPI
CUST008291,3,Food,11 28,Thursday,154.37,UPI
CUST008292,3,Toys Games,09 17,Saturday,654.53,CARD
CUST008293,5,Sports Fitness,14 43,Tuesday,11589.61,CARD
CUST008294,5,Fashion,11 23,Saturday,2716.15,CASH
CUST008295,5,Toys Games,06 27,Thursday,3840.56,CARD
CUST008296,1,Home Kitchen,13 35,Monday,6970.47,CASH
CUST008297,4,Sports Fitness,05 11,Friday,4095.45,CASH
CUST008298,2,Grocery,22 47,Friday,1402.79,UPI
CUST008299,5,Food,01 40,Thursday,228.87,UPI
CUST008300,3,Toys Games,02 05,Sunday,3706.33,UPI
CUST008301,2,Healthcare,12 12,Tuesday,3073.00,UPI
CUST008302,2,Food,22 40,Friday,168.87,CARD
CUST008303,5,Electronics,09 50,Wednesday,33696.29,UPI
CUST008304,2,Beauty Personal Care,07 36,Saturday,2816.96,CARD
CUST008305,4,Home Kitchen,00 35,Sunday,5141.50,CARD
CUST008306,4,Beauty Personal Care,19 11,Saturday,2301.31,CARD
CUST008307,2,Home Kitchen,20 55,Tuesday,8673.61,UPI
CUST008308,2,Electronics,22 46,Saturday,31653.21,UPI
CUST008309,3,Healthcare,22 37,Thursday,4169.29,UPI
CUST008310,1,Beauty Personal Care,10 33,Tuesday,864.53,UPI
CUST008311,3,Food,16 38,Tuesday,733.88,CARD
CUST008312,4,Fashion,20 08,Wednesday,1334.75,UPI
CUST008313,2,Beauty Personal Care,02 01,Monday,698.15,CASH
CUST008314,3,Toys Games,21 28,Tuesday,2122.49,UPI
CUST008315,5,Sports Fitness,16 21,Saturday,1437.64,CARD
CUST008316,5,Fashion,23 20,Tuesday,3694.80,CARD
CUST008317,3,Beauty Personal Care,05 19,Saturday,1869.00,CARD
CUST008318,2,Home Kitchen,11 30,Wednesday,4989.11,CASH
CUST008319,4,Grocery,10 55,Wednesday,2303.71,CARD
CUST008320,2,Sports Fitness,10 02,Tuesday,7754.95,CASH
CUST008321,3,Fashion,14 14,Friday,1233.96,UPI
CUST008322,3,Fashion,10 52,Friday,633.55,CASH
CUST008323,3,Books Stationery,09 16,Saturday,262.84,UPI
CUST008324,4,Grocery,23 23,Saturday,1960.20,UPI
CUST008325,4,Home Kitchen,12 23,Thursday,9772.61,UPI
CUST008326,4,Fashion,13 22,Saturday,2190.78,UPI
CUST008327,3,Beauty Personal Care,05 51,Saturday,495.72,CASH
CUST008328,5,Sports Fitness,17 27,Saturday,9059.68,UPI
CUST008329,5,Home Kitchen,19 53,Monday,3304.78,CARD
CUST008330,2,Healthcare,05 18,Tuesday,4631.23,UPI
CUST008331,6,Home Kitchen,08 28,Thursday,786.66,CASH
CUST008332,3,Home Kitchen,11 06,Monday,2598.73,CARD
CUST008333,1,Fashion,21 33,Sunday,4350.33,UPI
CUST008334,2,Home Kitchen,15 58,Monday,782.78,CASH
CUST008335,6,Healthcare,10 59,Saturday,4317.08,CARD
CUST008336,1,Food,00 25,Thursday,798.56,CASH
CUST008337,5,Fashion,18 06,Monday,2966.73,UPI
CUST008338,4,Books Stationery,15 35,Sunday,415.09,CASH
CUST008339,4,Food,16 36,Thursday,231.04,CASH
CUST008340,5,Sports Fitness,01 57,Thursday,2049.89,CASH
CUST008341,6,Grocery,21 26,Friday,1331.25,CARD
CUST008342,4,Food,12 30,Monday,159.69,CARD
CUST008343,5,Food,03 38,Thursday,105.30,CARD
CUST008344,1,Books Stationery,17 09,Friday,511.36,CARD
CUST008345,4,Toys Games,22 15,Saturday,1128.71,CASH
CUST008346,5,Electronics,17 51,Tuesday,16179.53,CARD
CUST008347,5,Home Kitchen,15 38,Friday,7729.38,UPI
CUST008348,3,Toys Games,14 51,Sunday,1479.27,CARD
CUST008349,2,Fashion,09 04,Tuesday,2530.15,UPI
CUST008350,4,Healthcare,21 34,Monday,1737.82,CASH
CUST008351,1,Sports Fitness,22 10,Tuesday,13846.03,UPI
CUST008352,4,Electronics,11 58,Thursday,19555.07,CASH
CUST008353,4,Sports Fitness,06 05,Wednesday,6887.96,UPI
CUST008354,1,Books Stationery,20 19,Thursday,1692.69,CASH
CUST008355,4,Fashion,14 06,Monday,2350.97,CASH
CUST008356,3,Fashion,11 52,Sunday,3640.83,UPI
CUST008357,6,Toys Games,23 53,Thursday,2724.65,CARD
CUST008358,2,Sports Fitness,13 45,Friday,13132.43,CARD
CUST008359,4,Toys Games,06 05,Friday,780.87,UPI
CUST008360,2,Healthcare,07 29,Tuesday,3177.24,UPI
CUST008361,2,Books Stationery,14 43,Tuesday,737.94,CARD
CUST008362,3,Home Kitchen,19 06,Saturday,8890.27,CASH
CUST008363,5,Fashion,13 09,Saturday,4195.28,CASH
CUST008364,1,Electronics,15 41,Friday,2623.95,UPI
CUST008365,2,Home Kitchen,22 09,Thursday,3052.09,UPI
CUST008366,1,Grocery,04 59,Saturday,526.28,CARD
CUST008367,1,Home Kitchen,00 47,Monday,6663.78,CASH
CUST008368,3,Healthcare,06 07,Sunday,1232.58,UPI
CUST008369,4,Books Stationery,03 23,Friday,312.56,CARD
CUST008370,4,Sports Fitness,01 44,Wednesday,14088.50,CARD
CUST008371,1,Home Kitchen,15 18,Tuesday,2581.04,CASH
CUST008372,1,Beauty Personal Care,18 02,Saturday,2378.28,CARD
CUST008373,2,Grocery,04 49,Thursday,262.13,CARD
CUST008374,6,Healthcare,21 50,Wednesday,283.58,CASH
CUST008375,4,Fashion,12 11,Monday,1754.00,CASH
CUST008376,5,Fashion,06 07,Monday,974.16,CASH
CUST008377,6,Toys Games,14 38,Tuesday,2588.77,UPI
CUST008378,3,Fashion,02 29,Friday,591.54,CASH
CUST008379,5,Electronics,11 50,Tuesday,28449.45,CARD
CUST008380,4,Electronics,00 13,Thursday,16018.02,UPI
CUST008381,1,Electronics,12 45,Wednesday,9674.08,CARD
CUST008382,1,Grocery,09 02,Tuesday,2303.04,CARD
CUST008383,4,Fashion,20 48,Monday,1226.96,CARD
CUST008384,5,Fashion,00 45,Sunday,2167.43,UPI
CUST008385,4,Food,13 54,Saturday,691.53,UPI
CUST008386,3,Toys Games,03 05,Tuesday,1431.54,CARD
CUST008387,4,Electronics,07 44,Saturday,29183.71,CASH
CUST008388,1,Grocery,21 47,Wednesday,2086.46,CASH
CUST008389,6,Electronics,03 16,Sunday,28402.78,UPI
CUST008390,6,Home Kitchen,13 01,Wednesday,6757.82,UPI
CUST008391,6,Grocery,15 01,Monday,726.06,CASH
CUST008392,6,Fashion,10 30,Monday,2125.49,CASH
CUST008393,5,Home Kitchen,08 38,Friday,2330.16,CASH
CUST008394,1,Beauty Personal Care,01 43,Saturday,1326.90,CARD
CUST008395,2,Sports Fitness,00 33,Friday,11954.30,CARD
CUST008396,1,Food,12 35,Saturday,583.90,CARD
CUST008397,4,Toys Games,14 51,Sunday,3306.44,UPI
CUST008398,2,Home Kitchen,19 57,Friday,1148.87,CASH
CUST008399,4,Grocery,11 12,Thursday,1525.33,UPI
CUST008400,2,Fashion,07 06,Tuesday,1694.51,CARD
CUST008401,3,Toys Games,13 19,Wednesday,4950.11,CASH
CUST008402,2,Healthcare,08 54,Thursday,4725.14,CASH
CUST008403,4,Sports Fitness,00 40,Tuesday,3513.81,UPI
CUST008404,5,Books Stationery,10 36,Monday,753.94,CASH
CUST008405,2,Beauty Personal Care,19 18,Tuesday,1708.61,CASH
CUST008406,4,Fashion,10 01,Monday,1385.38,CASH
CUST008407,4,Beauty Personal Care,17 51,Thursday,2740.44,CASH
CUST008408,6,Sports Fitness,00 13,Monday,7425.85,CARD
CUST008409,1,Fashion,07 53,Tuesday,4389.98,UPI
CUST008410,5,Grocery,12 22,Saturday,489.67,CARD
CUST008411,6,Toys Games,07 59,Thursday,2138.83,CASH
CUST008412,6,Food,09 38,Friday,555.71,CARD
CUST008413,2,Toys Games,02 36,Thursday,443.83,CARD
CUST008414,5,Home Kitchen,22 20,Saturday,2571.92,CASH
CUST008415,1,Food,12 14,Friday,411.94,CARD
CUST008416,6,Home Kitchen,07 08,Thursday,1359.62,UPI
CUST008417,1,Electronics,01 33,Monday,30404.59,CARD
CUST008418,6,Toys Games,13 06,Wednesday,2716.83,CARD
CUST008419,5,Fashion,17 54,Saturday,3529.87,CARD
CUST008420,5,Books Stationery,18 47,Wednesday,1410.67,UPI
CUST008421,5,Healthcare,16 49,Sunday,2020.05,CARD
CUST008422,3,Books Stationery,17 06,Friday,827.50,UPI
CUST008423,3,Fashion,07 52,Thursday,904.60,UPI
CUST008424,1,Books Stationery,10 56,Saturday,167.32,CARD
CUST008425,1,Toys Games,03 25,Friday,2762.11,CASH
CUST008426,5,Electronics,04 57,Tuesday,9585.27,CASH
CUST008427,4,Electronics,00 48,Sunday,22085.46,CASH
CUST008428,2,Beauty Personal Care,00 29,Thursday,2146.22,CARD
CUST008429,2,Home Kitchen,20 53,Sunday,9289.52,CASH
CUST008430,4,Healthcare,01 01,Friday,842.62,CARD
CUST008431,4,Beauty Personal Care,14 56,Wednesday,2100.39,CASH
CUST008432,2,Home Kitchen,01 08,Friday,860.85,CARD
CUST008433,3,Beauty Personal Care,00 43,Friday,2261.00,UPI
CUST008434,5,Books Stationery,19 34,Tuesday,1752.45,UPI
CUST008435,3,Beauty Personal Care,22 00,Friday,872.58,CASH
CUST008436,1,Home Kitchen,20 12,Sunday,3757.62,CASH
CUST008437,1,Beauty Personal Care,16 32,Tuesday,2675.81,UPI
CUST008438,5,Home Kitchen,07 35,Sunday,6383.87,UPI
CUST008439,4,Toys Games,21 13,Sunday,3904.50,UPI
CUST008440,1,Electronics,16 22,Thursday,14538.14,CASH
CUST008441,5,Grocery,09 25,Sunday,438.82,CARD
CUST008442,4,Sports Fitness,15 49,Tuesday,6524.17,UPI
CUST008443,3,Fashion,07 09,Friday,1626.78,UPI
CUST008444,6,Fashion,09 07,Saturday,4854.39,CARD
CUST008445,3,Healthcare,07 01,Monday,407.51,CASH
CUST008446,3,Home Kitchen,18 48,Tuesday,7218.23,CASH
CUST008447,5,Electronics,11 13,Sunday,25355.90,CASH
CUST008448,2,Grocery,06 16,Wednesday,1974.23,CARD
CUST008449,5,Grocery,03 46,Thursday,2698.75,CASH
CUST008450,4,Home Kitchen,23 25,Friday,5348.72,CARD
CUST008451,5,Grocery,04 44,Thursday,320.79,CARD
CUST008452,1,Toys Games,07 43,Saturday,3385.21,CARD
CUST008453,4,Sports Fitness,16 24,Tuesday,12022.72,CASH
CUST008454,1,Grocery,20 10,Thursday,2953.37,CARD
CUST008455,6,Food,17 37,Thursday,299.33,UPI
CUST008456,2,Sports Fitness,17 46,Friday,3723.40,UPI
CUST008457,2,Toys Games,18 36,Thursday,1224.20,CARD
CUST008458,3,Home Kitchen,20 45,Saturday,8857.51,CARD
CUST008459,4,Electronics,23 41,Saturday,12788.15,CARD
CUST008460,4,Food,04 21,Monday,565.40,UPI
CUST008461,5,Fashion,01 44,Wednesday,2729.63,UPI
CUST008462,4,Sports Fitness,05 21,Tuesday,7449.43,CASH
CUST008463,1,Home Kitchen,08 35,Friday,743.18,UPI
CUST008464,4,Fashion,02 48,Tuesday,778.34,UPI
CUST008465,1,Fashion,07 52,Sunday,3598.23,UPI
CUST008466,4,Grocery,02 55,Saturday,1991.54,UPI
CUST008467,6,Food,21 34,Saturday,734.44,CASH
CUST008468,4,Sports Fitness,02 40,Friday,14372.30,CARD
CUST008469,3,Food,03 25,Monday,629.27,CASH
CUST008470,1,Home Kitchen,09 22,Friday,1736.69,UPI
CUST008471,5,Food,07 24,Tuesday,144.05,CASH
CUST008472,5,Food,02 50,Sunday,784.58,CARD
CUST008473,3,Food,09 54,Tuesday,590.31,UPI
CUST008474,1,Sports Fitness,16 37,Wednesday,2975.22,CARD
CUST008475,1,Beauty Personal Care,04 02,Tuesday,1264.40,CARD
CUST008476,2,Fashion,02 28,Saturday,3176.83,CARD
CUST008477,3,Healthcare,14 51,Tuesday,1573.66,UPI
CUST008478,2,Toys Games,14 04,Thursday,4182.17,CASH
CUST008479,2,Fashion,17 23,Friday,1956.64,UPI
CUST008480,1,Grocery,01 58,Thursday,231.72,CARD
CUST008481,3,Home Kitchen,00 02,Monday,4882.67,UPI
CUST008482,1,Sports Fitness,09 31,Wednesday,4920.80,UPI
CUST008483,2,Home Kitchen,08 30,Sunday,8418.13,UPI
CUST008484,4,Fashion,01 47,Thursday,1589.68,CARD
CUST008485,4,Beauty Personal Care,12 53,Saturday,320.54,CARD
CUST008486,2,Healthcare,21 15,Tuesday,3351.52,CARD
CUST008487,4,Electronics,03 08,Wednesday,1661.51,UPI
CUST008488,3,Food,18 42,Thursday,176.89,CARD
CUST008489,4,Toys Games,19 35,Sunday,942.08,CARD
CUST008490,6,Food,16 23,Sunday,285.90,CASH
CUST008491,4,Healthcare,20 21,Thursday,3311.52,CASH
CUST008492,1,Electronics,00 57,Thursday,14890.26,CARD
CUST008493,6,Healthcare,23 37,Monday,1453.90,UPI
CUST008494,5,Fashion,23 28,Saturday,4122.38,CARD
CUST008495,1,Toys Games,13 59,Sunday,2398.57,CARD
CUST008496,6,Healthcare,05 07,Thursday,698.92,UPI
CUST008497,4,Sports Fitness,10 47,Monday,14944.00,CARD
CUST008498,6,Fashion,21 32,Saturday,794.36,CASH
CUST008499,3,Food,02 45,Tuesday,670.80,CASH
CUST008500,2,Healthcare,19 06,Monday,3495.42,UPI
CUST008501,5,Home Kitchen,13 35,Thursday,8298.36,CARD
CUST008502,5,Toys Games,10 36,Thursday,4426.78,UPI
CUST008503,1,Electronics,05 06,Saturday,17028.13,CASH
CUST008504,3,Toys Games,05 01,Sunday,1377.15,CASH
CUST008505,2,Toys Games,23 48,Thursday,1377.02,UPI
CUST008506,3,Electronics,20 08,Friday,7687.09,CARD
CUST008507,4,Toys Games,15 36,Wednesday,3188.09,UPI
CUST008508,1,Food,07 52,Tuesday,101.95,CASH
CUST008509,6,Toys Games,13 41,Saturday,4880.67,CARD
CUST008510,6,Sports Fitness,18 38,Tuesday,8225.17,CASH
CUST008511,5,Sports Fitness,18 07,Sunday,9820.76,UPI
CUST008512,5,Electronics,18 30,Monday,13372.16,CASH
CUST008513,4,Sports Fitness,19 53,Saturday,9559.44,CASH
CUST008514,1,Healthcare,13 28,Tuesday,1534.21,UPI
CUST008515,2,Books Stationery,16 32,Thursday,1927.31,CASH
CUST008516,6,Grocery,06 43,Saturday,2045.40,CARD
CUST008517,6,Toys Games,18 10,Sunday,1857.81,CARD
CUST008518,2,Beauty Personal Care,20 35,Thursday,996.14,CARD
CUST008519,5,Home Kitchen,20 50,Wednesday,9582.89,CARD
CUST008520,2,Food,19 21,Friday,514.08,CASH
CUST008521,4,Grocery,07 08,Monday,361.87,CASH
CUST008522,1,Toys Games,18 32,Sunday,4580.41,CASH
CUST008523,1,Electronics,01 30,Thursday,24898.96,CARD
CUST008524,1,Grocery,21 02,Sunday,1068.24,CARD
CUST008525,2,Toys Games,18 15,Saturday,1689.16,CARD
CUST008526,3,Sports Fitness,10 58,Thursday,13377.81,UPI
CUST008527,4,Food,03 30,Thursday,560.08,UPI
CUST008528,5,Electronics,10 02,Tuesday,14266.01,CARD
CUST008529,4,Sports Fitness,22 45,Wednesday,5498.27,CASH
CUST008530,6,Sports Fitness,01 22,Thursday,11565.34,CASH
CUST008531,2,Toys Games,20 28,Friday,4483.91,CARD
CUST008532,4,Toys Games,03 50,Monday,788.21,UPI
CUST008533,2,Home Kitchen,05 19,Thursday,3990.59,UPI
CUST008534,5,Books Stationery,02 34,Tuesday,470.11,CARD
CUST008535,6,Healthcare,08 31,Saturday,4869.95,CARD
CUST008536,5,Toys Games,10 22,Monday,3836.85,CASH
CUST008537,6,Food,02 46,Sunday,555.90,UPI
CUST008538,3,Grocery,09 05,Sunday,2261.96,CASH
CUST008539,6,Home Kitchen,11 04,Tuesday,1486.05,CASH
CUST008540,1,Home Kitchen,07 22,Sunday,1866.80,CARD
CUST008541,6,Home Kitchen,07 35,Monday,8135.00,CARD
CUST008542,3,Electronics,15 46,Thursday,39546.48,UPI
CUST008543,5,Beauty Personal Care,10 42,Wednesday,1259.17,CASH
CUST008544,5,Home Kitchen,07 28,Tuesday,6912.28,CARD
CUST008545,3,Beauty Personal Care,09 21,Tuesday,2784.43,CARD
CUST008546,2,Healthcare,18 22,Monday,250.72,CARD
CUST008547,4,Electronics,18 21,Friday,47147.87,CASH
CUST008548,2,Healthcare,17 25,Wednesday,3283.71,CASH
CUST008549,1,Food,02 02,Friday,759.25,CASH
CUST008550,6,Books Stationery,16 02,Tuesday,474.75,CASH
CUST008551,2,Fashion,17 47,Thursday,1465.83,UPI
CUST008552,6,Home Kitchen,04 37,Saturday,3939.86,CASH
CUST008553,6,Beauty Personal Care,14 10,Saturday,340.37,CARD
CUST008554,6,Healthcare,15 27,Thursday,261.60,CASH
CUST008555,4,Toys Games,14 11,Saturday,1013.50,CARD
CUST008556,1,Fashion,22 43,Wednesday,3861.16,CASH
CUST008557,4,Food,23 34,Saturday,460.14,UPI
CUST008558,6,Books Stationery,12 44,Wednesday,251.81,CASH
CUST008559,4,Home Kitchen,22 29,Wednesday,5525.17,CASH
CUST008560,2,Toys Games,11 34,Monday,3735.43,UPI
CUST008561,4,Healthcare,14 29,Monday,778.21,CASH
CUST008562,1,Toys Games,18 56,Tuesday,955.02,UPI
CUST008563,5,Fashion,23 55,Wednesday,2757.09,CARD
CUST008564,2,Grocery,07 53,Monday,1857.17,CARD
CUST008565,5,Sports Fitness,16 05,Tuesday,5387.98,CASH
CUST008566,1,Sports Fitness,21 49,Sunday,6671.97,UPI
CUST008567,2,Books Stationery,10 23,Saturday,1706.43,CARD
CUST008568,5,Grocery,18 06,Sunday,2501.26,CARD
CUST008569,6,Food,22 57,Thursday,180.65,CASH
CUST008570,1,Food,00 15,Saturday,742.19,CARD
CUST008571,3,Fashion,05 11,Friday,1005.45,CARD
CUST008572,4,Healthcare,08 15,Tuesday,1104.18,CASH
CUST008573,5,Fashion,11 46,Sunday,2973.66,CASH
CUST008574,3,Healthcare,04 25,Saturday,3038.79,CASH
CUST008575,2,Grocery,08 47,Friday,545.48,CARD
CUST008576,4,Grocery,23 25,Thursday,1512.95,CARD
CUST008577,5,Beauty Personal Care,08 47,Friday,2266.26,UPI
CUST008578,6,Fashion,15 25,Friday,2651.32,CASH
CUST008579,4,Electronics,01 03,Tuesday,47313.60,CASH
CUST008580,4,Sports Fitness,15 41,Friday,9576.71,CARD
CUST008581,1,Grocery,03 00,Sunday,1469.87,CARD
CUST008582,3,Toys Games,17 10,Monday,2266.97,CARD
CUST008583,3,Books Stationery,19 51,Tuesday,844.12,CARD
CUST008584,2,Beauty Personal Care,02 11,Sunday,512.25,CARD
CUST008585,1,Healthcare,16 58,Wednesday,4695.23,UPI
CUST008586,1,Healthcare,14 44,Sunday,3729.73,CARD
CUST008587,5,Healthcare,12 53,Tuesday,1509.47,UPI
CUST008588,2,Books Stationery,08 18,Monday,1450.94,CASH
CUST008589,2,Grocery,20 01,Monday,1459.80,CASH
CUST008590,1,Sports Fitness,13 19,Tuesday,7418.69,UPI
CUST008591,2,Beauty Personal Care,19 33,Sunday,2941.58,UPI
CUST008592,6,Fashion,02 09,Wednesday,1665.06,CARD
CUST008593,4,Electronics,08 02,Sunday,30425.65,CARD
CUST008594,5,Home Kitchen,14 38,Saturday,2975.48,CARD
CUST008595,1,Fashion,22 58,Saturday,3090.05,UPI
CUST008596,5,Electronics,07 24,Tuesday,2314.98,CARD
CUST008597,1,Electronics,01 48,Tuesday,4664.78,CARD
CUST008598,1,Sports Fitness,06 48,Wednesday,3413.99,CARD
CUST008599,5,Home Kitchen,07 22,Monday,5346.96,CASH
CUST008600,3,Healthcare,13 01,Thursday,4616.64,CARD
CUST008601,5,Home Kitchen,15 43,Sunday,6177.54,CARD
CUST008602,6,Food,03 42,Thursday,376.85,UPI
CUST008603,2,Food,18 27,Tuesday,86.76,CASH
CUST008604,2,Fashion,04 06,Tuesday,1454.92,CASH
CUST008605,5,Books Stationery,07 50,Monday,381.50,UPI
CUST008606,4,Books Stationery,19 52,Saturday,544.64,CARD
CUST008607,3,Healthcare,04 45,Wednesday,1354.20,CASH
CUST008608,2,Beauty Personal Care,15 32,Friday,2138.70,CARD
CUST008609,4,Electronics,04 25,Tuesday,46201.69,CARD
CUST008610,4,Healthcare,05 01,Saturday,500.42,UPI
CUST008611,6,Books Stationery,08 42,Wednesday,1414.39,CASH
CUST008612,6,Electronics,19 12,Thursday,13802.98,CASH
CUST008613,2,Grocery,13 57,Thursday,763.56,UPI
CUST008614,1,Books Stationery,01 14,Thursday,1923.89,CARD
CUST008615,3,Toys Games,04 46,Monday,2576.04,CASH
CUST008616,2,Sports Fitness,08 04,Friday,10307.16,CARD
CUST008617,2,Books Stationery,18 40,Wednesday,908.96,CASH
CUST008618,5,Fashion,00 01,Thursday,1382.55,UPI
CUST008619,6,Grocery,06 41,Wednesday,859.76,CASH
CUST008620,6,Electronics,17 39,Monday,7233.44,UPI
CUST008621,4,Grocery,05 48,Friday,518.54,UPI
CUST008622,3,Healthcare,11 03,Saturday,2628.18,UPI
CUST008623,6,Food,04 40,Saturday,188.32,CASH
CUST008624,4,Toys Games,12 54,Tuesday,3953.91,CASH
CUST008625,1,Food,03 21,Thursday,691.92,CASH
CUST008626,2,Fashion,13 12,Friday,555.83,CASH
CUST008627,4,Fashion,17 22,Saturday,2955.61,CARD
CUST008628,5,Fashion,18 02,Monday,1481.78,CASH
CUST008629,1,Electronics,21 31,Monday,1730.92,CASH
CUST008630,3,Toys Games,23 18,Sunday,505.40,UPI
CUST008631,1,Healthcare,09 42,Monday,701.17,CARD
CUST008632,4,Books Stationery,18 38,Wednesday,1469.98,UPI
CUST008633,6,Grocery,04 04,Friday,2203.38,UPI
CUST008634,4,Sports Fitness,18 39,Monday,11246.87,CASH
CUST008635,3,Food,05 36,Friday,499.06,UPI
CUST008636,2,Healthcare,20 13,Thursday,1777.81,UPI
CUST008637,4,Electronics,16 37,Saturday,46702.17,UPI
CUST008638,3,Books Stationery,23 49,Saturday,357.70,CARD
CUST008639,3,Sports Fitness,10 05,Monday,13766.92,CASH
CUST008640,4,Food,21 54,Monday,157.98,UPI
CUST008641,2,Grocery,23 31,Sunday,2396.55,CARD
CUST008642,4,Healthcare,20 15,Friday,967.60,CASH
CUST008643,6,Books Stationery,00 10,Saturday,704.83,CASH
CUST008644,6,Beauty Personal Care,23 43,Thursday,582.44,UPI
CUST008645,4,Grocery,09 31,Thursday,1115.10,UPI
CUST008646,4,Toys Games,00 49,Saturday,2130.64,CARD
CUST008647,5,Grocery,08 04,Thursday,779.41,CASH
CUST008648,1,Food,08 47,Tuesday,674.50,CASH
CUST008649,5,Healthcare,03 57,Friday,4143.02,CARD
CUST008650,6,Sports Fitness,08 46,Wednesday,6496.37,CASH
CUST008651,2,Fashion,16 54,Saturday,2806.94,CASH
CUST008652,1,Electronics,10 35,Monday,14312.56,UPI
CUST008653,3,Fashion,10 21,Friday,1246.71,CARD
CUST008654,6,Toys Games,08 01,Wednesday,4204.79,UPI
CUST008655,1,Home Kitchen,04 00,Saturday,8675.36,CARD
CUST008656,5,Books Stationery,20 25,Friday,1459.59,CASH
CUST008657,2,Home Kitchen,20 44,Monday,8809.73,UPI
CUST008658,2,Sports Fitness,22 27,Saturday,2568.83,UPI
CUST008659,5,Grocery,11 14,Wednesday,1722.45,CASH
CUST008660,4,Electronics,09 25,Monday,18006.70,UPI
CUST008661,3,Food,10 08,Monday,719.87,CARD
CUST008662,5,Sports Fitness,20 41,Monday,6163.01,CASH
CUST008663,2,Books Stationery,02 42,Wednesday,991.02,CASH
CUST008664,6,Electronics,07 27,Wednesday,29574.13,UPI
CUST008665,5,Toys Games,20 33,Monday,2858.11,CARD
CUST008666,4,Food,23 46,Saturday,522.84,CASH
CUST008667,5,Books Stationery,07 08,Saturday,802.10,CARD
CUST008668,5,Books Stationery,10 14,Thursday,1891.98,UPI
CUST008669,4,Toys Games,11 54,Tuesday,4032.37,CASH
CUST008670,2,Electronics,04 30,Wednesday,26742.55,CARD
CUST008671,3,Beauty Personal Care,04 48,Saturday,2013.01,CASH
CUST008672,4,Books Stationery,14 31,Friday,1405.17,UPI
CUST008673,5,Home Kitchen,08 45,Friday,6333.43,CARD
CUST008674,5,Toys Games,18 38,Wednesday,4796.39,CARD
CUST008675,3,Beauty Personal Care,02 43,Wednesday,269.49,CARD
CUST008676,5,Grocery,03 19,Wednesday,1967.33,CASH
CUST008677,3,Home Kitchen,03 22,Friday,9055.42,CASH
CUST008678,6,Food,23 49,Saturday,660.13,CASH
CUST008679,5,Grocery,01 17,Sunday,110.77,CASH
CUST008680,1,Fashion,21 12,Sunday,3206.77,UPI
CUST008681,3,Toys Games,04 43,Sunday,4139.22,UPI
CUST008682,6,Food,10 27,Thursday,705.43,CARD
CUST008683,2,Healthcare,14 19,Thursday,159.55,CARD
CUST008684,1,Electronics,01 16,Saturday,48078.13,CASH
CUST008685,3,Fashion,09 34,Tuesday,1627.64,CARD
CUST008686,3,Toys Games,06 59,Sunday,1808.58,CARD
CUST008687,4,Sports Fitness,08 54,Sunday,2327.12,CASH
CUST008688,3,Home Kitchen,21 45,Thursday,3203.16,CASH
CUST008689,4,Fashion,05 51,Saturday,3631.69,CARD
CUST008690,4,Grocery,00 56,Sunday,2208.73,CASH
CUST008691,5,Toys Games,21 26,Sunday,2860.54,CASH
CUST008692,2,Grocery,23 17,Monday,2649.42,UPI
CUST008693,2,Home Kitchen,08 05,Wednesday,7454.05,UPI
CUST008694,2,Electronics,22 21,Wednesday,10996.68,UPI
CUST008695,6,Fashion,09 49,Thursday,3622.04,CASH
CUST008696,1,Food,05 23,Monday,296.72,UPI
CUST008697,3,Healthcare,10 33,Monday,3985.12,CASH
CUST008698,6,Food,20 59,Tuesday,566.40,UPI
CUST008699,5,Books Stationery,01 23,Wednesday,213.31,CASH
CUST008700,1,Electronics,14 46,Saturday,18743.81,CASH
CUST008701,1,Grocery,06 56,Friday,1037.71,CARD
CUST008702,3,Healthcare,11 35,Thursday,4256.67,CASH
CUST008703,1,Grocery,20 57,Thursday,2126.62,CASH
CUST008704,2,Healthcare,18 11,Monday,1056.49,CASH
CUST008705,6,Food,01 29,Thursday,74.71,UPI
CUST008706,3,Food,19 54,Friday,316.92,UPI
CUST008707,3,Home Kitchen,07 36,Tuesday,1678.03,CARD
CUST008708,2,Books Stationery,01 40,Monday,1908.82,CARD
CUST008709,1,Electronics,03 01,Wednesday,36685.31,UPI
CUST008710,1,Fashion,07 02,Monday,2703.25,UPI
CUST008711,6,Food,05 32,Thursday,480.07,CARD
CUST008712,5,Fashion,11 32,Wednesday,2343.48,CARD
CUST008713,6,Sports Fitness,23 30,Monday,12052.54,CARD
CUST008714,5,Beauty Personal Care,13 56,Sunday,2903.09,CASH
CUST008715,3,Toys Games,01 43,Thursday,2292.32,CASH
CUST008716,4,Beauty Personal Care,22 57,Thursday,1528.95,CASH
CUST008717,6,Fashion,21 03,Friday,4673.56,CASH
CUST008718,6,Electronics,14 06,Sunday,42081.31,UPI
CUST008719,5,Books Stationery,02 57,Saturday,1913.66,UPI
CUST008720,2,Home Kitchen,13 43,Friday,3891.32,CARD
CUST008721,5,Healthcare,07 14,Sunday,1441.98,CASH
CUST008722,1,Home Kitchen,20 51,Saturday,6011.51,CARD
CUST008723,1,Sports Fitness,05 08,Monday,13610.67,CARD
CUST008724,6,Fashion,01 23,Wednesday,2629.86,UPI
CUST008725,2,Fashion,23 33,Sunday,2171.10,CASH
CUST008726,3,Fashion,15 45,Monday,2583.08,CASH
CUST008727,4,Food,16 16,Thursday,555.75,CARD
CUST008728,5,Home Kitchen,23 35,Friday,6450.39,CARD
CUST008729,3,Sports Fitness,14 35,Saturday,4306.60,UPI
CUST008730,3,Healthcare,09 40,Saturday,4309.08,CARD
CUST008731,3,Toys Games,17 39,Wednesday,3441.35,CARD
CUST008732,2,Fashion,17 44,Friday,4943.98,UPI
CUST008733,5,Toys Games,09 41,Saturday,1103.03,CASH
CUST008734,6,Electronics,22 15,Thursday,39061.15,CARD
CUST008735,6,Beauty Personal Care,22 50,Tuesday,429.41,UPI
CUST008736,2,Toys Games,04 48,Friday,4469.49,UPI
CUST008737,3,Healthcare,08 57,Monday,3981.30,CASH
CUST008738,1,Fashion,23 32,Friday,3491.58,CASH
CUST008739,4,Healthcare,04 34,Monday,3549.44,UPI
CUST008740,4,Electronics,08 33,Saturday,47949.08,CARD
CUST008741,4,Food,00 36,Tuesday,614.89,CASH
CUST008742,5,Electronics,19 47,Friday,1500.49,UPI
CUST008743,2,Home Kitchen,15 30,Wednesday,6242.12,CASH
CUST008744,1,Healthcare,22 55,Saturday,2161.63,UPI
CUST008745,1,Food,16 31,Monday,268.77,CARD
CUST008746,4,Beauty Personal Care,17 16,Saturday,271.73,CASH
CUST008747,4,Home Kitchen,09 34,Tuesday,7498.42,UPI
CUST008748,4,Books Stationery,19 55,Saturday,1209.16,CASH
CUST008749,6,Sports Fitness,06 06,Thursday,10977.19,UPI
CUST008750,4,Beauty Personal Care,18 00,Monday,2235.64,UPI
CUST008751,1,Books Stationery,12 32,Tuesday,1614.67,CASH
CUST008752,3,Home Kitchen,04 41,Saturday,5157.77,CARD
CUST008753,4,Electronics,04 58,Wednesday,16575.18,UPI
CUST008754,6,Toys Games,13 14,Sunday,695.00,CARD
CUST008755,2,Fashion,23 19,Monday,4975.43,UPI
CUST008756,6,Grocery,09 46,Thursday,661.20,CASH
CUST008757,4,Books Stationery,06 34,Sunday,1535.34,CARD
CUST008758,4,Toys Games,12 07,Thursday,1297.82,UPI
CUST008759,3,Fashion,11 01,Tuesday,2987.69,CASH
CUST008760,5,Toys Games,21 13,Saturday,454.19,CASH
CUST008761,4,Electronics,20 23,Thursday,10049.28,CARD
CUST008762,3,Books Stationery,20 56,Tuesday,677.30,CASH
CUST008763,1,Beauty Personal Care,16 53,Thursday,341.95,UPI
CUST008764,5,Beauty Personal Care,03 53,Saturday,1839.70,CARD
CUST008765,6,Toys Games,15 25,Wednesday,3966.14,CARD
CUST008766,2,Beauty Personal Care,13 51,Wednesday,2920.06,CARD
CUST008767,5,Sports Fitness,03 21,Monday,9363.45,UPI
CUST008768,3,Sports Fitness,11 49,Sunday,6740.74,UPI
CUST008769,6,Sports Fitness,16 37,Thursday,11891.28,CASH
CUST008770,1,Grocery,13 35,Tuesday,2123.58,UPI
CUST008771,4,Grocery,11 23,Tuesday,130.03,UPI
CUST008772,5,Electronics,08 15,Tuesday,5086.36,CASH
CUST008773,5,Home Kitchen,03 43,Thursday,9355.38,UPI
CUST008774,2,Healthcare,04 49,Thursday,3072.50,CASH
CUST008775,2,Home Kitchen,17 34,Tuesday,9173.10,CARD
CUST008776,6,Grocery,17 20,Friday,785.06,CARD
CUST008777,1,Home Kitchen,06 16,Thursday,2731.33,CARD
CUST008778,2,Healthcare,07 24,Friday,2167.91,UPI
CUST008779,2,Healthcare,04 33,Saturday,298.03,UPI
CUST008780,6,Grocery,19 03,Wednesday,2391.87,UPI
CUST008781,4,Food,12 05,Saturday,441.48,CARD
CUST008782,4,Books Stationery,21 03,Sunday,963.65,CASH
CUST008783,3,Sports Fitness,08 05,Saturday,12890.03,CARD
CUST008784,4,Food,17 56,Saturday,148.12,CARD
CUST008785,3,Grocery,17 20,Thursday,727.75,CARD
CUST008786,4,Electronics,00 18,Sunday,12080.89,CASH
CUST008787,1,Beauty Personal Care,20 41,Saturday,1647.17,CASH
CUST008788,4,Fashion,00 44,Sunday,873.23,CASH
CUST008789,6,Toys Games,00 28,Saturday,2763.61,CARD
CUST008790,1,Sports Fitness,23 38,Friday,10535.85,UPI
CUST008791,1,Healthcare,19 52,Monday,3660.60,CARD
CUST008792,5,Home Kitchen,16 56,Monday,3703.40,CARD
CUST008793,6,Beauty Personal Care,21 42,Tuesday,2095.76,UPI
CUST008794,1,Electronics,02 09,Thursday,38916.85,CARD
CUST008795,5,Toys Games,12 25,Tuesday,2888.41,CASH
CUST008796,6,Home Kitchen,06 44,Tuesday,9657.70,CASH
CUST008797,6,Electronics,17 01,Saturday,11983.80,UPI
CUST008798,4,Grocery,06 47,Monday,1475.90,CASH
CUST008799,4,Electronics,19 06,Saturday,11567.75,CASH
CUST008800,3,Books Stationery,22 48,Wednesday,328.30,CASH
CUST008801,2,Sports Fitness,12 24,Wednesday,7113.30,CASH
CUST008802,3,Fashion,20 16,Sunday,4992.47,CASH
CUST008803,3,Home Kitchen,15 06,Sunday,9363.52,CARD
CUST008804,4,Home Kitchen,05 13,Tuesday,3717.65,CARD
CUST008805,6,Beauty Personal Care,11 58,Saturday,415.03,CARD
CUST008806,6,Sports Fitness,14 59,Wednesday,10084.54,CARD
CUST008807,3,Toys Games,18 30,Tuesday,3768.67,CASH
CUST008808,1,Grocery,08 41,Tuesday,575.52,UPI
CUST008809,6,Grocery,19 07,Tuesday,1345.69,CASH
CUST008810,6,Books Stationery,14 24,Friday,428.71,UPI
CUST008811,4,Healthcare,03 53,Thursday,1948.99,CASH
CUST008812,4,Beauty Personal Care,10 30,Thursday,2033.06,CARD
CUST008813,6,Food,12 33,Wednesday,574.64,CARD
CUST008814,5,Sports Fitness,04 15,Sunday,12179.99,CASH
CUST008815,1,Sports Fitness,12 58,Thursday,14137.46,UPI
CUST008816,1,Sports Fitness,00 01,Saturday,1638.88,UPI
CUST008817,3,Grocery,04 16,Wednesday,2021.23,CASH
CUST008818,6,Beauty Personal Care,01 38,Tuesday,1762.87,CARD
CUST008819,3,Electronics,17 51,Wednesday,36865.29,CARD
CUST008820,5,Healthcare,18 03,Saturday,4565.89,UPI
CUST008821,4,Books Stationery,22 40,Wednesday,926.86,UPI
CUST008822,2,Healthcare,13 29,Wednesday,1786.74,CASH
CUST008823,4,Beauty Personal Care,23 02,Monday,1093.26,CARD
CUST008824,2,Food,04 57,Tuesday,423.77,CASH
CUST008825,5,Grocery,18 47,Tuesday,2187.97,CARD
CUST008826,1,Sports Fitness,09 41,Saturday,5311.15,UPI
CUST008827,5,Beauty Personal Care,12 56,Thursday,586.76,CARD
CUST008828,5,Electronics,08 56,Tuesday,17192.54,CARD
CUST008829,1,Books Stationery,06 38,Wednesday,1569.25,CASH
CUST008830,2,Books Stationery,03 54,Friday,941.13,CASH
CUST008831,1,Sports Fitness,23 50,Thursday,7809.60,UPI
CUST008832,3,Food,06 10,Friday,124.15,CASH
CUST008833,6,Electronics,00 08,Tuesday,15065.29,CARD
CUST008834,4,Fashion,11 29,Tuesday,2190.85,CARD
CUST008835,1,Toys Games,07 47,Saturday,1182.58,CARD
CUST008836,4,Beauty Personal Care,18 44,Monday,2689.30,CARD
CUST008837,4,Home Kitchen,14 14,Friday,1097.54,UPI
CUST008838,1,Toys Games,08 53,Friday,2780.52,CARD
CUST008839,1,Food,05 35,Wednesday,366.46,CASH
CUST008840,5,Healthcare,15 54,Tuesday,1323.61,UPI
CUST008841,6,Home Kitchen,07 31,Monday,8204.26,CARD
CUST008842,6,Food,01 19,Tuesday,471.78,CARD
CUST008843,3,Sports Fitness,18 25,Saturday,1900.82,UPI
CUST008844,6,Home Kitchen,15 52,Friday,9372.33,UPI
CUST008845,1,Beauty Personal Care,15 17,Tuesday,823.28,UPI
CUST008846,3,Home Kitchen,14 03,Monday,8005.90,UPI
CUST008847,2,Books Stationery,21 35,Wednesday,1825.54,CARD
CUST008848,3,Sports Fitness,08 44,Wednesday,13992.37,CARD
CUST008849,2,Electronics,10 44,Monday,34586.71,CARD
CUST008850,6,Grocery,00 45,Saturday,1265.16,CARD
CUST008851,6,Sports Fitness,23 04,Sunday,897.47,UPI
CUST008852,5,Food,07 15,Thursday,478.79,CASH
CUST008853,1,Fashion,21 44,Thursday,3823.19,CASH
CUST008854,5,Food,22 16,Monday,164.21,CARD
CUST008855,2,Grocery,05 37,Saturday,2873.78,UPI
CUST008856,3,Grocery,22 49,Monday,2729.89,UPI
CUST008857,2,Sports Fitness,17 39,Wednesday,12095.57,CARD
CUST008858,6,Books Stationery,12 36,Thursday,1085.86,CARD
CUST008859,5,Sports Fitness,17 03,Friday,14372.38,UPI
CUST008860,6,Healthcare,12 31,Sunday,4342.09,CARD
CUST008861,4,Grocery,15 21,Thursday,2013.73,UPI
CUST008862,4,Healthcare,22 10,Monday,4963.28,UPI
CUST008863,1,Books Stationery,11 51,Tuesday,1749.49,UPI
CUST008864,6,Fashion,19 13,Friday,3788.92,CASH
CUST008865,1,Home Kitchen,10 55,Wednesday,3750.70,CASH
CUST008866,6,Beauty Personal Care,17 39,Wednesday,1782.86,UPI
CUST008867,1,Grocery,23 51,Tuesday,2565.16,UPI
CUST008868,1,Grocery,03 31,Tuesday,111.54,CASH
CUST008869,6,Grocery,12 05,Friday,2605.94,UPI
CUST008870,5,Fashion,09 40,Saturday,3292.33,CASH
CUST008871,6,Food,01 52,Friday,427.22,UPI
CUST008872,3,Books Stationery,05 02,Sunday,1702.72,UPI
CUST008873,1,Electronics,09 14,Sunday,36284.29,UPI
CUST008874,3,Healthcare,01 19,Wednesday,4464.33,CASH
CUST008875,4,Grocery,22 44,Friday,137.32,CASH
CUST008876,4,Grocery,18 33,Wednesday,2523.95,UPI
CUST008877,4,Healthcare,21 54,Sunday,2114.27,CARD
CUST008878,5,Grocery,23 59,Monday,959.91,UPI
CUST008879,2,Sports Fitness,15 48,Monday,7232.72,UPI
CUST008880,4,Home Kitchen,22 53,Saturday,7107.90,CARD
CUST008881,1,Healthcare,02 46,Monday,3917.06,CARD
CUST008882,6,Food,12 42,Friday,417.22,CARD
CUST008883,4,Sports Fitness,11 22,Tuesday,3786.76,UPI
CUST008884,1,Healthcare,01 46,Saturday,170.86,CASH
CUST008885,1,Fashion,23 56,Wednesday,4858.30,UPI
CUST008886,2,Sports Fitness,06 52,Tuesday,1307.10,CARD
CUST008887,2,Toys Games,22 23,Sunday,4381.29,CARD
CUST008888,2,Toys Games,06 52,Saturday,3117.30,CARD
CUST008889,5,Beauty Personal Care,03 55,Friday,2899.17,CARD
CUST008890,6,Home Kitchen,21 42,Thursday,2968.04,CARD
CUST008891,4,Sports Fitness,17 19,Monday,3731.74,UPI
CUST008892,3,Electronics,20 14,Wednesday,2530.10,CASH
CUST008893,5,Fashion,07 20,Monday,2920.55,UPI
CUST008894,4,Healthcare,06 36,Wednesday,2217.94,UPI
CUST008895,5,Sports Fitness,21 08,Friday,10323.57,CARD
CUST008896,1,Sports Fitness,11 12,Sunday,1476.37,CARD
CUST008897,2,Sports Fitness,23 19,Monday,13127.71,CARD
CUST008898,1,Grocery,12 58,Thursday,763.77,UPI
CUST008899,4,Sports Fitness,05 32,Friday,11620.13,UPI
CUST008900,3,Food,12 53,Saturday,95.63,CARD
CUST008901,6,Food,13 42,Tuesday,447.66,UPI
CUST008902,4,Grocery,20 47,Monday,2179.16,CASH
CUST008903,4,Beauty Personal Care,22 10,Thursday,1496.66,CASH
CUST008904,4,Beauty Personal Care,21 37,Tuesday,2382.60,UPI
CUST008905,6,Fashion,10 01,Wednesday,616.77,UPI
CUST008906,5,Food,20 14,Friday,587.08,CASH
CUST008907,6,Electronics,18 09,Thursday,28418.92,CARD
CUST008908,4,Home Kitchen,13 12,Sunday,4231.05,CASH
CUST008909,3,Books Stationery,07 22,Tuesday,274.62,UPI
CUST008910,2,Electronics,15 51,Wednesday,9770.95,UPI
CUST008911,5,Healthcare,19 56,Tuesday,1471.97,CASH
CUST008912,5,Healthcare,03 08,Thursday,3404.72,CARD
CUST008913,2,Sports Fitness,22 07,Sunday,6003.86,CASH
CUST008914,3,Grocery,18 40,Friday,1734.24,CARD
CUST008915,2,Food,05 31,Wednesday,557.96,UPI
CUST008916,4,Food,19 23,Friday,74.32,UPI
CUST008917,3,Books Stationery,03 34,Thursday,1562.99,UPI
CUST008918,2,Healthcare,18 07,Tuesday,1949.45,CARD
CUST008919,6,Sports Fitness,01 17,Sunday,1232.45,CASH
CUST008920,4,Fashion,18 12,Wednesday,2916.13,CARD
CUST008921,1,Electronics,11 29,Monday,22104.81,UPI
CUST008922,6,Sports Fitness,19 05,Friday,5329.59,CASH
CUST008923,1,Food,07 02,Friday,430.16,UPI
CUST008924,1,Beauty Personal Care,03 36,Thursday,767.78,UPI
CUST008925,5,Grocery,08 28,Tuesday,568.77,CARD
CUST008926,2,Books Stationery,19 00,Wednesday,503.41,CASH
CUST008927,5,Electronics,01 12,Saturday,34786.81,CARD
CUST008928,5,Beauty Personal Care,18 39,Monday,2054.18,CASH
CUST008929,6,Books Stationery,22 58,Friday,277.01,UPI
CUST008930,2,Food,04 19,Sunday,493.11,CASH
CUST008931,2,Beauty Personal Care,07 14,Thursday,1064.45,UPI
CUST008932,6,Beauty Personal Care,04 17,Monday,1544.90,CASH
CUST008933,6,Sports Fitness,00 00,Monday,10628.18,CARD
CUST008934,1,Toys Games,12 46,Tuesday,592.38,CASH
CUST008935,3,Toys Games,00 53,Friday,1233.58,UPI
CUST008936,1,Sports Fitness,15 15,Friday,7788.23,CASH
CUST008937,4,Beauty Personal Care,16 55,Friday,2618.87,CARD
CUST008938,4,Beauty Personal Care,23 07,Sunday,2633.76,CARD
CUST008939,6,Home Kitchen,23 31,Wednesday,2594.53,UPI
CUST008940,4,Electronics,23 32,Tuesday,3206.59,CASH
CUST008941,3,Home Kitchen,19 14,Saturday,2012.96,CARD
CUST008942,5,Food,20 56,Wednesday,184.07,CARD
CUST008943,5,Fashion,05 39,Monday,3598.88,UPI
CUST008944,5,Beauty Personal Care,02 16,Friday,1150.02,UPI
CUST008945,3,Grocery,05 37,Sunday,1059.45,UPI
CUST008946,5,Home Kitchen,11 56,Saturday,5312.54,CASH
CUST008947,6,Sports Fitness,04 53,Thursday,12979.61,UPI
CUST008948,5,Fashion,12 24,Saturday,2525.94,CASH
CUST008949,2,Electronics,00 42,Monday,4841.48,CARD
CUST008950,3,Food,06 05,Sunday,229.82,CASH
CUST008951,4,Toys Games,00 48,Wednesday,1501.65,UPI
CUST008952,3,Healthcare,05 34,Sunday,2356.12,CARD
CUST008953,4,Home Kitchen,06 26,Wednesday,6685.35,CASH
CUST008954,4,Sports Fitness,06 17,Monday,1294.64,UPI
CUST008955,1,Beauty Personal Care,03 55,Sunday,1516.51,CARD
CUST008956,5,Toys Games,13 42,Friday,4163.36,CASH
CUST008957,5,Sports Fitness,03 20,Wednesday,8190.88,UPI
CUST008958,6,Beauty Personal Care,05 45,Tuesday,1627.80,UPI
CUST008959,6,Sports Fitness,04 34,Monday,6727.07,CARD
CUST008960,2,Toys Games,21 31,Tuesday,4556.91,CARD
CUST008961,6,Books Stationery,10 19,Saturday,580.22,UPI
CUST008962,1,Home Kitchen,05 56,Monday,6318.67,UPI
CUST008963,2,Electronics,18 37,Sunday,36102.93,CASH
CUST008964,5,Toys Games,18 46,Wednesday,4598.40,CARD
CUST008965,6,Food,10 49,Saturday,233.02,CASH
CUST008966,1,Healthcare,17 39,Saturday,3390.25,CASH
CUST008967,3,Beauty Personal Care,04 38,Sunday,2327.54,UPI
CUST008968,6,Toys Games,17 33,Saturday,2242.52,CASH
CUST008969,6,Food,02 15,Friday,297.79,CASH
CUST008970,3,Healthcare,03 15,Wednesday,3668.39,CASH
CUST008971,5,Grocery,05 01,Wednesday,2217.23,UPI
CUST008972,5,Grocery,14 59,Saturday,2567.98,UPI
CUST008973,3,Sports Fitness,19 41,Monday,4216.20,CARD
CUST008974,5,Home Kitchen,22 47,Monday,6296.19,UPI
CUST008975,1,Grocery,12 44,Tuesday,2427.76,CASH
CUST008976,1,Sports Fitness,21 53,Wednesday,6512.07,CASH
CUST008977,1,Grocery,12 08,Monday,1945.48,UPI
CUST008978,3,Books Stationery,23 57,Wednesday,664.65,CARD
CUST008979,1,Food,08 49,Friday,204.75,CARD
CUST008980,5,Books Stationery,06 07,Wednesday,1170.57,CARD
CUST008981,3,Toys Games,01 22,Monday,2746.46,UPI
CUST008982,6,Sports Fitness,05 03,Friday,6179.26,UPI
CUST008983,5,Food,04 58,Thursday,567.19,UPI
CUST008984,2,Toys Games,09 12,Tuesday,912.98,UPI
CUST008985,6,Food,01 08,Thursday,280.11,CARD
CUST008986,3,Home Kitchen,00 21,Friday,931.15,UPI
CUST008987,5,Beauty Personal Care,09 47,Sunday,1597.56,CASH
CUST008988,5,Food,16 22,Saturday,559.22,CASH
CUST008989,2,Sports Fitness,10 54,Friday,14267.97,CASH
CUST008990,1,Home Kitchen,01 02,Tuesday,7086.06,CARD
CUST008991,1,Fashion,17 09,Friday,3195.88,UPI
CUST008992,5,Toys Games,09 49,Friday,2821.23,UPI
CUST008993,2,Toys Games,09 10,Friday,1640.27,CARD
CUST008994,1,Sports Fitness,07 14,Monday,11070.67,CARD
CUST008995,1,Healthcare,17 40,Friday,4770.85,CASH
CUST008996,3,Beauty Personal Care,07 43,Sunday,1265.05,CARD
CUST008997,2,Grocery,08 34,Sunday,2382.45,UPI
CUST008998,4,Beauty Personal Care,05 44,Sunday,2001.76,UPI
CUST008999,2,Fashion,04 13,Friday,773.77,CASH
CUST009000,1,Electronics,23 03,Wednesday,16618.17,CARD
CUST009001,3,Toys Games,01 20,Monday,219.71,CARD
CUST009002,6,Electronics,00 45,Friday,1349.56,CARD
CUST009003,5,Books Stationery,08 53,Friday,1196.35,CASH
CUST009004,2,Sports Fitness,16 47,Wednesday,12953.04,CASH
CUST009005,1,Grocery,14 57,Saturday,188.04,UPI
CUST009006,6,Electronics,23 15,Tuesday,34760.65,CASH
CUST009007,6,Books Stationery,17 27,Monday,1195.12,UPI
CUST009008,6,Fashion,07 57,Tuesday,2309.58,UPI
CUST009009,5,Electronics,17 16,Wednesday,25372.46,CARD
CUST009010,4,Electronics,11 50,Saturday,24030.58,UPI
CUST009011,5,Sports Fitness,12 02,Friday,3442.60,CARD
CUST009012,4,Home Kitchen,03 27,Tuesday,1172.28,UPI
CUST009013,3,Grocery,13 54,Wednesday,1973.76,CASH
CUST009014,6,Food,19 37,Sunday,655.45,CASH
CUST009015,5,Home Kitchen,22 53,Friday,9236.54,CARD
CUST009016,1,Electronics,11 54,Tuesday,6111.17,CARD
CUST009017,4,Home Kitchen,07 14,Friday,5107.67,UPI
CUST009018,3,Toys Games,00 23,Saturday,2692.55,UPI
CUST009019,6,Toys Games,18 00,Thursday,3212.64,CARD
CUST009020,1,Electronics,21 01,Friday,7711.36,CASH
CUST009021,2,Toys Games,17 31,Monday,3055.42,CASH
CUST009022,1,Beauty Personal Care,17 40,Wednesday,2404.16,CARD
CUST009023,1,Home Kitchen,20 25,Thursday,5833.43,CARD
CUST009024,3,Home Kitchen,22 04,Friday,8007.21,UPI
CUST009025,5,Fashion,05 53,Monday,4664.07,CASH
CUST009026,6,Sports Fitness,13 05,Saturday,8216.50,UPI
CUST009027,3,Fashion,11 57,Thursday,1274.77,CASH
CUST009028,2,Beauty Personal Care,02 51,Tuesday,1411.99,UPI
CUST009029,4,Toys Games,22 59,Saturday,4493.40,CASH
CUST009030,2,Grocery,21 14,Saturday,1829.11,UPI
CUST009031,1,Books Stationery,02 41,Saturday,115.92,UPI
CUST009032,5,Electronics,00 52,Monday,37715.65,UPI
CUST009033,4,Food,18 46,Monday,732.65,UPI
CUST009034,1,Toys Games,07 32,Thursday,3126.88,UPI
CUST009035,4,Books Stationery,06 19,Saturday,1672.16,CARD
CUST009036,2,Home Kitchen,12 50,Saturday,7518.52,UPI
CUST009037,4,Beauty Personal Care,18 41,Wednesday,340.65,UPI
CUST009038,1,Food,23 29,Thursday,498.65,CASH
CUST009039,3,Grocery,07 03,Wednesday,2177.81,UPI
CUST009040,3,Toys Games,18 10,Thursday,812.20,CARD
CUST009041,5,Sports Fitness,19 49,Thursday,9922.54,CASH
CUST009042,5,Home Kitchen,23 23,Sunday,1491.02,CASH
CUST009043,4,Sports Fitness,12 20,Sunday,3136.30,UPI
CUST009044,1,Healthcare,11 36,Wednesday,1196.55,UPI
CUST009045,3,Electronics,09 29,Thursday,45024.24,CASH
CUST009046,5,Healthcare,09 00,Monday,1443.19,UPI
CUST009047,1,Electronics,15 11,Saturday,17465.08,UPI
CUST009048,6,Toys Games,12 04,Monday,1256.32,CASH
CUST009049,1,Electronics,21 10,Friday,8213.59,CASH
CUST009050,5,Home Kitchen,08 48,Thursday,9674.62,UPI
CUST009051,3,Books Stationery,11 45,Thursday,1102.93,CARD
CUST009052,4,Toys Games,06 58,Sunday,1552.43,CASH
CUST009053,4,Grocery,22 43,Friday,1012.25,CARD
CUST009054,5,Beauty Personal Care,05 02,Friday,504.60,CARD
CUST009055,1,Toys Games,18 02,Sunday,1165.34,CARD
CUST009056,4,Healthcare,10 28,Tuesday,2550.13,CARD
CUST009057,5,Healthcare,17 26,Monday,3088.99,CASH
CUST009058,5,Beauty Personal Care,08 18,Saturday,1353.33,UPI
CUST009059,4,Healthcare,13 06,Friday,3826.59,CASH
CUST009060,5,Food,06 47,Friday,648.26,CARD
CUST009061,1,Books Stationery,14 05,Sunday,443.96,CARD
CUST009062,4,Healthcare,18 50,Monday,860.65,CASH
CUST009063,6,Healthcare,20 02,Wednesday,348.03,UPI
CUST009064,3,Grocery,05 16,Thursday,333.05,CASH
CUST009065,4,Toys Games,11 51,Thursday,799.66,UPI
CUST009066,1,Beauty Personal Care,14 15,Saturday,2018.51,CARD
CUST009067,2,Toys Games,05 44,Thursday,3731.96,UPI
CUST009068,4,Books Stationery,13 49,Thursday,951.11,CARD
CUST009069,5,Grocery,22 18,Friday,2690.33,CARD
CUST009070,3,Toys Games,12 09,Wednesday,2409.54,CASH
CUST009071,6,Electronics,15 49,Thursday,29438.14,CASH
CUST009072,6,Beauty Personal Care,14 15,Friday,1058.24,UPI
CUST009073,5,Electronics,10 18,Wednesday,8312.01,CASH
CUST009074,2,Fashion,09 34,Friday,2993.13,UPI
CUST009075,6,Toys Games,07 35,Friday,1246.93,UPI
CUST009076,3,Food,06 53,Tuesday,608.88,UPI
CUST009077,6,Beauty Personal Care,20 28,Tuesday,1782.71,CARD
CUST009078,3,Food,07 19,Monday,264.16,UPI
CUST009079,6,Electronics,13 26,Sunday,16754.43,CASH
CUST009080,1,Electronics,02 51,Monday,41025.77,CASH
CUST009081,4,Home Kitchen,02 30,Friday,9581.39,CARD
CUST009082,2,Home Kitchen,09 41,Sunday,3095.86,UPI
CUST009083,6,Food,03 06,Wednesday,447.44,CASH
CUST009084,3,Home Kitchen,19 38,Tuesday,485.10,CASH
CUST009085,1,Toys Games,03 15,Saturday,2310.09,UPI
CUST009086,1,Fashion,16 44,Tuesday,4657.81,CARD
CUST009087,4,Grocery,03 35,Sunday,1855.32,UPI
CUST009088,5,Sports Fitness,07 43,Friday,11870.57,CARD
CUST009089,1,Home Kitchen,23 23,Monday,996.59,CARD
CUST009090,4,Beauty Personal Care,13 46,Friday,2416.22,UPI
CUST009091,4,Toys Games,13 17,Thursday,2248.97,CASH
CUST009092,1,Fashion,19 55,Monday,1380.11,CASH
CUST009093,1,Home Kitchen,11 32,Monday,7794.99,CASH
CUST009094,5,Healthcare,00 58,Thursday,2206.23,CASH
CUST009095,4,Grocery,10 51,Tuesday,2797.14,CASH
CUST009096,6,Toys Games,10 43,Wednesday,926.62,CARD
CUST009097,2,Home Kitchen,12 18,Saturday,8207.71,CASH
CUST009098,2,Sports Fitness,16 28,Saturday,2405.70,UPI
CUST009099,5,Food,01 38,Monday,339.08,UPI
CUST009100,2,Books Stationery,02 58,Monday,1279.41,CARD
CUST009101,1,Fashion,09 57,Thursday,4451.20,CASH
CUST009102,1,Fashion,07 42,Friday,4739.03,UPI
CUST009103,4,Electronics,17 59,Monday,6009.95,CASH
CUST009104,6,Home Kitchen,23 17,Monday,3358.18,UPI
CUST009105,2,Fashion,07 06,Friday,3263.88,CARD
CUST009106,2,Books Stationery,09 17,Monday,1219.51,UPI
CUST009107,2,Food,15 44,Thursday,254.33,CARD
CUST009108,5,Sports Fitness,20 59,Monday,7561.95,UPI
CUST009109,4,Healthcare,23 01,Thursday,4435.87,CARD
CUST009110,3,Fashion,01 33,Thursday,4214.99,CARD
CUST009111,4,Home Kitchen,19 27,Saturday,9412.04,CARD
CUST009112,2,Books Stationery,04 48,Sunday,1846.79,CASH
CUST009113,6,Sports Fitness,00 21,Friday,10239.73,UPI
CUST009114,2,Electronics,18 32,Sunday,31942.80,CARD
CUST009115,6,Electronics,06 13,Thursday,7780.61,CASH
CUST009116,2,Toys Games,19 34,Monday,428.67,CASH
CUST009117,4,Sports Fitness,21 22,Monday,13911.84,CARD
CUST009118,4,Electronics,11 03,Tuesday,29167.38,UPI
CUST009119,1,Beauty Personal Care,01 16,Monday,2320.81,CARD
CUST009120,3,Books Stationery,12 04,Sunday,1056.65,UPI
CUST009121,1,Healthcare,12 34,Wednesday,1966.18,UPI
CUST009122,1,Fashion,06 25,Thursday,4889.39,UPI
CUST009123,3,Sports Fitness,01 17,Monday,11784.08,CASH
CUST009124,4,Fashion,15 11,Friday,1110.24,CARD
CUST009125,3,Healthcare,21 55,Saturday,4122.71,CARD
CUST009126,6,Books Stationery,02 07,Thursday,1313.92,UPI
CUST009127,4,Healthcare,19 20,Tuesday,1421.58,CARD
CUST009128,6,Beauty Personal Care,10 45,Monday,2078.71,UPI
CUST009129,3,Healthcare,11 48,Tuesday,628.53,UPI
CUST009130,1,Fashion,12 22,Monday,3141.25,CASH
CUST009131,6,Electronics,12 25,Tuesday,15320.63,CARD
CUST009132,3,Toys Games,11 40,Friday,4356.27,UPI
CUST009133,2,Fashion,01 43,Friday,3747.57,CARD
CUST009134,4,Healthcare,15 29,Saturday,3788.20,CARD
CUST009135,3,Home Kitchen,09 24,Friday,9338.23,CARD
CUST009136,6,Grocery,22 22,Saturday,1818.35,CASH
CUST009137,4,Healthcare,04 47,Thursday,2451.76,UPI
CUST009138,1,Home Kitchen,06 44,Friday,3718.92,CARD
CUST009139,3,Fashion,05 27,Thursday,2226.47,CARD
CUST009140,2,Sports Fitness,08 53,Wednesday,3919.33,CASH
CUST009141,3,Toys Games,09 05,Saturday,2163.50,UPI
CUST009142,3,Food,13 26,Tuesday,69.46,UPI
CUST009143,4,Grocery,10 10,Saturday,1965.20,UPI
CUST009144,1,Healthcare,16 33,Monday,997.01,CASH
CUST009145,5,Toys Games,02 27,Monday,4563.65,UPI
CUST009146,6,Home Kitchen,17 04,Friday,1838.65,CARD
CUST009147,5,Grocery,12 18,Thursday,980.06,CASH
CUST009148,2,Grocery,23 20,Tuesday,1518.50,CARD
CUST009149,6,Books Stationery,01 47,Sunday,1407.10,CARD
CUST009150,6,Food,15 17,Sunday,124.12,UPI
CUST009151,1,Grocery,04 08,Saturday,2788.37,UPI
CUST009152,4,Food,04 11,Tuesday,323.80,UPI
CUST009153,5,Healthcare,18 27,Monday,2939.63,UPI
CUST009154,1,Sports Fitness,17 06,Saturday,911.95,CASH
CUST009155,6,Sports Fitness,23 47,Wednesday,6634.45,CARD
CUST009156,5,Healthcare,18 04,Wednesday,4448.84,UPI
CUST009157,1,Electronics,05 13,Friday,20674.25,CARD
CUST009158,3,Sports Fitness,20 35,Thursday,2239.52,CASH
CUST009159,2,Fashion,02 42,Thursday,4094.95,CASH
CUST009160,5,Toys Games,13 37,Tuesday,2300.42,CARD
CUST009161,6,Food,15 10,Friday,618.80,UPI
CUST009162,4,Beauty Personal Care,19 09,Sunday,2244.72,CARD
CUST009163,3,Beauty Personal Care,21 33,Thursday,2356.93,CARD
CUST009164,1,Grocery,13 31,Monday,370.00,CARD
CUST009165,4,Home Kitchen,06 09,Tuesday,3706.83,CASH
CUST009166,6,Electronics,12 27,Tuesday,29468.06,CARD
CUST009167,6,Toys Games,22 00,Friday,4053.76,CARD
CUST009168,5,Home Kitchen,06 11,Friday,2302.67,CARD
CUST009169,1,Healthcare,01 48,Wednesday,4618.36,UPI
CUST009170,2,Healthcare,18 41,Sunday,1624.30,UPI
CUST009171,6,Toys Games,17 29,Wednesday,1619.63,CASH
CUST009172,5,Fashion,21 23,Tuesday,831.09,UPI
CUST009173,4,Electronics,23 59,Thursday,41964.21,CASH
CUST009174,1,Toys Games,12 20,Monday,3823.59,CARD
CUST009175,6,Electronics,05 12,Wednesday,21469.88,CARD
CUST009176,2,Electronics,07 31,Thursday,31377.90,CARD
CUST009177,2,Electronics,12 07,Sunday,31231.86,CASH
CUST009178,1,Sports Fitness,16 24,Saturday,8632.15,CARD
CUST009179,3,Toys Games,01 19,Friday,2655.46,CASH
CUST009180,4,Books Stationery,22 17,Wednesday,519.05,CARD
CUST009181,4,Books Stationery,20 29,Tuesday,1081.77,CASH
CUST009182,3,Grocery,07 55,Monday,1032.70,UPI
CUST009183,3,Home Kitchen,12 53,Friday,5510.23,UPI
CUST009184,1,Food,08 52,Monday,520.66,CASH
CUST009185,4,Books Stationery,03 56,Sunday,1908.81,CARD
CUST009186,3,Home Kitchen,21 42,Thursday,3702.26,CASH
CUST009187,3,Beauty Personal Care,12 42,Friday,1609.43,CASH
CUST009188,3,Food,13 50,Monday,693.41,CARD
CUST009189,5,Beauty Personal Care,20 12,Saturday,1305.45,CARD
CUST009190,3,Grocery,02 58,Wednesday,2570.95,CARD
CUST009191,5,Food,02 40,Friday,130.18,CASH
CUST009192,3,Fashion,21 13,Wednesday,3370.47,UPI
CUST009193,4,Electronics,12 07,Tuesday,48392.51,CARD
CUST009194,6,Electronics,05 46,Monday,21413.50,CASH
CUST009195,5,Healthcare,13 12,Wednesday,4111.41,CARD
CUST009196,4,Beauty Personal Care,04 58,Monday,2915.59,CASH
CUST009197,5,Home Kitchen,16 25,Saturday,1995.49,UPI
CUST009198,5,Grocery,23 24,Thursday,2605.69,UPI
CUST009199,4,Healthcare,22 17,Monday,4548.75,CARD
CUST009200,2,Sports Fitness,03 04,Monday,9640.02,UPI
CUST009201,3,Toys Games,06 32,Tuesday,4599.16,UPI
CUST009202,1,Electronics,23 40,Friday,32999.27,UPI
CUST009203,3,Toys Games,13 07,Sunday,1894.79,CARD
CUST009204,1,Grocery,04 49,Monday,2916.70,UPI
CUST009205,6,Home Kitchen,07 10,Sunday,2534.30,CASH
CUST009206,2,Books Stationery,23 30,Saturday,347.41,CARD
CUST009207,1,Healthcare,21 59,Wednesday,4104.77,CASH
CUST009208,5,Beauty Personal Care,18 25,Thursday,670.28,UPI
CUST009209,1,Food,08 02,Sunday,553.35,CARD
CUST009210,5,Toys Games,21 22,Wednesday,4438.79,CASH
CUST009211,2,Toys Games,08 56,Friday,652.20,CARD
CUST009212,1,Toys Games,01 39,Saturday,1660.47,UPI
CUST009213,3,Grocery,16 08,Sunday,1430.21,UPI
CUST009214,6,Sports Fitness,19 38,Tuesday,2565.21,CARD
CUST009215,2,Toys Games,09 33,Saturday,1114.43,CASH
CUST009216,5,Fashion,01 09,Wednesday,4270.53,UPI
CUST009217,5,Food,20 10,Friday,556.94,UPI
CUST009218,2,Healthcare,15 02,Sunday,4155.32,CARD
CUST009219,3,Books Stationery,04 19,Tuesday,107.84,CARD
CUST009220,1,Electronics,00 07,Monday,6693.06,CASH
CUST009221,6,Electronics,14 36,Saturday,29622.92,CARD
CUST009222,3,Electronics,21 18,Monday,13690.34,CARD
CUST009223,6,Beauty Personal Care,19 59,Saturday,284.90,CASH
CUST009224,4,Toys Games,08 18,Wednesday,2280.62,CARD
CUST009225,1,Books Stationery,23 26,Wednesday,951.46,CASH
CUST009226,2,Healthcare,00 53,Wednesday,1605.73,CASH
CUST009227,3,Books Stationery,15 32,Saturday,1227.54,CARD
CUST009228,2,Books Stationery,20 12,Friday,1491.80,CASH
CUST009229,3,Books Stationery,13 04,Tuesday,697.49,CASH
CUST009230,2,Books Stationery,22 07,Saturday,1332.43,CARD
CUST009231,5,Fashion,03 22,Friday,549.28,UPI
CUST009232,4,Books Stationery,22 28,Thursday,1757.27,CASH
CUST009233,1,Home Kitchen,22 40,Friday,8304.76,CARD
CUST009234,4,Home Kitchen,21 51,Tuesday,1869.08,CASH
CUST009235,5,Fashion,08 08,Sunday,3876.42,UPI
CUST009236,3,Beauty Personal Care,21 20,Monday,2247.60,CARD
CUST009237,6,Home Kitchen,06 06,Tuesday,3699.56,CASH
CUST009238,6,Food,21 33,Friday,698.19,UPI
CUST009239,2,Grocery,10 50,Sunday,1181.29,CASH
CUST009240,1,Beauty Personal Care,20 47,Friday,815.88,CASH
CUST009241,6,Books Stationery,13 29,Tuesday,997.17,CARD
CUST009242,2,Food,00 40,Wednesday,222.95,CASH
CUST009243,4,Food,22 50,Sunday,727.57,UPI
CUST009244,3,Books Stationery,04 20,Tuesday,1089.57,UPI
CUST009245,5,Healthcare,07 38,Saturday,2297.91,UPI
CUST009246,1,Books Stationery,12 25,Wednesday,496.92,CARD
CUST009247,1,Toys Games,11 41,Friday,4256.04,CASH
CUST009248,6,Fashion,13 31,Friday,4778.77,UPI
CUST009249,4,Beauty Personal Care,13 20,Friday,1954.35,UPI
CUST009250,6,Beauty Personal Care,05 14,Tuesday,985.64,CARD
CUST009251,5,Electronics,19 58,Monday,12146.21,CARD
CUST009252,4,Home Kitchen,09 54,Monday,1929.68,CASH
CUST009253,3,Home Kitchen,16 50,Saturday,8866.20,CARD
CUST009254,5,Home Kitchen,22 01,Thursday,3708.83,UPI
CUST009255,5,Fashion,03 21,Tuesday,3142.79,CASH
CUST009256,5,Fashion,10 36,Saturday,4433.12,UPI
CUST009257,3,Healthcare,10 11,Friday,4288.63,CARD
CUST009258,5,Toys Games,01 52,Wednesday,1064.64,CARD
CUST009259,5,Sports Fitness,18 42,Saturday,7895.66,CARD
CUST009260,5,Grocery,07 58,Sunday,2659.83,CARD
CUST009261,5,Food,20 12,Thursday,349.89,CASH
CUST009262,3,Grocery,10 07,Friday,2242.09,UPI
CUST009263,4,Beauty Personal Care,12 29,Monday,296.80,CARD
CUST009264,6,Food,22 44,Monday,217.67,CARD
CUST009265,2,Healthcare,02 10,Wednesday,3170.24,UPI
CUST009266,5,Food,01 02,Friday,179.75,UPI
CUST009267,4,Fashion,11 36,Monday,3596.20,CARD
CUST009268,3,Grocery,15 41,Thursday,1257.24,UPI
CUST009269,3,Toys Games,08 52,Monday,1856.29,CASH
CUST009270,4,Home Kitchen,08 42,Thursday,8017.94,CARD
CUST009271,3,Fashion,00 12,Saturday,1633.55,UPI
CUST009272,2,Toys Games,19 45,Sunday,4003.99,CARD
CUST009273,5,Fashion,12 51,Friday,1869.79,CASH
CUST009274,1,Toys Games,03 23,Sunday,296.71,UPI
CUST009275,4,Electronics,14 26,Monday,12898.18,CARD
CUST009276,6,Books Stationery,03 15,Saturday,1605.85,CARD
CUST009277,5,Healthcare,01 44,Monday,4999.62,UPI
CUST009278,1,Fashion,15 06,Wednesday,4534.03,UPI
CUST009279,2,Toys Games,20 14,Friday,3914.72,UPI
CUST009280,4,Fashion,08 59,Sunday,729.32,UPI
CUST009281,5,Electronics,23 59,Wednesday,3010.08,CARD
CUST009282,2,Fashion,01 08,Sunday,3395.67,UPI
CUST009283,3,Home Kitchen,00 08,Wednesday,9301.14,UPI
CUST009284,3,Toys Games,07 06,Monday,1507.19,CASH
CUST009285,4,Fashion,03 02,Thursday,3896.82,CARD
CUST009286,4,Healthcare,10 34,Wednesday,4359.86,CASH
CUST009287,2,Sports Fitness,04 46,Friday,13740.53,CARD
CUST009288,1,Sports Fitness,13 02,Friday,7352.51,UPI
CUST009289,6,Toys Games,05 49,Tuesday,2465.54,UPI
CUST009290,5,Home Kitchen,06 00,Wednesday,4873.13,CASH
CUST009291,4,Fashion,21 50,Tuesday,1772.53,CARD
CUST009292,6,Sports Fitness,01 30,Sunday,7636.21,CARD
CUST009293,3,Healthcare,05 02,Saturday,3591.40,CARD
CUST009294,6,Beauty Personal Care,12 48,Friday,2885.05,CASH
CUST009295,3,Beauty Personal Care,16 00,Sunday,1404.32,CASH
CUST009296,2,Home Kitchen,00 44,Monday,7565.12,UPI
CUST009297,3,Sports Fitness,14 41,Thursday,2569.98,CASH
CUST009298,1,Toys Games,13 08,Saturday,4543.15,CARD
CUST009299,2,Electronics,22 07,Monday,8429.10,UPI
CUST009300,4,Food,19 08,Monday,756.43,UPI
CUST009301,2,Electronics,00 43,Saturday,14144.00,CARD
CUST009302,2,Toys Games,09 14,Monday,665.96,CASH
CUST009303,3,Healthcare,17 13,Tuesday,3128.48,CASH
CUST009304,3,Food,12 23,Tuesday,766.18,UPI
CUST009305,3,Food,16 41,Monday,621.96,CARD
CUST009306,6,Electronics,19 05,Thursday,49416.24,UPI
CUST009307,6,Toys Games,07 43,Sunday,2167.84,CARD
CUST009308,3,Toys Games,04 16,Sunday,2535.19,UPI
CUST009309,1,Food,19 52,Saturday,723.53,CASH
CUST009310,6,Electronics,14 13,Friday,18887.01,UPI
CUST009311,6,Toys Games,07 09,Sunday,1634.71,CASH
CUST009312,1,Food,23 07,Wednesday,182.32,CASH
CUST009313,6,Food,23 46,Wednesday,237.90,CARD
CUST009314,6,Beauty Personal Care,20 56,Saturday,1718.33,CASH
CUST009315,5,Sports Fitness,00 07,Sunday,1788.29,CASH
CUST009316,1,Toys Games,02 12,Friday,2679.13,CASH
CUST009317,5,Electronics,16 49,Saturday,11795.63,UPI
CUST009318,3,Grocery,13 04,Saturday,692.19,CARD
CUST009319,3,Beauty Personal Care,00 23,Tuesday,2595.29,UPI
CUST009320,2,Healthcare,06 49,Wednesday,596.60,CASH
CUST009321,5,Food,07 59,Thursday,734.87,CARD
CUST009322,3,Healthcare,15 46,Thursday,4459.41,CASH
CUST009323,2,Sports Fitness,02 55,Sunday,2422.61,CARD
CUST009324,5,Sports Fitness,21 40,Friday,4147.06,CARD
CUST009325,6,Home Kitchen,12 40,Friday,4836.97,UPI
CUST009326,5,Grocery,09 44,Thursday,1272.09,CASH
CUST009327,2,Healthcare,13 10,Tuesday,669.53,UPI
CUST009328,5,Grocery,21 03,Saturday,1070.98,CARD
CUST009329,6,Grocery,12 37,Saturday,2657.53,CASH
CUST009330,5,Books Stationery,10 13,Thursday,487.47,UPI
CUST009331,6,Healthcare,13 17,Wednesday,3197.85,CASH
CUST009332,5,Electronics,19 36,Thursday,25795.88,CASH
CUST009333,1,Sports Fitness,03 40,Monday,7151.56,UPI
CUST009334,3,Home Kitchen,08 01,Thursday,363.25,CASH
CUST009335,1,Grocery,21 38,Thursday,1023.12,UPI
CUST009336,2,Grocery,10 35,Wednesday,2082.80,CARD
CUST009337,1,Grocery,05 16,Friday,2400.55,CARD
CUST009338,4,Beauty Personal Care,12 37,Monday,1779.53,UPI
CUST009339,3,Grocery,10 30,Saturday,2137.13,UPI
CUST009340,5,Beauty Personal Care,03 07,Tuesday,659.54,CASH
CUST009341,2,Home Kitchen,06 46,Tuesday,4399.09,CARD
CUST009342,4,Beauty Personal Care,16 04,Monday,446.48,UPI
CUST009343,1,Electronics,02 24,Sunday,15451.77,CASH
CUST009344,3,Sports Fitness,01 17,Thursday,3793.79,CARD
CUST009345,3,Grocery,06 49,Friday,541.84,CARD
CUST009346,5,Home Kitchen,13 08,Wednesday,6889.29,UPI
CUST009347,4,Food,04 31,Monday,610.26,CASH
CUST009348,6,Electronics,11 40,Thursday,13872.49,CARD
CUST009349,4,Grocery,16 14,Friday,1812.94,CARD
CUST009350,5,Home Kitchen,00 14,Thursday,3228.31,UPI
CUST009351,2,Healthcare,15 39,Saturday,384.80,UPI
CUST009352,2,Healthcare,14 36,Thursday,4542.38,CASH
CUST009353,2,Healthcare,16 45,Thursday,591.87,CARD
CUST009354,4,Sports Fitness,12 12,Wednesday,9962.65,CASH
CUST009355,6,Home Kitchen,10 45,Saturday,4696.98,CARD
CUST009356,5,Books Stationery,17 47,Tuesday,587.29,CASH
CUST009357,4,Books Stationery,08 32,Monday,981.32,CASH
CUST009358,3,Toys Games,03 34,Thursday,2741.33,CASH
CUST009359,5,Electronics,19 11,Tuesday,16956.87,UPI
CUST009360,3,Sports Fitness,05 36,Saturday,7421.37,CARD
CUST009361,2,Beauty Personal Care,05 27,Thursday,607.85,CASH
CUST009362,2,Books Stationery,22 28,Monday,1358.08,CASH
CUST009363,4,Healthcare,19 27,Saturday,2886.76,CARD
CUST009364,2,Sports Fitness,20 27,Sunday,13079.90,UPI
CUST009365,4,Sports Fitness,03 20,Sunday,13603.44,CASH
CUST009366,5,Healthcare,03 20,Thursday,701.48,UPI
CUST009367,1,Home Kitchen,02 42,Monday,2915.36,CASH
CUST009368,2,Sports Fitness,07 22,Sunday,7681.99,UPI
CUST009369,3,Home Kitchen,03 34,Wednesday,1624.66,UPI
CUST009370,2,Home Kitchen,16 19,Tuesday,2580.36,UPI
CUST009371,1,Beauty Personal Care,19 29,Wednesday,1003.16,CASH
CUST009372,2,Grocery,01 11,Tuesday,2737.00,CASH
CUST009373,4,Food,21 10,Thursday,314.23,UPI
CUST009374,5,Books Stationery,07 36,Friday,1279.22,CARD
CUST009375,1,Healthcare,13 27,Friday,3340.42,UPI
CUST009376,1,Beauty Personal Care,13 01,Tuesday,788.69,CARD
CUST009377,4,Books Stationery,18 44,Saturday,602.77,UPI
CUST009378,6,Food,23 11,Monday,205.41,UPI
CUST009379,4,Fashion,21 03,Monday,4054.99,UPI
CUST009380,2,Books Stationery,13 26,Friday,339.41,CARD
CUST009381,2,Home Kitchen,14 45,Saturday,8823.54,CASH
CUST009382,6,Fashion,04 59,Sunday,4287.53,UPI
CUST009383,6,Beauty Personal Care,20 33,Sunday,1654.38,CASH
CUST009384,5,Toys Games,10 23,Wednesday,345.96,CARD
CUST009385,1,Electronics,06 44,Sunday,1295.72,UPI
CUST009386,6,Books Stationery,06 00,Saturday,191.68,CARD
CUST009387,5,Home Kitchen,19 54,Wednesday,1977.74,CARD
CUST009388,2,Sports Fitness,01 53,Tuesday,8605.36,CASH
CUST009389,2,Beauty Personal Care,19 25,Wednesday,925.75,UPI
CUST009390,1,Healthcare,17 45,Friday,1447.72,UPI
CUST009391,6,Food,20 57,Saturday,492.60,UPI
CUST009392,5,Beauty Personal Care,12 31,Thursday,922.70,CASH
CUST009393,6,Sports Fitness,05 41,Saturday,11366.57,CARD
CUST009394,1,Electronics,14 39,Thursday,33839.04,CASH
CUST009395,6,Healthcare,23 38,Thursday,4108.42,CASH
CUST009396,1,Beauty Personal Care,00 05,Monday,1736.24,CASH
CUST009397,2,Healthcare,04 45,Friday,169.21,UPI
CUST009398,1,Books Stationery,21 42,Friday,118.73,CARD
CUST009399,5,Fashion,05 12,Monday,3885.29,UPI
CUST009400,3,Healthcare,01 06,Tuesday,3433.58,UPI
CUST009401,2,Toys Games,20 32,Thursday,2292.06,CARD
CUST009402,3,Beauty Personal Care,16 17,Friday,1179.49,UPI
CUST009403,4,Healthcare,04 46,Sunday,222.02,CASH
CUST009404,3,Books Stationery,18 03,Tuesday,447.93,CARD
CUST009405,3,Sports Fitness,05 26,Monday,4513.67,UPI
CUST009406,5,Healthcare,10 21,Tuesday,1240.07,CASH
CUST009407,5,Sports Fitness,05 02,Wednesday,5338.65,CASH
CUST009408,1,Home Kitchen,09 23,Sunday,4705.30,UPI
CUST009409,3,Healthcare,15 22,Sunday,4813.14,CASH
CUST009410,5,Electronics,01 17,Wednesday,2889.27,CARD
CUST009411,4,Sports Fitness,10 43,Wednesday,1168.94,UPI
CUST009412,5,Toys Games,07 51,Tuesday,251.79,UPI
CUST009413,2,Toys Games,11 42,Monday,2972.71,CASH
CUST009414,5,Sports Fitness,12 29,Tuesday,13171.75,CARD
CUST009415,3,Home Kitchen,13 52,Wednesday,7145.07,UPI
CUST009416,2,Fashion,16 43,Sunday,1474.20,CARD
CUST009417,4,Grocery,23 42,Wednesday,892.00,UPI
CUST009418,4,Sports Fitness,12 59,Friday,2016.37,CARD
CUST009419,3,Books Stationery,04 00,Tuesday,1654.19,CARD
CUST009420,2,Healthcare,00 33,Friday,1246.46,UPI
CUST009421,4,Food,23 53,Saturday,260.82,CASH
CUST009422,2,Grocery,16 05,Thursday,1171.36,CARD
CUST009423,2,Fashion,10 49,Wednesday,4555.88,UPI
CUST009424,1,Healthcare,21 38,Tuesday,2527.65,CASH
CUST009425,6,Healthcare,10 44,Saturday,3504.74,CASH
CUST009426,6,Sports Fitness,02 27,Sunday,12557.70,UPI
CUST009427,3,Electronics,02 52,Thursday,7892.35,UPI
CUST009428,6,Grocery,12 27,Monday,2641.41,CASH
CUST009429,3,Grocery,10 17,Monday,468.71,CASH
CUST009430,4,Grocery,04 41,Saturday,875.70,UPI
CUST009431,5,Electronics,01 43,Monday,13764.86,CASH
CUST009432,4,Food,16 37,Friday,723.85,UPI
CUST009433,6,Grocery,09 17,Tuesday,1927.31,CARD
CUST009434,5,Toys Games,01 17,Sunday,1665.10,UPI
CUST009435,4,Books Stationery,16 08,Wednesday,1899.86,CARD
CUST009436,5,Fashion,02 01,Tuesday,4849.13,CARD
CUST009437,3,Books Stationery,21 54,Tuesday,1897.78,CASH
CUST009438,5,Food,20 28,Saturday,442.59,UPI
CUST009439,2,Toys Games,17 27,Wednesday,3905.23,UPI
CUST009440,6,Electronics,09 47,Thursday,8423.13,CASH
CUST009441,6,Healthcare,10 40,Friday,3034.77,CASH
CUST009442,6,Books Stationery,00 05,Sunday,220.98,CASH
CUST009443,3,Food,11 37,Friday,519.90,CASH
CUST009444,1,Food,20 57,Friday,619.47,CASH
CUST009445,1,Healthcare,20 31,Sunday,649.03,CARD
CUST009446,5,Fashion,09 44,Tuesday,1238.26,CASH
CUST009447,2,Beauty Personal Care,00 39,Tuesday,1172.40,CARD
CUST009448,5,Toys Games,09 32,Wednesday,2720.69,CARD
CUST009449,2,Food,06 33,Tuesday,587.81,UPI
CUST009450,2,Toys Games,19 34,Thursday,385.03,CARD
CUST009451,3,Sports Fitness,07 43,Sunday,3593.89,CARD
CUST009452,5,Healthcare,12 18,Thursday,2740.66,UPI
CUST009453,1,Food,18 50,Thursday,157.16,CASH
CUST009454,4,Fashion,00 46,Sunday,3149.78,CARD
CUST009455,4,Grocery,14 10,Wednesday,389.36,CASH
CUST009456,1,Beauty Personal Care,14 09,Monday,2250.41,CASH
CUST009457,3,Books Stationery,04 52,Monday,1319.00,CARD
CUST009458,2,Toys Games,14 40,Sunday,4348.65,CARD
CUST009459,4,Food,23 20,Friday,113.50,UPI
CUST009460,2,Grocery,02 28,Friday,1033.95,UPI
CUST009461,4,Electronics,16 36,Monday,8846.10,CARD
CUST009462,3,Fashion,20 46,Wednesday,4508.14,UPI
CUST009463,3,Sports Fitness,04 56,Friday,11428.58,UPI
CUST009464,5,Grocery,18 55,Friday,1091.52,UPI
CUST009465,1,Sports Fitness,21 39,Sunday,4152.95,UPI
CUST009466,1,Electronics,13 19,Tuesday,13155.02,UPI
CUST009467,6,Home Kitchen,11 47,Sunday,2899.16,CARD
CUST009468,3,Home Kitchen,18 06,Wednesday,1218.42,CASH
CUST009469,5,Toys Games,13 53,Thursday,3398.92,CASH
CUST009470,1,Grocery,20 10,Saturday,1617.46,UPI
CUST009471,3,Home Kitchen,19 39,Tuesday,1863.34,CASH
CUST009472,3,Toys Games,14 32,Tuesday,1844.18,CARD
CUST009473,2,Toys Games,01 48,Tuesday,1680.87,UPI
CUST009474,5,Beauty Personal Care,11 39,Tuesday,1627.67,CARD
CUST009475,4,Toys Games,16 31,Wednesday,3379.25,CARD
CUST009476,1,Books Stationery,18 23,Tuesday,674.88,CASH
CUST009477,1,Fashion,02 12,Thursday,1444.92,UPI
CUST009478,5,Toys Games,02 22,Thursday,4334.15,CASH
CUST009479,4,Toys Games,08 03,Thursday,4357.31,CASH
CUST009480,4,Grocery,17 06,Wednesday,1049.07,CARD
CUST009481,2,Healthcare,18 41,Monday,1405.91,CASH
CUST009482,5,Home Kitchen,19 46,Friday,8475.07,CARD
CUST009483,1,Beauty Personal Care,17 06,Saturday,2710.05,CARD
CUST009484,6,Sports Fitness,21 47,Tuesday,9659.63,CARD
CUST009485,5,Healthcare,13 31,Sunday,4819.21,UPI
CUST009486,3,Books Stationery,08 06,Thursday,1374.48,CASH
CUST009487,3,Home Kitchen,12 38,Wednesday,7852.66,CARD
CUST009488,3,Electronics,10 48,Tuesday,8323.22,UPI
CUST009489,5,Healthcare,05 27,Monday,4741.63,CASH
CUST009490,2,Home Kitchen,14 54,Friday,7755.02,UPI
CUST009491,4,Food,06 29,Wednesday,246.10,CARD
CUST009492,1,Grocery,08 10,Friday,1293.31,CARD
CUST009493,2,Food,10 40,Sunday,453.17,CARD
CUST009494,5,Fashion,05 07,Friday,2619.65,UPI
CUST009495,1,Sports Fitness,20 18,Tuesday,14632.55,CARD
CUST009496,5,Electronics,20 12,Sunday,35191.75,CASH
CUST009497,5,Home Kitchen,01 28,Wednesday,5678.60,CASH
CUST009498,3,Grocery,18 32,Wednesday,2077.32,CASH
CUST009499,2,Books Stationery,06 08,Sunday,1282.25,CASH
CUST009500,1,Grocery,19 24,Monday,1629.17,CASH
CUST009501,3,Fashion,10 38,Thursday,793.11,CASH
CUST009502,3,Toys Games,10 49,Thursday,4181.32,UPI
CUST009503,5,Home Kitchen,08 28,Thursday,7603.00,CASH
CUST009504,5,Books Stationery,06 01,Wednesday,1474.88,UPI
CUST009505,2,Food,00 25,Saturday,603.35,UPI
CUST009506,3,Food,22 28,Tuesday,739.73,CASH
CUST009507,5,Sports Fitness,01 50,Monday,5551.77,UPI
CUST009508,4,Healthcare,01 34,Tuesday,4549.81,CARD
CUST009509,6,Sports Fitness,09 43,Tuesday,1932.49,CARD
CUST009510,6,Grocery,13 26,Wednesday,2199.51,CASH
CUST009511,2,Toys Games,18 28,Sunday,904.70,UPI
CUST009512,2,Home Kitchen,12 37,Thursday,5319.33,CASH
CUST009513,2,Books Stationery,02 57,Saturday,805.77,CARD
CUST009514,4,Toys Games,14 00,Saturday,4507.91,UPI
CUST009515,2,Home Kitchen,20 20,Tuesday,6289.78,UPI
CUST009516,3,Books Stationery,04 00,Tuesday,1340.42,CARD
CUST009517,1,Books Stationery,21 45,Tuesday,1133.91,UPI
CUST009518,1,Beauty Personal Care,08 10,Tuesday,2445.11,UPI
CUST009519,6,Grocery,22 45,Saturday,1158.52,UPI
CUST009520,1,Books Stationery,11 41,Sunday,721.28,CASH
CUST009521,4,Home Kitchen,07 06,Saturday,4757.63,CASH
CUST009522,4,Grocery,06 27,Saturday,2966.53,CARD
CUST009523,4,Sports Fitness,18 32,Thursday,3060.28,CARD
CUST009524,4,Fashion,04 02,Saturday,1422.59,CASH
CUST009525,4,Home Kitchen,20 43,Wednesday,2110.10,CASH
CUST009526,2,Toys Games,01 55,Saturday,1169.22,CARD
CUST009527,3,Home Kitchen,01 31,Saturday,5212.30,CASH
CUST009528,6,Food,07 49,Saturday,351.01,CASH
CUST009529,4,Healthcare,19 07,Thursday,2212.88,CASH
CUST009530,5,Beauty Personal Care,14 57,Sunday,1219.13,UPI
CUST009531,2,Beauty Personal Care,21 16,Sunday,722.84,CARD
CUST009532,5,Beauty Personal Care,09 26,Friday,2198.41,UPI
CUST009533,6,Toys Games,03 00,Friday,2004.04,UPI
CUST009534,5,Toys Games,09 46,Tuesday,4854.03,UPI
CUST009535,2,Sports Fitness,05 57,Monday,5784.09,UPI
CUST009536,5,Beauty Personal Care,10 56,Wednesday,276.06,CARD
CUST009537,2,Home Kitchen,00 31,Thursday,9126.53,CASH
CUST009538,2,Fashion,19 15,Monday,3623.76,CARD
CUST009539,6,Healthcare,08 11,Saturday,3853.81,UPI
CUST009540,6,Home Kitchen,15 29,Thursday,1386.91,CASH
CUST009541,3,Sports Fitness,15 48,Friday,13399.10,UPI
CUST009542,3,Fashion,22 57,Sunday,3985.16,CARD
CUST009543,3,Sports Fitness,00 44,Thursday,2411.34,CARD
CUST009544,5,Grocery,04 03,Thursday,2586.31,CARD
CUST009545,5,Toys Games,06 43,Saturday,2415.33,CASH
CUST009546,5,Electronics,18 05,Thursday,39009.06,UPI
CUST009547,5,Electronics,02 23,Friday,2789.75,CARD
CUST009548,6,Electronics,18 50,Wednesday,15962.29,CARD
CUST009549,3,Grocery,10 50,Monday,1984.22,CARD
CUST009550,4,Grocery,21 59,Wednesday,2606.58,UPI
CUST009551,6,Food,20 22,Wednesday,548.52,CARD
CUST009552,6,Grocery,10 48,Thursday,644.82,CASH
CUST009553,2,Electronics,06 35,Thursday,7762.91,UPI
CUST009554,1,Toys Games,16 13,Saturday,2600.86,CARD
CUST009555,2,Fashion,01 25,Friday,1249.76,CASH
CUST009556,2,Beauty Personal Care,12 08,Sunday,1283.70,UPI
CUST009557,4,Grocery,00 03,Friday,1053.30,CASH
CUST009558,2,Electronics,09 43,Monday,9905.38,CARD
CUST009559,4,Beauty Personal Care,00 35,Sunday,1570.58,UPI
CUST009560,1,Home Kitchen,11 35,Tuesday,8928.77,CARD
CUST009561,4,Food,03 12,Thursday,529.47,UPI
CUST009562,3,Food,06 49,Sunday,286.70,CARD
CUST009563,1,Books Stationery,14 18,Sunday,1259.49,CARD
CUST009564,6,Electronics,06 39,Tuesday,13277.21,UPI
CUST009565,4,Toys Games,05 31,Friday,3237.15,UPI
CUST009566,3,Sports Fitness,10 48,Saturday,5913.78,CARD
CUST009567,3,Food,12 22,Sunday,75.61,CARD
CUST009568,3,Electronics,14 48,Monday,43995.79,CASH
CUST009569,4,Sports Fitness,10 09,Thursday,11596.80,UPI
CUST009570,5,Fashion,03 37,Sunday,2541.23,UPI
CUST009571,6,Electronics,22 36,Monday,4648.10,UPI
CUST009572,3,Electronics,23 21,Saturday,49733.27,UPI
CUST009573,3,Grocery,08 04,Saturday,621.63,UPI
CUST009574,1,Food,00 20,Sunday,617.28,CARD
CUST009575,6,Food,11 44,Tuesday,207.82,CASH
CUST009576,2,Books Stationery,08 48,Tuesday,1608.59,CASH
CUST009577,4,Sports Fitness,13 31,Friday,14716.54,CASH
CUST009578,1,Electronics,14 46,Saturday,13534.37,CASH
CUST009579,4,Home Kitchen,22 32,Sunday,9157.95,CARD
CUST009580,2,Grocery,16 46,Sunday,1980.54,CARD
CUST009581,3,Healthcare,15 21,Friday,4981.03,UPI
CUST009582,5,Beauty Personal Care,17 50,Wednesday,2325.91,UPI
CUST009583,5,Electronics,02 29,Sunday,31861.21,UPI
CUST009584,4,Books Stationery,17 09,Saturday,942.72,CARD
CUST009585,6,Healthcare,00 10,Thursday,745.65,CASH
CUST009586,3,Books Stationery,05 30,Thursday,266.23,UPI
CUST009587,2,Fashion,16 16,Wednesday,3632.70,CASH
CUST009588,1,Books Stationery,23 11,Monday,845.34,UPI
CUST009589,4,Toys Games,03 12,Monday,3207.90,CARD
CUST009590,4,Books Stationery,22 45,Thursday,1655.27,UPI
CUST009591,1,Beauty Personal Care,04 48,Tuesday,1058.98,CASH
CUST009592,4,Sports Fitness,02 09,Tuesday,12056.17,UPI
CUST009593,2,Home Kitchen,09 00,Friday,2351.59,UPI
CUST009594,1,Grocery,18 00,Tuesday,276.14,UPI
CUST009595,5,Toys Games,18 30,Monday,3539.81,CARD
CUST009596,1,Healthcare,13 53,Wednesday,2660.18,CARD
CUST009597,1,Electronics,13 54,Sunday,40748.04,CARD
CUST009598,5,Food,13 34,Thursday,704.35,UPI
CUST009599,3,Fashion,17 44,Thursday,2917.89,UPI
CUST009600,2,Books Stationery,23 07,Thursday,302.12,CASH
CUST009601,5,Beauty Personal Care,12 40,Friday,2952.73,UPI
CUST009602,1,Healthcare,20 20,Friday,3903.81,CASH
CUST009603,5,Home Kitchen,21 20,Thursday,582.12,CARD
CUST009604,3,Fashion,21 51,Thursday,1518.14,CASH
CUST009605,5,Food,19 41,Saturday,347.95,CASH
CUST009606,4,Sports Fitness,14 36,Thursday,5916.91,CARD
CUST009607,2,Sports Fitness,21 13,Saturday,3995.63,CARD
CUST009608,4,Food,12 36,Thursday,63.19,CASH
CUST009609,2,Fashion,21 54,Friday,621.37,CASH
CUST009610,5,Electronics,05 15,Sunday,3110.28,UPI
CUST009611,4,Electronics,01 19,Thursday,10009.49,CARD
CUST009612,6,Fashion,04 12,Thursday,2215.54,CARD
CUST009613,2,Food,11 54,Wednesday,583.49,CASH
CUST009614,4,Healthcare,20 31,Tuesday,4805.66,UPI
CUST009615,5,Toys Games,20 15,Sunday,801.74,CASH
CUST009616,2,Grocery,08 06,Friday,2281.25,CASH
CUST009617,1,Healthcare,12 39,Friday,158.47,CASH
CUST009618,2,Grocery,13 55,Tuesday,924.67,UPI
CUST009619,4,Books Stationery,23 50,Saturday,1250.62,UPI
CUST009620,6,Electronics,20 35,Wednesday,44978.55,CARD
CUST009621,3,Fashion,14 00,Saturday,1107.85,UPI
CUST009622,2,Books Stationery,18 30,Tuesday,1616.33,CARD
CUST009623,3,Home Kitchen,03 49,Saturday,7900.20,CARD
CUST009624,2,Healthcare,08 13,Tuesday,2300.64,CARD
CUST009625,2,Sports Fitness,17 18,Tuesday,11019.10,UPI
CUST009626,4,Grocery,08 30,Monday,2020.98,CASH
CUST009627,1,Food,14 43,Monday,414.14,CASH
CUST009628,4,Fashion,05 08,Sunday,4379.77,CASH
CUST009629,3,Fashion,00 56,Monday,1787.04,UPI
CUST009630,2,Toys Games,03 03,Tuesday,2630.52,UPI
CUST009631,3,Electronics,17 58,Friday,23518.51,CARD
CUST009632,3,Beauty Personal Care,08 57,Thursday,429.92,CARD
CUST009633,3,Toys Games,23 25,Thursday,4777.45,CARD
CUST009634,5,Beauty Personal Care,23 54,Saturday,534.69,CASH
CUST009635,1,Healthcare,19 39,Sunday,4540.36,CARD
CUST009636,1,Electronics,19 57,Tuesday,18132.27,UPI
CUST009637,1,Sports Fitness,08 57,Tuesday,12250.20,CASH
CUST009638,6,Healthcare,05 24,Tuesday,3233.94,CARD
CUST009639,5,Electronics,00 27,Monday,21235.90,CASH
CUST009640,6,Books Stationery,22 18,Tuesday,647.57,CARD
CUST009641,5,Food,09 32,Saturday,465.11,UPI
CUST009642,5,Beauty Personal Care,16 27,Saturday,2322.21,UPI
CUST009643,3,Books Stationery,18 50,Thursday,978.54,CARD
CUST009644,6,Toys Games,02 53,Sunday,3007.76,CARD
CUST009645,1,Fashion,15 16,Friday,4154.58,UPI
CUST009646,1,Books Stationery,16 51,Tuesday,1221.51,CARD
CUST009647,4,Food,09 12,Monday,444.54,CARD
CUST009648,1,Fashion,05 45,Thursday,1867.25,CASH
CUST009649,2,Home Kitchen,09 09,Tuesday,878.64,CARD
CUST009650,4,Grocery,10 03,Sunday,2905.34,CASH
CUST009651,4,Home Kitchen,19 03,Wednesday,6426.95,CASH
CUST009652,4,Fashion,16 27,Monday,1991.51,UPI
CUST009653,3,Food,21 54,Friday,461.79,CARD
CUST009654,5,Healthcare,12 16,Saturday,1234.41,CARD
CUST009655,3,Healthcare,11 55,Wednesday,3733.11,UPI
CUST009656,4,Beauty Personal Care,14 25,Saturday,483.24,UPI
CUST009657,5,Beauty Personal Care,04 36,Saturday,1006.90,CASH
CUST009658,1,Beauty Personal Care,12 09,Monday,498.09,CASH
CUST009659,2,Electronics,00 55,Sunday,6601.07,UPI
CUST009660,2,Books Stationery,04 08,Friday,809.07,CASH
CUST009661,4,Fashion,00 04,Wednesday,2061.60,CASH
CUST009662,5,Toys Games,03 05,Saturday,3231.83,CARD
CUST009663,4,Grocery,20 58,Sunday,2413.30,UPI
CUST009664,6,Home Kitchen,04 20,Wednesday,5356.52,UPI
CUST009665,1,Toys Games,21 55,Tuesday,4357.14,CARD
CUST009666,1,Food,10 54,Wednesday,587.13,CASH
CUST009667,1,Beauty Personal Care,09 26,Tuesday,602.04,CARD
CUST009668,3,Electronics,06 52,Sunday,6800.72,UPI
CUST009669,3,Beauty Personal Care,18 53,Saturday,388.72,CARD
CUST009670,3,Grocery,07 16,Monday,2186.16,UPI
CUST009671,2,Beauty Personal Care,19 12,Friday,1749.28,CASH
CUST009672,6,Toys Games,10 21,Sunday,3279.41,CASH
CUST009673,6,Home Kitchen,09 29,Friday,986.22,UPI
CUST009674,6,Home Kitchen,08 05,Tuesday,3231.59,UPI
CUST009675,5,Beauty Personal Care,19 39,Tuesday,2142.46,CASH
CUST009676,2,Home Kitchen,18 30,Tuesday,3688.54,UPI
CUST009677,5,Sports Fitness,20 18,Wednesday,8859.39,CARD
CUST009678,5,Electronics,16 12,Tuesday,17688.89,UPI
CUST009679,1,Books Stationery,09 47,Sunday,1734.81,CASH
CUST009680,1,Grocery,08 59,Thursday,960.74,CARD
CUST009681,5,Healthcare,14 02,Saturday,3439.65,CASH
CUST009682,2,Electronics,23 31,Monday,32092.15,UPI
CUST009683,3,Healthcare,00 08,Monday,2637.13,UPI
CUST009684,5,Food,18 10,Monday,296.01,CASH
CUST009685,4,Beauty Personal Care,09 47,Friday,2737.55,CASH
CUST009686,5,Electronics,13 39,Tuesday,37842.08,CASH
CUST009687,1,Beauty Personal Care,11 06,Wednesday,262.36,UPI
CUST009688,1,Books Stationery,01 49,Tuesday,1180.27,CASH
CUST009689,1,Toys Games,01 48,Monday,4796.67,UPI
CUST009690,2,Electronics,10 18,Saturday,47233.84,CARD
CUST009691,3,Electronics,11 36,Friday,6094.93,CARD
CUST009692,5,Food,20 42,Friday,375.42,CASH
CUST009693,1,Fashion,06 17,Sunday,4505.28,CASH
CUST009694,6,Food,13 08,Monday,418.81,UPI
CUST009695,1,Beauty Personal Care,04 11,Friday,1230.46,CARD
CUST009696,5,Fashion,07 04,Saturday,2923.48,UPI
CUST009697,3,Grocery,18 39,Wednesday,2229.79,CARD
CUST009698,3,Healthcare,23 37,Sunday,772.34,CASH
CUST009699,3,Beauty Personal Care,22 18,Saturday,2318.54,CASH
CUST009700,2,Food,18 17,Wednesday,450.18,CASH
CUST009701,6,Sports Fitness,10 44,Friday,10384.85,CASH
CUST009702,6,Books Stationery,21 05,Tuesday,101.43,UPI
CUST009703,1,Home Kitchen,13 18,Tuesday,7107.55,CARD
CUST009704,2,Sports Fitness,11 46,Wednesday,12377.47,CARD
CUST009705,3,Toys Games,04 08,Saturday,676.08,CASH
CUST009706,6,Toys Games,10 54,Sunday,1352.99,CASH
CUST009707,4,Fashion,01 21,Tuesday,3461.02,UPI
CUST009708,6,Toys Games,19 47,Monday,2863.88,CARD
CUST009709,6,Sports Fitness,14 00,Saturday,14324.02,CARD
CUST009710,1,Food,21 57,Sunday,366.30,CASH
CUST009711,6,Food,03 42,Tuesday,260.27,CASH
CUST009712,4,Beauty Personal Care,18 14,Thursday,1291.54,CASH
CUST009713,4,Healthcare,00 04,Wednesday,3579.39,CASH
CUST009714,5,Healthcare,07 51,Saturday,2265.68,UPI
CUST009715,3,Sports Fitness,04 57,Tuesday,1644.17,CARD
CUST009716,6,Food,00 11,Thursday,431.19,CASH
CUST009717,5,Food,17 39,Monday,157.66,UPI
CUST009718,1,Sports Fitness,23 07,Saturday,9187.23,UPI
CUST009719,3,Electronics,05 16,Monday,25977.55,CARD
CUST009720,6,Toys Games,15 26,Friday,507.77,CARD
CUST009721,6,Fashion,12 43,Monday,2301.05,CASH
CUST009722,6,Electronics,16 33,Saturday,36884.83,CARD
CUST009723,6,Beauty Personal Care,21 50,Thursday,1798.39,CARD
CUST009724,5,Food,11 35,Saturday,728.96,UPI
CUST009725,6,Fashion,20 08,Thursday,4494.44,UPI
CUST009726,3,Food,08 44,Sunday,368.69,CASH
CUST009727,4,Fashion,21 00,Tuesday,1159.75,UPI
CUST009728,6,Grocery,04 27,Thursday,2872.65,UPI
CUST009729,1,Toys Games,03 55,Saturday,2193.24,UPI
CUST009730,1,Healthcare,23 08,Friday,2697.37,CARD
CUST009731,1,Home Kitchen,06 54,Sunday,9323.74,CASH
CUST009732,1,Grocery,22 40,Tuesday,1954.13,CARD
CUST009733,5,Food,08 41,Tuesday,277.68,UPI
CUST009734,2,Books Stationery,01 38,Thursday,1842.51,UPI
CUST009735,5,Beauty Personal Care,13 19,Saturday,2730.71,UPI
CUST009736,4,Beauty Personal Care,00 31,Sunday,775.97,UPI
CUST009737,6,Healthcare,19 49,Sunday,1515.67,UPI
CUST009738,3,Toys Games,23 10,Monday,3182.61,CARD
CUST009739,4,Beauty Personal Care,21 57,Thursday,1058.29,CASH
CUST009740,6,Food,07 58,Tuesday,113.02,CASH
CUST009741,5,Fashion,21 18,Monday,2735.64,CASH
CUST009742,3,Healthcare,13 02,Friday,4147.62,CARD
CUST009743,3,Toys Games,12 20,Monday,3546.92,CARD
CUST009744,4,Food,09 21,Wednesday,785.67,CASH
CUST009745,1,Sports Fitness,10 48,Tuesday,4065.45,CASH
CUST009746,1,Food,02 59,Wednesday,594.35,CARD
CUST009747,5,Toys Games,17 10,Monday,4545.51,CASH
CUST009748,3,Books Stationery,19 51,Friday,1857.14,UPI
CUST009749,5,Healthcare,21 53,Sunday,3847.40,CARD
CUST009750,2,Grocery,10 41,Tuesday,1519.63,UPI
CUST009751,2,Food,06 39,Friday,240.12,CARD
CUST009752,3,Fashion,19 40,Saturday,2723.83,UPI
CUST009753,5,Healthcare,18 46,Friday,188.21,CARD
CUST009754,2,Home Kitchen,08 55,Sunday,7346.01,CASH
CUST009755,6,Books Stationery,15 49,Monday,1095.34,CASH
CUST009756,3,Books Stationery,09 38,Sunday,1389.61,CARD
CUST009757,5,Fashion,03 10,Tuesday,3346.75,CARD
CUST009758,2,Home Kitchen,04 53,Friday,3546.47,UPI
CUST009759,2,Healthcare,07 12,Saturday,2689.32,CARD
CUST009760,4,Electronics,16 18,Friday,23547.27,UPI
CUST009761,1,Healthcare,22 24,Wednesday,1406.13,UPI
CUST009762,5,Beauty Personal Care,15 06,Tuesday,1381.45,UPI
CUST009763,3,Food,13 31,Friday,134.04,CARD
CUST009764,1,Electronics,06 36,Saturday,37020.84,CARD
CUST009765,1,Healthcare,04 54,Monday,4718.86,CASH
CUST009766,1,Sports Fitness,06 09,Saturday,11948.61,UPI
CUST009767,2,Food,11 37,Monday,376.67,UPI
CUST009768,4,Fashion,02 05,Thursday,2949.32,CARD
CUST009769,3,Food,07 55,Saturday,464.08,UPI
CUST009770,4,Fashion,15 33,Sunday,1571.41,CASH
CUST009771,2,Grocery,17 51,Friday,2777.75,UPI
CUST009772,4,Home Kitchen,04 54,Tuesday,3954.35,CARD
CUST009773,3,Books Stationery,00 23,Thursday,865.85,UPI
CUST009774,1,Food,12 44,Saturday,74.88,CASH
CUST009775,3,Electronics,05 53,Saturday,1256.87,CASH
CUST009776,2,Books Stationery,01 16,Wednesday,852.88,CASH
CUST009777,3,Healthcare,00 59,Friday,773.47,UPI
CUST009778,4,Sports Fitness,22 11,Sunday,11715.12,CASH
CUST009779,2,Home Kitchen,22 54,Monday,431.34,UPI
CUST009780,1,Fashion,07 57,Thursday,4063.21,CARD
CUST009781,6,Electronics,18 49,Monday,22554.12,CARD
CUST009782,6,Healthcare,01 19,Tuesday,2315.09,CASH
CUST009783,2,Home Kitchen,14 55,Saturday,3931.54,CASH
CUST009784,1,Fashion,19 49,Thursday,2223.26,CASH
CUST009785,3,Food,14 17,Wednesday,709.37,CARD
CUST009786,6,Healthcare,18 27,Friday,3354.78,CASH
CUST009787,5,Fashion,09 09,Friday,3763.38,UPI
CUST009788,6,Toys Games,11 45,Saturday,4529.03,CARD
CUST009789,3,Home Kitchen,14 18,Monday,736.08,CASH
CUST009790,4,Healthcare,19 26,Friday,3871.08,UPI
CUST009791,2,Home Kitchen,02 32,Friday,1835.37,CASH
CUST009792,3,Food,21 53,Thursday,591.10,CASH
CUST009793,6,Food,06 28,Sunday,453.80,CASH
CUST009794,6,Fashion,07 32,Wednesday,980.61,CASH
CUST009795,3,Beauty Personal Care,16 18,Monday,377.82,UPI
CUST009796,5,Beauty Personal Care,07 18,Tuesday,897.34,UPI
CUST009797,5,Home Kitchen,22 00,Thursday,2433.52,CARD
CUST009798,2,Home Kitchen,15 04,Monday,5981.85,CASH
CUST009799,1,Home Kitchen,19 19,Sunday,8199.44,CARD
CUST009800,4,Home Kitchen,01 07,Saturday,5067.44,CASH
CUST009801,4,Beauty Personal Care,15 10,Friday,581.01,CARD
CUST009802,1,Fashion,13 19,Tuesday,4690.56,UPI
CUST009803,6,Sports Fitness,04 10,Sunday,3421.38,CARD
CUST009804,2,Fashion,20 55,Sunday,1910.36,CARD
CUST009805,1,Fashion,15 29,Sunday,1846.65,CASH
CUST009806,2,Grocery,08 11,Thursday,2123.78,CARD
CUST009807,5,Books Stationery,20 15,Friday,1124.71,CASH
CUST009808,1,Electronics,06 57,Monday,45822.09,UPI
CUST009809,3,Grocery,06 04,Saturday,2425.67,CASH
CUST009810,4,Grocery,19 46,Monday,1674.66,CASH
CUST009811,5,Sports Fitness,14 39,Monday,10345.69,CARD
CUST009812,3,Home Kitchen,00 23,Saturday,3653.45,CARD
CUST009813,6,Food,04 46,Sunday,205.55,UPI
CUST009814,6,Fashion,02 59,Saturday,3151.86,UPI
CUST009815,2,Fashion,13 51,Monday,3643.03,CARD
CUST009816,5,Books Stationery,14 03,Monday,1811.85,CASH
CUST009817,6,Sports Fitness,23 08,Thursday,1171.55,UPI
CUST009818,1,Beauty Personal Care,09 59,Thursday,734.85,UPI
CUST009819,1,Fashion,16 45,Friday,2016.81,UPI
CUST009820,1,Fashion,01 35,Tuesday,2741.01,CARD
CUST009821,4,Healthcare,22 43,Friday,186.04,CARD
CUST009822,5,Healthcare,05 25,Saturday,4559.14,UPI
CUST009823,3,Home Kitchen,00 24,Tuesday,5152.07,CARD
CUST009824,2,Electronics,13 39,Monday,1019.50,CARD
CUST009825,4,Home Kitchen,08 12,Tuesday,2211.39,CASH
CUST009826,5,Beauty Personal Care,09 38,Saturday,1086.93,UPI
CUST009827,4,Fashion,07 46,Saturday,4571.90,CARD
CUST009828,6,Fashion,18 54,Friday,4707.49,CASH
CUST009829,5,Electronics,00 15,Saturday,31537.98,UPI
CUST009830,2,Electronics,14 05,Wednesday,37553.89,CASH
CUST009831,4,Home Kitchen,13 30,Friday,6489.99,CASH
CUST009832,6,Food,12 12,Tuesday,625.38,UPI
CUST009833,1,Grocery,22 53,Thursday,120.58,CARD
CUST009834,1,Sports Fitness,19 30,Friday,1555.17,CARD
CUST009835,6,Healthcare,18 23,Thursday,1131.81,CARD
CUST009836,3,Home Kitchen,12 39,Thursday,8382.04,CARD
CUST009837,1,Toys Games,04 02,Sunday,4400.84,UPI
CUST009838,1,Beauty Personal Care,14 25,Wednesday,2875.30,CARD
CUST009839,2,Fashion,07 29,Thursday,2178.53,CARD
CUST009840,5,Home Kitchen,06 10,Monday,3570.08,UPI
CUST009841,6,Beauty Personal Care,19 00,Monday,2783.51,CARD
CUST009842,3,Sports Fitness,19 27,Monday,4420.27,CARD
CUST009843,4,Sports Fitness,20 55,Sunday,7529.54,UPI
CUST009844,3,Food,14 07,Friday,653.39,UPI
CUST009845,4,Healthcare,21 32,Wednesday,4745.86,CARD
CUST009846,3,Beauty Personal Care,12 26,Sunday,2736.95,CARD
CUST009847,6,Healthcare,23 50,Monday,1256.32,CARD
CUST009848,1,Food,22 33,Monday,711.93,CARD
CUST009849,3,Books Stationery,04 37,Monday,1055.34,UPI
CUST009850,2,Food,21 56,Sunday,669.08,CASH
CUST009851,4,Electronics,14 26,Wednesday,10610.00,CARD
CUST009852,6,Toys Games,12 26,Sunday,4604.75,UPI
CUST009853,1,Books Stationery,20 27,Sunday,641.26,CARD
CUST009854,3,Books Stationery,04 07,Monday,1429.06,CARD
CUST009855,1,Food,01 21,Thursday,99.41,CARD
CUST009856,1,Books Stationery,00 25,Sunday,1833.74,CARD
CUST009857,6,Food,08 06,Friday,300.97,CASH
CUST009858,2,Sports Fitness,02 04,Monday,14199.31,CARD
CUST009859,4,Home Kitchen,07 00,Wednesday,2246.82,UPI
CUST009860,3,Sports Fitness,23 34,Sunday,5239.24,UPI
CUST009861,3,Food,09 25,Thursday,222.70,CARD
CUST009862,1,Beauty Personal Care,23 37,Sunday,1015.65,CASH
CUST009863,1,Books Stationery,05 46,Monday,364.91,CARD
CUST009864,3,Toys Games,17 09,Thursday,4904.27,CARD
CUST009865,5,Grocery,19 31,Monday,1664.47,CARD
CUST009866,6,Electronics,16 51,Monday,43443.34,CARD
CUST009867,3,Toys Games,00 56,Thursday,4153.92,CASH
CUST009868,4,Food,07 59,Thursday,514.47,CASH
CUST009869,3,Books Stationery,12 10,Monday,1108.22,CASH
CUST009870,1,Grocery,01 11,Wednesday,2124.57,UPI
CUST009871,2,Home Kitchen,20 53,Sunday,1226.60,UPI
CUST009872,2,Sports Fitness,00 08,Sunday,4547.12,CASH
CUST009873,1,Healthcare,19 46,Friday,458.27,UPI
CUST009874,5,Grocery,15 06,Saturday,1879.57,UPI
CUST009875,2,Sports Fitness,08 05,Wednesday,9188.75,UPI
CUST009876,5,Books Stationery,13 12,Friday,1501.84,CASH
CUST009877,6,Home Kitchen,16 06,Thursday,6462.07,CASH
CUST009878,2,Toys Games,22 18,Wednesday,2661.59,CARD
CUST009879,2,Healthcare,03 18,Saturday,2725.58,UPI
CUST009880,6,Home Kitchen,07 45,Saturday,5153.69,CARD
CUST009881,1,Grocery,22 38,Wednesday,996.95,UPI
CUST009882,1,Home Kitchen,16 36,Saturday,9224.27,CASH
CUST009883,6,Electronics,13 27,Wednesday,5963.27,UPI
CUST009884,1,Beauty Personal Care,06 44,Friday,2476.05,CARD
CUST009885,3,Electronics,21 18,Sunday,30795.42,UPI
CUST009886,1,Toys Games,19 56,Monday,1901.05,UPI
CUST009887,4,Healthcare,05 07,Wednesday,1185.01,CARD
CUST009888,4,Food,07 28,Thursday,88.61,UPI
CUST009889,6,Home Kitchen,08 42,Friday,1970.05,CASH
CUST009890,1,Food,23 23,Thursday,120.84,UPI
CUST009891,5,Beauty Personal Care,15 10,Tuesday,412.34,CASH
CUST009892,3,Healthcare,03 29,Monday,4700.03,CARD
CUST009893,1,Books Stationery,01 25,Wednesday,883.94,UPI
CUST009894,4,Electronics,11 18,Thursday,49169.99,CARD
CUST009895,6,Electronics,00 09,Sunday,25042.37,CASH
CUST009896,1,Fashion,06 12,Friday,850.09,CASH
CUST009897,4,Healthcare,15 41,Thursday,3920.89,CARD
CUST009898,6,Healthcare,09 02,Wednesday,4506.48,UPI
CUST009899,3,Electronics,09 39,Sunday,18225.64,UPI
CUST009900,1,Sports Fitness,14 45,Tuesday,7688.70,CARD
CUST009901,3,Home Kitchen,13 17,Monday,6054.10,UPI
CUST009902,6,Healthcare,22 28,Wednesday,2270.75,CARD
CUST009903,1,Toys Games,06 41,Thursday,1219.14,CASH
CUST009904,6,Grocery,14 28,Thursday,1753.88,CASH
CUST009905,3,Grocery,08 50,Monday,2923.61,CARD
CUST009906,5,Healthcare,15 39,Wednesday,881.85,CARD
CUST009907,4,Food,15 56,Thursday,541.40,CASH
CUST009908,2,Books Stationery,14 17,Friday,1379.07,CASH
CUST009909,1,Books Stationery,03 22,Friday,1438.73,CASH
CUST009910,2,Beauty Personal Care,22 21,Wednesday,377.19,CASH
CUST009911,1,Healthcare,02 27,Wednesday,3957.31,CASH
CUST009912,2,Sports Fitness,14 09,Thursday,2790.54,CASH
CUST009913,5,Beauty Personal Care,15 28,Thursday,455.53,CASH
CUST009914,4,Home Kitchen,15 29,Wednesday,3184.31,CARD
CUST009915,6,Home Kitchen,06 23,Thursday,1599.85,UPI
CUST009916,5,Sports Fitness,07 15,Tuesday,1448.49,CARD
CUST009917,4,Food,23 11,Sunday,784.91,CASH
CUST009918,4,Electronics,17 02,Saturday,42116.02,UPI
CUST009919,4,Books Stationery,16 06,Saturday,392.92,CARD
CUST009920,3,Books Stationery,08 54,Friday,152.67,UPI
CUST009921,6,Beauty Personal Care,09 55,Friday,1863.07,UPI
CUST009922,6,Toys Games,21 51,Friday,814.95,CARD
CUST009923,3,Healthcare,21 08,Saturday,2529.51,UPI
CUST009924,2,Toys Games,02 34,Monday,1489.48,UPI
CUST009925,6,Books Stationery,04 40,Saturday,1345.21,CASH
CUST009926,1,Food,23 52,Thursday,483.23,CARD
CUST009927,4,Electronics,13 48,Monday,35270.90,CASH
CUST009928,4,Home Kitchen,09 35,Wednesday,5056.93,UPI
CUST009929,5,Books Stationery,08 56,Saturday,954.39,CARD
CUST009930,2,Healthcare,10 33,Monday,1764.58,UPI
CUST009931,2,Food,04 09,Monday,622.84,UPI
CUST009932,5,Healthcare,18 07,Sunday,1110.94,CARD
CUST009933,6,Beauty Personal Care,07 01,Sunday,707.76,CARD
CUST009934,1,Sports Fitness,08 58,Sunday,9442.62,UPI
CUST009935,5,Electronics,05 13,Sunday,41889.53,CASH
CUST009936,4,Sports Fitness,19 16,Tuesday,1298.77,UPI
CUST009937,5,Beauty Personal Care,17 12,Monday,1313.69,CASH
CUST009938,4,Home Kitchen,12 06,Saturday,2454.17,UPI
CUST009939,2,Grocery,23 19,Tuesday,2172.75,CARD
CUST009940,4,Books Stationery,15 50,Sunday,1098.63,CARD
CUST009941,3,Food,09 43,Saturday,447.36,UPI
CUST009942,2,Toys Games,12 40,Tuesday,4119.89,CASH
CUST009943,4,Healthcare,13 36,Sunday,2289.14,UPI
CUST009944,6,Food,10 10,Tuesday,358.28,UPI
CUST009945,2,Electronics,19 01,Thursday,45078.63,CASH
CUST009946,1,Grocery,02 16,Saturday,2357.31,CARD
CUST009947,3,Toys Games,09 53,Tuesday,947.65,CARD
CUST009948,1,Food,15 39,Monday,79.47,CASH
CUST009949,4,Fashion,16 59,Thursday,4271.11,CASH
CUST009950,3,Fashion,10 01,Thursday,3279.10,CARD
CUST009951,3,Books Stationery,02 11,Tuesday,1203.00,CARD
CUST009952,1,Food,15 33,Tuesday,406.32,CASH
CUST009953,2,Electronics,16 48,Saturday,20754.60,CASH
CUST009954,3,Books Stationery,20 11,Friday,469.02,CASH
CUST009955,5,Home Kitchen,08 02,Friday,2032.14,CARD
CUST009956,5,Grocery,14 28,Sunday,1862.13,CASH
CUST009957,5,Fashion,01 34,Friday,4735.58,CASH
CUST009958,5,Books Stationery,13 43,Friday,1346.72,UPI
CUST009959,5,Food,12 23,Sunday,272.09,CARD
CUST009960,4,Toys Games,04 38,Wednesday,2565.94,UPI
CUST009961,5,Healthcare,17 57,Wednesday,1717.94,UPI
CUST009962,4,Electronics,22 58,Tuesday,48837.25,UPI
CUST009963,3,Fashion,21 54,Saturday,1492.12,CASH
CUST009964,5,Food,00 09,Monday,620.77,UPI
CUST009965,6,Healthcare,11 05,Wednesday,3810.04,CASH
CUST009966,5,Home Kitchen,13 09,Tuesday,1162.49,CARD
CUST009967,4,Food,06 21,Friday,408.66,CARD
CUST009968,3,Food,06 09,Monday,272.01,UPI
CUST009969,6,Food,17 30,Tuesday,200.37,CASH
CUST009970,4,Fashion,22 35,Saturday,3859.38,CASH
CUST009971,3,Books Stationery,14 35,Wednesday,838.47,CASH
CUST009972,1,Electronics,08 24,Wednesday,24967.19,CASH
CUST009973,1,Toys Games,02 14,Sunday,3285.53,CARD
CUST009974,1,Home Kitchen,20 58,Monday,4413.74,CASH
CUST009975,5,Food,23 26,Sunday,108.14,UPI
CUST009976,2,Home Kitchen,02 44,Tuesday,5746.28,UPI
CUST009977,1,Healthcare,06 02,Wednesday,3220.60,UPI
CUST009978,3,Toys Games,16 40,Friday,3921.29,CASH
CUST009979,1,Fashion,01 58,Wednesday,1674.14,CASH
CUST009980,4,Food,05 19,Saturday,267.92,UPI
CUST009981,3,Fashion,03 39,Friday,4238.40,CARD
CUST009982,6,Sports Fitness,18 22,Thursday,2506.22,CASH
CUST009983,2,Beauty Personal Care,10 56,Saturday,456.40,UPI
CUST009984,3,Fashion,17 13,Friday,1197.64,CARD
CUST009985,2,Home Kitchen,18 21,Monday,9529.20,CARD
CUST009986,6,Beauty Personal Care,23 46,Wednesday,1905.63,CASH
CUST009987,5,Electronics,03 35,Friday,49955.83,CARD
CUST009988,3,Electronics,21 39,Friday,34769.15,CARD
CUST009989,4,Fashion,23 49,Tuesday,846.35,CASH
CUST009990,5,Sports Fitness,08 14,Tuesday,11757.86,CARD
CUST009991,6,Beauty Personal Care,17 33,Thursday,2744.38,CASH
CUST009992,4,Books Stationery,08 15,Tuesday,1575.12,CARD
CUST009993,6,Beauty Personal Care,15 28,Tuesday,2032.61,UPI
CUST009994,2,Electronics,05 23,Monday,43074.30,CASH
CUST009995,6,Toys Games,04 43,Friday,1921.93,UPI
CUST009996,2,Home Kitchen,12 50,Sunday,6848.01,CARD
CUST009997,2,Fashion,18 37,Sunday,2005.60,CARD
CUST009998,3,Healthcare,07 12,Wednesday,685.16,CASH
CUST009999,5,Beauty Personal Care,21 43,Monday,261.48,CASH
CUST010000,5,Beauty Personal Care,01 23,Wednesday,2339.96,UPI
